,coin,start,end,duration,age,region,industry,team,raised,hardcap,success,price,telegram,N_google_news,N_twitter,hype,ret_ico_to_day_one,vol_day1,sharpe_1,sharpe_3,sharpe_yr,sharpe_yr2,beta_btc,beta_top10,alpha_btc
0,eos,11-Jun-17,26-Jun-17,15,347,1,0,4.0,185000000.0,125383150.31178431,,0.99,58506.0,2.0,24188.36461509275,0.7,0.02,13613000.0,0.19,0.09,1.35,1.32,0.073,1.32,0.015
1,iota,24-Nov-17,20-Dec-17,26,170,12,4,11.78575519762246,13881450.0,34566584.30097836,,0.9121706080373091,2.0,3.0,15791.638211498579,0.32,0.0,25425600.0,-0.2,0.12,1.83,1.76,0.067,-0.191,0.006999999999999999
2,tron,07-Sep-17,08-Sep-17,1,273,3,0,1.0,70000000.0,70000000.0,1.0,0.0019,99358.0,1.0,24188.36461509275,0.62,0.046,48512.0,0.15,0.09,1.5,1.46,-0.073,2.2030000000000003,0.025
3,neo,08-Aug-17,07-Sep-17,30,274,3,0,16.0,28056944.0,42227032.326398775,,0.03,4.0,2.0,321810.0,0.76,17.616,1349.0,0.12,0.08,1.33,1.3,0.04,-0.665,0.017
4,qtum,12-Mar-17,17-Mar-17,5,448,7,0,18.0,15000000.0,15000000.0,1.0,0.3,14064.0,1.0,166554.0,0.5124599738064687,19.633,11221600.0,0.23,0.06,0.98,0.98,0.071,-0.643,0.008
5,omisego,23-Jun-17,23-Jul-17,30,320,7,2,5.0,25000000.0,25000000.0,1.0,0.23,16916.23900268034,1.0,279748.0,0.5749858098677566,1.5330000000000001,750698.0,0.37,0.31,4.86,4.86,-0.06,-1.286,0.015
6,icon,22-Sep-17,22-Sep-17,0,259,8,6,41.0,42750000.0,42750000.0,1.0,0.11,21041.0,1.0,105421.0,0.5,3.5189999999999997,71509.0,0.34,0.32,5.1,5.1,-0.08800000000000001,-0.28600000000000003,0.016
7,zilliqa,27-Dec-17,04-Jan-18,8,155,12,0,14.814468785436812,22000000.0,22000000.0,1.0,0.0038,30346.0,2.0,15078.901689143211,0.74,34.8,4921770.0,-0.37,-0.14,-2.21,-2.21,-0.35600000000000004,-0.5,0.003
8,aeternity,29-May-17,19-Jun-17,21,354,5,4,15.0,24426689.0,36702382.78901221,,0.28,16916.23900268034,1.0,277.0,0.5840531301291946,1.484,1518.0,0.39,0.09,1.42,1.42,0.026000000000000002,0.39299999999999996,0.017
9,0x,15-Aug-17,15-Sep-17,31,266,1,4,6.0,24000000.0,24000000.0,1.0,0.07,16916.23900268034,4.0,45306.0,0.5840531301291946,2.206,5232600.0,0.23,0.12,1.97,1.97,-0.255,-1.107,0.015
10,bytom,20-Jun-17,20-Jul-17,30,323,3,4,5.0,22554000.0,34566584.30097836,,0.05,16916.23900268034,1.0,17937.0,0.5840531301291946,1.256,7543670.0,0.18,0.05,0.77,0.77,-0.085,-1.893,0.013000000000000001
11,golem,13-Nov-16,13-Nov-16,0,572,5,4,15.0,8000000.0,8000000.0,1.0,0.01,593.0,1.0,140331.0,0.4921636783561435,70.057,30652400.0,-0.26,-2.07,-4.14,-4.14,0.65,2.532,-0.003
12,wanchain,01-Oct-17,01-Nov-17,31,219,3,7,42.0,35990000.0,35990000.0,1.0,0.34,47045.0,1.0,105550.0,0.54,11.382,189439000.0,0.18,0.06,0.96,1.14,-0.574,-5.681,0.003
13,augur,17-Aug-15,01-Oct-15,45,981,1,4,13.0,5000000.0,6250000.0,0.8,0.6,7348.945986307265,1.0,436.0,0.4921636783561435,1.45,728.0,0.09,0.14,2.18,2.42,0.026000000000000002,-0.489,0.009000000000000001
14,populous,24-Jul-17,24-Jul-17,0,319,4,2,5.0,10220400.0,1022040000.0,0.01,0.25,7348.945986307265,1.0,23313.0,0.82,12.32,2704070.0,0.2,0.11,1.69,1.78,-0.059000000000000004,-5.34,0.012
15,digixdao,29-Mar-16,30-Mar-16,1,800,7,4,12.900139161615929,55000004.0,45931858.05932918,,4.2,18986.10291817741,1.0,15489.0,0.6818056323781315,6.542999999999999,1900.0,-0.05,-0.01,-0.14,-0.03,0.033,-0.9570000000000001,0.006
16,status,20-Jun-17,20-Jun-17,0,353,6,4,12.0,10000000.0,18035526.83829695,,0.04,7348.945986307265,3.0,102631.0,0.4921636783561435,0.40399999999999997,13747700.0,-0.21,0.04,0.66,0.75,0.157,-0.9570000000000001,0.008
17,aion,24-Nov-17,24-Dec-17,30,166,12,7,8.0,13881450.0,34566584.30097836,,1.0,11387.0,0.0,66020.0,0.4587431997303549,-0.374,20958.0,0.12,0.22,3.46,3.52,-0.133,-5.468,0.017
18,nebulas,08-Dec-17,16-Dec-17,8,174,1,4,19.0,60000000.0,60000000.0,1.0,2.0,12023.0,1.0,22937.0,0.76,1.17,995797.0,-0.17,0.17,2.64,2.6,-0.138,-2.244,0.011000000000000001
19,loopring,01-Aug-17,16-Aug-17,15,296,3,4,3.0,45000000.0,45000000.0,1.0,0.06,18986.10291817741,1.0,42882.0,0.6,0.747,200829.0,-0.05,0.12,1.93,2.02,-0.147,-0.213,0.013999999999999999
20,komodo,15-Oct-16,16-Nov-16,32,569,12,4,12.100648412515675,1983781.0,15412846.790607298,,0.38,5395.366926923923,1.0,90376.0,0.4554367842398232,-0.708,22487.0,0.02,0.12,1.88,1.9,-0.004,-3.404,0.021
21,ark,05-Nov-16,09-Dec-16,34,546,12,0,14.814468785436812,22000000.0,34566584.30097836,,0.1,44.0,1.0,15078.901689143211,0.5840531301291946,-0.657,133793.0,0.32,0.26,4.19,4.29,-0.16699999999999998,-2.319,0.017
22,elastos,01-Jan-18,22-Jan-18,21,137,3,7,58.0,94073200.0,94073200.0,1.0,18.09,17224.0,2.0,22911.0,0.62,1.2590000000000001,33745700.0,0.19,-0.02,-0.34,-0.19,-0.44299999999999995,1.83,0.004
23,bancor,12-Jun-17,12-Jun-17,0,361,12,4,6.0,15300000.0,34566584.30097836,,3.92,6673.0,10.0,839.0,0.5124599738064687,4.0969999999999995,16871.0,-0.16,-0.07,-1.04,-0.94,-0.004,-1.83,0.001
24,cybermiles,21-Nov-17,21-Dec-17,30,169,1,4,9.0,30881582.0,30881582.0,1.0,0.1,68841.0,5.0,242455.0,0.62,0.8059999999999999,12580000.0,-0.09,0.01,0.22,0.31,-0.015,-4.277,0.006
25,cryptonex,01-Sep-17,30-Sep-17,29,251,12,7,11.78575519762246,13881450.0,34566584.30097836,,0.9121706080373091,2292.0,0.0,15791.638211498579,0.4587431997303549,0.0,79554.0,-0.03,0.12,1.88,1.98,-0.222,1.17,0.009000000000000001
26,dentacoin,01-Oct-17,01-Nov-17,31,219,5,3,19.0,1923507.0,27478671.0,0.07,0.0,1462.0,6.0,110.0,0.6,0.0,228296.0,0.04,0.06,0.94,1.01,-0.19,-0.638,0.024
27,kyber-network,15-Sep-17,17-Sep-17,2,264,7,7,7.0,13881450.0,34566584.30097836,,0.9121706080373091,7348.945986307265,1.3894606962523557,15791.638211498579,0.4587431997303549,0.0,16343900.0,-0.15,-0.08,-1.21,-0.99,-0.128,-2.553,0.004
28,fusion,01-Feb-18,10-Feb-18,9,118,7,2,20.0,42185216.0,42185216.0,1.0,2.06,10891.0,4.0,8042.0,0.4,0.5920000000000001,1440790.0,-0.04,0.12,1.87,2.03,-0.207,-4.574,0.01
29,veritaseum,25-Apr-17,26-May-17,31,378,1,0,2.0,6480882.0,18035526.83829695,,12.0,1819.0,1.0,23382.0,0.4921636783561435,3.0469999999999997,450758.0,0.22,0.13,2.02,2.02,-259.652,-0.46799999999999997,189.928
30,substratum,14-Aug-17,14-Sep-17,31,267,1,0,6.0,13800000.0,44516129.0,0.31,0.07,12628.0,2.0,1159.0,0.4,-0.33299999999999996,41819.0,0.29,0.28,4.47,4.57,-0.24600000000000002,-5.106,0.017
31,theta-token,07-Jan-18,07-Jan-18,0,152,12,0,13.474824209645888,20000000.0,20000000.0,1.0,0.12,13416.0,2.2946645354714295,15078.901689143211,0.6,0.527,10023000.0,0.05,0.06,0.99,1.11,-0.11900000000000001,8.894,0.009000000000000001
32,electroneum,14-Sep-17,20-Oct-17,36,231,4,0,15.0,39934610.0,39934610.0,1.0,0.01,49486.0,1.0,125454.0,0.44,6.736000000000001,2464330.0,-0.13,0.08,1.26,1.34,0.092,-1.66,0.001
33,dragonchain,02-Oct-17,02-Nov-17,31,218,1,4,8.0,13700000.0,16707317.0,0.82,0.07,7348.945986307265,8.0,75624.0,0.3,2.853,1142060.0,0.37,0.26,4.08,4.17,0.107,-3.298,0.012
34,dropil,07-Feb-18,07-Mar-18,28,93,1,2,6.0,60000000.0,45931858.05932918,,2.5079329541193998,729.0,1.0,6860.0,0.6818056323781315,0.0,78904.0,-0.05,0.06,0.99,1.15,0.036000000000000004,2.298,0.006
35,holo,29-Mar-18,28-Apr-18,30,41,7,5,8.0,20388500.0,20388500.0,1.0,0.0002,8041.0,4.0,5201.0,0.5747200992762,2.84,5764530.0,0.26,2.05,4.1,4.21,0.588,-5.17,0.017
36,kin,12-Sep-17,26-Sep-17,14,255,1,4,7.0,48594816.0,74761255.0,0.65,0.0,18986.10291817741,1.0,24994.0,0.58,0.0,372049.0,-0.08,-0.01,-0.17,-0.02,-0.14300000000000002,-1.298,0.012
37,storm,07-Nov-17,07-Dec-17,30,183,1,2,8.0,30716420.0,30716420.0,1.0,0.0113,9923.0,1.0,27350.0,0.5749858098677566,0.43,330757.0,0.68,0.15,2.39,2.47,-0.24,-2.574,0.017
38,bnktothefuture,16-Feb-18,16-Mar-18,28,84,12,2,10.0,33000000.0,42227032.326398775,,0.1,17669.3941368154,4.0,29101.84997741159,0.58,-0.22,40890.0,0.31,0.2,3.11,3.25,0.01,1.489,0.018000000000000002
39,power-ledger,08-Sep-17,06-Oct-17,28,245,9,10,17.0,13232290.0,34566584.30097836,,0.09,16476.0,3.0,937.0,0.4,-0.381,1017460.0,0.51,0.32,5.09,5.16,0.055,-2.532,0.016
40,deepbrain-chain,15-Dec-17,15-Dec-17,0,175,7,7,12.100648412515675,11755200.0,11755200.0,1.0,0.0158,12806.0,2.249808359844698,15791.638211498579,0.4921636783561435,4.813,18387700.0,0.29,0.09,1.36,1.45,-0.28600000000000003,-0.66,0.008
41,gifto,14-Dec-17,14-Dec-17,0,176,3,1,13.0,10000000.0,10000000.0,1.0,0.1,55411.0,4.0,17116.0,0.48,2.489,44959800.0,0.32,0.12,1.93,2.01,-0.07400000000000001,-2.681,0.006999999999999999
42,iexec-rlc,17-Apr-17,10-May-17,23,394,12,7,8.0,12000000.0,34566584.30097836,,0.17800000000000002,7348.945986307265,2.249808359844698,15791.638211498579,0.4921636783561435,0.0,,,,,,,,
43,salt,01-Aug-17,15-Aug-17,14,297,12,2,14.880105980735289,48500000.0,48500000.0,1.0,0.89,801.0,3.039308979752699,24188.36461509275,0.6043889604030265,3.8760000000000003,4174650.0,-0.17,0.0,0.08,0.2,-0.083,-3.8089999999999997,0.0
44,decentraland,08-Aug-17,08-Aug-17,0,304,10,1,13.0,24137000.0,24137000.0,1.0,0.02,16916.23900268034,1.0,3.0,0.7,0.237,688849.0,-0.21,-0.01,-0.19,-0.08,-0.12,-0.489,0.015
45,monaco,18-May-17,18-Jun-17,31,355,6,2,4.0,26700000.0,267000000.0,0.1,2.88,7401.0,4.0,65303.0,0.78,-0.142,1549870.0,-0.1,0.2,3.1,3.15,0.048,-1.5959999999999999,0.013999999999999999
46,storj,19-May-17,25-May-17,6,379,1,4,15.0,30000000.0,30000000.0,1.0,0.5,16916.23900268034,1.0,83838.0,0.5749858098677566,0.09699999999999999,211542.0,0.08,0.11,1.71,1.78,-0.015,0.0,0.009000000000000001
47,civic,21-Jun-17,22-Jun-17,1,351,1,4,2.0,33000000.0,33000000.0,1.0,0.1,8904.0,6.0,87681.0,0.5749858098677566,0.767,9750800.0,0.18,0.14,2.26,2.36,-0.244,-1.426,0.009000000000000001
48,neblio,06-Aug-17,20-Aug-17,14,292,1,2,2.0,14834923.0,211927471.0,0.07,0.2,7721.3237065145195,1.0,15791.638211498579,0.44,2.146,257746.0,0.2,0.24,3.77,3.86,-0.11,1.319,0.022000000000000002
49,tenx,24-Jun-17,24-Jun-17,0,349,7,2,10.0,80000000.0,62120448.854534075,,0.87,116.0,3.0,1728.0,0.74,53.943000000000005,303595.0,0.05,0.16,2.47,2.53,-0.136,-0.5529999999999999,0.006999999999999999
50,nexo,17-Mar-18,15-Apr-18,29,54,6,2,18.0,52500000.0,52500000.0,1.0,0.1,63447.0,1.0,24188.36461509275,0.7,0.85,3226150.0,0.04,0.34,0.68,0.8,-0.703,-4.17,0.0
51,quantstamp,17-Nov-17,16-Dec-17,29,174,1,2,10.0,31320000.0,31320000.0,1.0,0.07,24013.0,1.0,45698.569753531,0.56,0.304,28481900.0,0.18,0.23,3.59,3.67,-0.326,-5.021,0.012
52,dent,12-Jul-17,26-Jul-17,14,317,3,5,8.0,1923507.0,27478671.0,0.07,0.0,1462.0,1.0,36484.0,0.4554367842398232,0.0,71565.0,0.16,0.1,1.65,1.71,-0.163,-2.447,0.03
53,revain,21-Aug-17,04-Sep-17,14,277,2,4,11.0,12513346.0,12513346.0,1.0,0.05,2352.0,1.0,6488.0,0.46,0.5579999999999999,107140.0,0.26,0.38,6.0,6.12,0.08900000000000001,0.447,0.013999999999999999
54,iconomi,25-Aug-16,29-Sep-16,35,617,5,4,26.0,10000000.0,11764706.0,0.85,0.11,7348.945986307265,2.0,923.0,0.4921636783561435,1.433,14652.0,0.13,0.1,1.6,1.67,-0.096,-0.596,0.01
55,singularitynet,19-Dec-17,19-Dec-17,0,171,6,4,9.0,32847814.0,32847814.0,1.0,0.1,15776.0,2.0,17182.0,0.5749858098677566,14.2,17465100.0,0.09,0.0,0.08,0.14,-0.146,-11.085,0.002
56,time-new-bank,18-Nov-17,23-Nov-17,5,197,7,4,10.0,14360000.0,14360000.0,1.0,0.02,27057.0,0.0,15791.638211498579,0.47542595835104456,0.7609999999999999,10625600.0,0.34,0.2,3.17,3.25,-0.149,-1.128,0.009000000000000001
57,request-network,13-Oct-17,17-Oct-17,4,234,5,2,7.0,33600000.0,33600000.0,1.0,0.06,13848.0,1.0,770.0,0.36,0.013000000000000001,5914220.0,0.13,0.27,4.23,4.35,-0.18899999999999997,-2.957,0.01
58,cindicator,12-Sep-17,12-Oct-17,30,239,2,0,12.0,15000000.0,15000000.0,1.0,0.01,7942.0,5.0,39409.0,0.68,1.258,971989.0,-0.44,0.06,0.89,1.02,-0.14300000000000002,-2.298,0.013999999999999999
59,lympo,17-Feb-18,28-Feb-18,11,100,5,1,11.0,16857899.0,16857899.0,1.0,0.0217,13220.0,3.0,6848.0,0.5124599738064687,-0.258,176692.0,0.26,0.21,3.41,3.53,-0.122,-0.085,0.026000000000000002
60,arcblock,03-Feb-18,03-Feb-18,0,125,1,0,4.0,45000000.0,45000000.0,1.0,0.5,38122.0,5.0,33939.0,0.72,1.54,94865600.0,-0.38,0.07,1.09,1.29,-0.076,-1.4040000000000001,0.0
61,aragon,17-May-17,17-May-17,0,387,5,4,2.0,25000000.0,39878621.08177208,,0.74,16916.23900268034,1.0,6858.0,0.5749858098677566,1.054,2745280.0,0.28,0.09,1.43,1.55,0.01,0.23399999999999999,0.006
62,enjin-coin,03-Oct-17,31-Oct-17,28,220,7,1,8.0,22959609.0,24956097.0,0.92,0.03,13153.0,1.0,15078.901689143211,0.5840531301291946,-0.332,742008.0,0.02,0.28,4.4,4.5,-0.146,-0.085,0.015
63,bluzelle,18-Jan-18,02-Feb-18,15,126,7,4,10.0,19500000.0,19500000.0,1.0,0.12,23125.0,4.0,33274.0,0.96,4.648,41214300.0,0.11,0.0,-0.02,0.12,-0.643,-5.043,0.005
64,gnosis,24-Apr-17,24-Apr-17,0,410,5,4,10.0,12500000.0,12500000.0,1.0,29.85,7348.945986307265,2.0,69037.0,0.4921636783561435,-1.0,22984.0,-0.01,-0.02,-0.32,-0.27,0.414,7.064,0.005
65,poa-network,17-Nov-17,17-Nov-17,0,203,1,4,19.0,12500000.0,12500000.0,1.0,0.07,10771.0,1.0,306.0,0.4921636783561435,8.064,79376200.0,-0.34,0.06,0.99,1.12,-0.353,-0.149,-0.001
66,particl,16-Mar-17,12-Apr-17,27,422,12,7,7.02733916083916,750000.0,11582610.615360258,,1.0,5395.366926923923,1.0,11644.179146630078,0.40649005597826066,5.95,983921.0,-0.06,0.08,1.26,1.41,-0.21100000000000002,-1.681,0.006999999999999999
67,smartmesh,29-Nov-17,28-Dec-17,29,162,7,4,9.0,15691200.0,16872258.0,0.93,0.02,21538.0,1.0,3798.0,0.5124599738064687,0.56,1131310.0,0.39,0.15,2.32,2.4,0.046,1.426,0.012
68,bottos,31-Dec-17,30-Jan-18,30,129,12,7,11.78575519762246,13881450.0,34566584.30097836,,0.1,7348.945986307265,1.0,15791.638211498579,0.42,2.296,18592600.0,-0.1,-0.12,-1.97,-1.83,-0.16699999999999998,-3.489,0.001
69,metal,09-Jun-17,09-Jun-17,0,364,1,0,7.0,13881450.0,34566584.30097836,1.0,0.18,204.0,0.0,33088.0,0.4587431997303549,8.277999999999999,2843520.0,0.35,0.3,4.71,4.81,-0.237,0.064,0.01
70,storiqa,28-Nov-17,29-Jan-18,62,130,3,4,11.0,25000000.0,25000000.0,1.0,0.0,34981.0,1.0,12924.0,0.2,0.0,271889.0,-0.09,0.11,1.8,1.96,-0.03,15.085,0.019
71,thekey,15-Jan-18,15-Jan-18,0,144,3,7,15.0,22000000.0,22000000.0,1.0,0.0352,73963.0,2.0,30153.0,0.7,-0.18600000000000003,9008350.0,0.0,-0.07,-1.09,-0.91,-0.282,-3.0,-0.001
72,ignis,05-Aug-17,14-Oct-17,70,237,5,7,3.0,15000000.0,21739130.0,0.69,1.05,8288.672452034232,2.0,27292.0,0.52,1.2,18762.0,0.26,0.07,1.16,1.19,-1.217,-3.298,0.006999999999999999
73,sophiatx,07-Dec-17,17-Dec-17,10,173,6,4,21.0,23470356.0,80932262.0,0.29,0.46,5484.0,2.0,16002.0,0.72,-0.01,2148170.0,0.35,0.08,1.19,1.3,-0.12300000000000001,-0.9570000000000001,0.004
74,sonm,15-Jun-17,19-Jun-17,4,354,2,4,13.0,42000000.0,45931858.05932918,,0.59,7985.0,9.0,273.0,0.5749858098677566,-0.11599999999999999,86186.0,-0.56,-0.1,-1.66,-1.55,-0.081,-3.1489999999999996,0.005
75,pillar,15-Jul-17,17-Jul-17,2,326,4,4,30.0,20000000.0,34566584.30097836,,0.1,761.0,1.0,12757.0,0.5647434462427986,-0.256,101274.0,0.24,0.07,1.03,1.16,-0.151,0.426,0.011000000000000001
76,blockv,19-Oct-17,25-Oct-17,6,226,1,4,18.0,21599100.0,39998333.0,0.54,0.42,3724.0,1.0,6528.0,0.6,-0.948,492028.0,0.34,0.23,3.6,3.69,-0.021,-3.34,0.01
77,credits,15-Feb-18,28-Feb-18,13,100,7,4,9.0,22570394.0,22570394.0,1.0,0.17,27946.0,6.0,19793.0,0.88,1.4,3014620.0,0.28,0.17,2.64,2.64,0.027000000000000003,-4.0,0.01
78,crypterium,31-Oct-17,14-Jan-18,75,145,5,2,15.0,51656963.0,51656963.0,1.0,1.5,33884.0,10.0,16520.0,0.82,0.54,183715.0,-0.38,-0.05,-0.75,-0.75,-0.298,-11.0,-0.003
79,genesis-vision,15-Oct-17,15-Nov-17,31,205,2,2,10.0,2836732.0,23639433.0,0.12,1.0,8103.0,8.0,19526.0,0.5,1.68,683667.0,0.39,0.27,4.32,4.32,-0.042,-6.5,0.019
80,ambrosus,22-Sep-17,22-Oct-17,30,229,6,3,20.0,32507330.0,98507061.0,0.33,0.29,4235.0,5.0,17165.0,0.82,-0.45,35697.0,0.1,0.12,1.92,1.88,0.213,0.885,0.011000000000000001
81,boscoin,09-May-17,10-May-17,1,394,12,0,17.0,17920000.0,34566584.30097836,,0.044000000000000004,14851.802682820096,5.0,15078.901689143211,0.5401628840974978,18.93,27934.0,0.19,0.19,3.05,3.05,-0.052000000000000005,-6.0,0.002
82,origintrail,15-Jan-18,17-Jan-18,2,142,5,4,11.0,21513600.0,21513600.0,1.0,0.1,10077.0,5.0,552.0,0.42,1.364,3901170.0,0.19,0.06,0.93,0.93,-0.18899999999999997,-3.5,0.009000000000000001
83,crypto20,16-Oct-17,30-Nov-17,45,190,1,2,6.0,37698373.0,75396746.0,0.5,1.1,18986.10291817741,1.0,9643.0,0.6,2.373,5672340.0,-0.21,-0.19,-3.06,-3.15,-0.105,-0.862,-0.005
84,docademic,29-Jan-18,15-Apr-18,76,54,10,3,13.0,1100000.0,11582610.615360258,,0.8279986571179905,7324.0,1.0,20560.0,0.26,0.0,716822.0,0.42,3.36,6.72,6.72,2.8280000000000003,23.5,0.122
85,apex,01-Jan-18,28-Jan-18,27,131,12,0,14.19262060061833,25000000.0,25000000.0,1.0,0.16,15768.0,1.0,96000.26118449858,0.4,0.055,9262900.0,0.4,3.21,6.42,6.42,-0.423,-7.5,-0.002
86,tokenpay,07-Dec-17,17-Jan-18,41,142,7,0,10.0,40948500.0,40948500.0,1.0,6.0,17600.0,1.0,24188.36461509275,0.5749858098677566,-0.66,1515520.0,0.43,0.16,2.5,2.5,-0.376,-8.5,0.028999999999999998
87,jibrel-network,27-Nov-17,01-Jan-18,35,158,6,0,9.0,30000000.0,30000000.0,1.0,0.25,2165.0,5.0,6531.0,0.68,0.6890000000000001,10089800.0,0.06,-0.1,-1.64,-1.64,-0.509,-4.5,0.002
88,cube,16-Feb-18,15-Mar-18,27,85,4,4,12.0,13881450.0,34566584.30097836,,0.9121706080373091,1620.0,0.0,5999.0,0.26,0.0,6757530.0,-0.13,0.0,0.04,0.04,-0.136,-3.5,-0.005
89,eximchain,01-Feb-18,13-Feb-18,12,115,12,0,16.0,20000000.0,20000000.0,1.0,0.33,10982.0,2.2946645354714295,15078.901689143211,0.34,1.01,185434.0,0.8,1.39,2.79,2.79,-0.135,-5.0,0.015
90,bread,16-Dec-17,24-Dec-17,8,166,6,0,6.0,20021300.0,20021300.0,1.0,0.78,46002.0,2.0,54623.0,0.6,1.423,56455400.0,0.23,-0.03,-0.47,-0.47,-0.066,-5.5,-0.002
91,ethlend,25-Nov-17,30-Nov-17,5,190,5,0,25.0,17860000.0,17860000.0,1.0,0.02,18962.0,4.0,46751.0,0.5,-0.069,728686.0,0.43,0.26,4.09,4.09,-0.299,-7.5,0.013999999999999999
92,telcoin,11-Dec-17,30-Dec-17,19,160,8,0,19.0,25000000.0,25000000.0,1.0,0.001,20972.0,2.0,25566.0,0.4,5.031000000000001,842193.0,0.04,-0.05,-0.81,-0.81,-0.29100000000000004,-8.0,-0.002
93,tokenomy,15-Jan-18,05-Feb-18,21,123,12,0,17.0,22869000.0,34566584.30097836,,0.8604840901386183,2352.0,1.0,46.0,0.64,0.0,2372070.0,-0.57,-0.12,-1.94,-1.94,-0.02,-10.0,-0.002
94,red-pulse,08-Oct-17,08-Oct-17,0,243,3,2,11.0,14508923.0,14508923.0,1.0,0.03,6373.0,2.0,33199.0,0.4959173562005068,0.8490000000000001,5395350.0,-0.05,0.23,3.57,3.57,-0.242,-8.5,0.011000000000000001
95,wagerr,01-Jun-17,25-Jun-17,24,348,10,4,6.0,10000000.0,18035526.83829695,,0.06,7348.945986307265,1.0,17116.0,0.4921636783561435,0.141,120805.0,0.14,0.12,1.87,1.87,-0.233,-1.0,0.011000000000000001
96,eidoo,04-Oct-17,16-Oct-17,12,235,6,4,5.0,27676992.0,51253689.0,0.54,2.3,5431.0,3.0,25857.0,0.5749858098677566,0.035,39128.0,-0.02,0.15,2.37,2.37,-0.16399999999999998,-7.5,0.004
97,edgeless,28-Feb-17,21-Mar-17,21,444,12,4,12.100648412515675,2000000.0,15412846.790607298,,0.04,1283.0,1.0,40104.0,0.5039115044430998,-0.23,18692.0,0.26,0.18,2.87,2.87,0.03,-5.0,0.013999999999999999
98,adex,30-Jun-17,30-Jun-17,0,343,2,2,16.0,10000000.0,10000000.0,1.0,0.24,4554.0,2.0,56645.0,0.4921636783561435,3.089,18016700.0,-0.27,-2.15,-4.3,-4.3,-0.042,-6.0,-0.013000000000000001
99,babb,06-Feb-18,06-Mar-18,28,94,4,2,13.0,20000000.0,20000000.0,1.0,0.0,14279.0,2.0,10643.0,0.66,0.0,286765.0,-0.01,0.23,3.64,3.64,-0.377,-3.5,0.023
100,paypie,15-Oct-17,16-Oct-17,1,235,1,4,11.0,26000000.0,26000000.0,1.0,0.37,4221.0,1.0,7818.0,0.5749858098677566,-0.02,256062.0,0.06,0.15,2.35,2.35,0.008,-25.0,0.013000000000000001
101,bitrent,01-Dec-17,31-Mar-18,120,69,4,4,19.0,14627210.0,34566584.30097836,,0.06,12849.0,1.0,6635.0,0.74,-0.336,156399.0,0.27,0.05,0.75,0.75,-0.12,-1.0,0.006999999999999999
102,tokencard,02-May-17,02-May-17,0,402,4,2,8.0,12782000.0,12782000.0,1.0,0.54,3.0,1.0,18986.0,0.4921636783561435,0.9259999999999999,416619.0,0.06,0.01,0.19,0.19,-0.105,-9.0,0.008
103,airswap,10-Oct-17,10-Nov-17,31,210,1,2,4.0,12600000.0,12600000.0,1.0,0.3,4371.0,3.0,15791.638211498579,0.4921636783561435,0.345,3654270.0,-0.15,0.06,0.95,0.95,-0.067,-7.0,0.005
104,singulardtv,02-Oct-16,02-Oct-16,0,614,1,4,12.100648412515675,7500000.0,18035526.83829695,,0.02,330.0,1.0,37387.0,0.4921636783561435,-0.067,165271.0,-0.14,-0.11,-1.72,-1.72,-0.098,-7.0,0.009000000000000001
105,zebi,05-Mar-18,31-Mar-18,26,69,7,2,17.0,8561100.0,8561100.0,1.0,0.0333,15105.0,2.0,16850.0,0.46,2.483,5412550.0,0.14,1.11,2.22,2.22,-0.505,-7.5,-0.006
106,wings,18-Nov-16,06-Jan-17,49,518,6,4,14.0,1706156.0,2274875.0,0.75,0.03,5395.366926923923,1.0,634.0,0.43663006961152584,-0.287,1601.0,0.34,0.21,3.4,3.4,-0.02,-6.0,0.013999999999999999
107,district0x,18-Jul-17,01-Aug-17,14,311,1,4,8.0,9000000.0,18035526.83829695,,0.02,7348.945986307265,1.0,59503.0,0.4921636783561435,-0.22,30593.0,0.46,0.16,2.56,2.56,-0.163,-8.0,0.015
108,legolas-exchange,01-Feb-18,15-Feb-18,14,113,5,0,9.0,18856000.0,34566584.30097836,,0.8604840901386183,14851.802682820096,2.0,11902.0,0.5861878906872431,0.0,682912.0,-0.21,-0.02,-0.3,-0.3,-0.23399999999999999,-3.0,0.003
109,ins-ecosystem,04-Dec-17,25-Dec-17,21,165,2,7,11.0,41500000.0,41500000.0,1.0,2.54,17576.0,3.039308979752699,24188.36461509275,0.86,1.685,373749.0,-0.06,-0.1,-1.55,-1.55,-0.264,-4.5,-0.006
110,medibloc,27-Nov-17,15-Dec-17,18,175,7,4,17.0,21271251.0,29959508.0,0.71,0.02,5616.0,2.0,10934.0,0.6,-0.006,645796.0,0.53,0.13,1.99,1.99,-0.389,-5.5,0.006999999999999999
111,havven,28-Feb-18,07-Mar-18,7,93,9,0,27.0,30000000.0,30000000.0,1.0,0.5,64726.0,8.0,11062.0,0.26,-0.039,1203240.0,-0.09,0.12,1.92,1.92,-0.124,-9.0,0.006
112,utrust,02-Nov-17,20-Nov-17,18,200,6,4,26.0,21000000.0,21000000.0,1.0,0.07,13054.0,9.0,28536.0,0.92,1.993,3956620.0,0.34,0.08,1.25,1.25,-0.547,-5.5,0.001
113,wepower,01-Feb-18,02-Feb-18,1,126,7,4,20.0,40000000.0,40000000.0,1.0,0.13,51357.0,4.0,36255.0,0.84,0.35,782690.0,0.0,-0.04,-0.7,-0.7,-0.042,-1.0,-0.005
114,odem,17-Feb-18,18-Mar-18,29,82,6,11,12.0,4000000.0,16433424.706358928,,0.8279986571179905,7769.65093136221,1.0,3121.0,0.5039115044430998,0.0,18548.0,0.47,3.75,7.5,7.5,0.486,-0.5,0.024
115,appcoins,13-Dec-17,20-Dec-17,7,170,7,4,18.0,15300000.0,15300000.0,1.0,0.1,11796.0,3.0,27481.0,0.58,34.3,124119000.0,-0.07,-0.12,-1.97,-1.97,-0.11,-1.5,-0.008
116,odyssey,21-Jan-18,22-Jan-18,1,137,7,0,21.0,50000000.0,50000000.0,1.0,0.0119,47843.0,1.0,888.0,0.54,1.093,12284200.0,0.09,0.01,0.2,0.2,-0.16899999999999998,-17.0,0.006999999999999999
117,loyalcoin,11-Dec-17,10-Feb-18,61,118,12,4,10.0,40226964.0,40226964.0,1.0,0.01,18986.10291817741,3.039308979752699,6572.0,0.5,-0.359,60119.0,-0.9,-1.56,-3.11,-3.11,-0.6579999999999999,,-0.006
118,wabi,28-Nov-17,01-Dec-17,3,189,2,8,10.0,11500000.0,11500000.0,1.0,0.25,8368.0,2.0,35426.0,0.42,4.56,26744800.0,0.21,0.1,1.56,1.56,-0.183,,0.004
119,datx,11-Feb-18,11-Mar-18,28,89,7,7,9.0,44150000.0,44150000.0,1.0,0.0353,26012.0,1.0,48101.0,0.46,-0.22,612568.0,-0.28,0.09,1.45,1.45,0.29,,0.005
120,tierion,27-Jul-17,28-Jul-17,1,315,1,4,11.0,25000000.0,25000000.0,1.0,0.07,4316.0,1.0,96000.26118449858,0.94,2.332,1142210.0,-0.11,-0.15,-2.38,-2.38,-0.242,,0.004
121,decentbet,21-Sep-17,19-Oct-17,28,232,12,7,11.78575519762246,13881450.0,34566584.30097836,,0.1,7348.945986307265,1.0,15791.638211498579,0.42,0.815,26234.0,-0.02,0.15,2.36,2.39,-0.387,-3.843,0.012
122,zeepin,17-Jan-18,17-Jan-18,0,142,12,0,13.600139161615928,62580000.0,62580000.0,1.0,0.13,20418.0,1.0,24188.36461509275,0.86,0.51,14383200.0,-0.01,-0.1,-1.55,-1.55,-0.235,,-0.003
123,minexcoin,15-May-17,13-Jun-17,29,360,12,2,11.78575519762246,13881450.0,34566584.30097836,,0.9121706080373091,3009.0,1.3894606962523557,15791.638211498579,0.4587431997303549,0.0,17365.0,0.51,0.32,5.01,5.01,0.07400000000000001,,0.015
124,naga,01-Dec-17,15-Dec-17,14,175,12,2,28.0,45318896.0,45318896.0,1.0,1.0,13404.0,10.0,26.0,0.6043889604030265,0.55,3010670.0,0.22,0.03,0.47,0.47,-0.051,,-0.001
125,datawallet,05-Feb-18,07-Mar-18,30,93,1,7,13.0,39436870.0,39835222.0,0.99,0.18,6217.0,1.0,5737.0,0.42,-0.226,122971.0,-0.14,-0.14,-2.24,-2.24,0.308,,0.003
126,modum,01-Sep-17,22-Oct-17,51,229,6,4,17.0,13350000.0,16481481.0,0.81,1.0,2330.0,1.0,14543.0,0.4,-0.373,119265.0,0.35,0.25,3.9,3.9,-0.159,,0.013000000000000001
127,universa,27-Oct-17,27-Nov-17,31,193,2,4,25.0,28559233.0,98480114.0,0.29,0.01,14249.0,8.0,1139.0,0.62,4.1610000000000005,763454.0,-0.49,-0.13,-1.99,-1.99,-0.289,,-0.008
128,decent,11-Sep-16,06-Nov-16,56,579,6,5,31.0,24137000.0,24137000.0,1.0,0.024,16916.23900268034,7.0,30162.0,0.5840531301291946,3.583,121.0,0.2,0.17,2.72,2.72,0.153,,0.025
129,presearch,25-Jul-17,31-Oct-17,98,220,1,4,10.0,16000000.0,34566584.30097836,,0.25,9781.0,2.0,1202.0,0.5124599738064687,-0.151,98499.0,0.26,0.13,2.08,2.08,0.149,,0.013000000000000001
130,yoyow,21-May-17,24-May-17,3,380,3,4,12.100648412515675,4364760.0,14549200.0,0.3,0.02,3311.0,1.0,12006.770707423431,0.5039115044430998,5.154,8194.0,-0.04,-0.01,-0.09,-0.09,-0.003,,0.01
131,qlink,27-Dec-17,27-Jan-18,31,132,7,6,14.0,19270800.0,19270800.0,1.0,0.1,19903.0,1.0,352.0,0.64,1.901,9911000.0,0.18,0.03,0.42,0.42,-0.409,,-0.001
132,taas,27-Mar-17,28-Apr-17,32,406,7,2,4.0,7500000.0,10135135.0,0.74,1.0,7348.945986307265,4.0,141.0,0.4921636783561435,-0.18,1571.0,0.08,0.22,3.54,3.54,0.053,,0.006
133,mobilego,25-Apr-17,25-May-17,30,379,1,4,6.0,53000000.0,45931858.05932918,,0.76,2562.0,2.0,315.0,0.6818056323781315,2.539,187166.0,-0.05,-0.01,-0.2,-0.2,-0.14400000000000002,,0.001
134,lunyr,29-Mar-17,28-Apr-17,30,406,1,4,3.0,3400000.0,16433424.706358928,,1.61,7769.65093136221,1.0,33932.0,0.5039115044430998,0.59,309766.0,0.07,0.08,1.22,1.22,-0.21,,0.015
135,cashaa,06-Nov-17,06-Dec-17,30,184,4,2,11.0,11110000.0,31742857.0,0.35,0.1,7563.0,1.0,391.0,0.58,0.182,34753.0,-0.23,-0.13,-2.14,-2.14,0.196,,0.003
136,maecenas,07-Sep-17,08-Oct-17,31,243,4,4,8.0,15375432.0,18982015.0,0.81,0.64,1055.0,2.0,2384.0,0.38,-0.27899999999999997,11868.0,0.09,0.17,2.68,2.68,-0.235,,0.026000000000000002
137,melon,15-Feb-17,16-Feb-17,1,477,6,7,2.0,13881450.0,34566584.30097836,,0.9121706080373091,42.0,1.0,15791.638211498579,0.4587431997303549,0.0,57957.0,0.21,0.07,1.13,1.13,-0.099,,0.006
138,etherparty,01-Oct-17,29-Oct-17,28,222,1,0,26.0,33732274.0,64869758.0,0.52,0.1,6098.0,6.0,2.0,0.68,-0.565,180346.0,0.13,0.24,3.75,3.75,0.021,,0.01
139,banca,26-Feb-18,26-Feb-18,0,102,7,7,17.0,20000000.0,20000000.0,1.0,0.002,9083.0,1.0,7348.0,0.42,-0.655,856596.0,0.06,0.27,4.21,4.21,-0.706,,0.026000000000000002
140,hive-project,03-Jul-17,14-Aug-17,42,298,5,2,18.0,8949421.0,18035526.83829695,,0.02,7348.945986307265,2.317412370806332,3048.0,0.82,0.045,216.0,0.17,0.12,1.84,1.84,-0.046,,0.017
141,viberate,05-Sep-17,05-Sep-17,0,276,5,1,34.0,12000000.0,12000000.0,1.0,0.1,5653.0,7.0,33374.0,0.56,1.75,1490480.0,-0.19,-0.08,-1.24,-1.24,-0.157,,0.004
142,coss,08-Aug-17,06-Sep-17,29,275,7,4,24.0,3200000.0,16433424.706358928,,0.56,7769.65093136221,2.0,199.0,0.48,-0.919,116130.0,0.39,0.12,1.9,1.9,0.09,,0.016
143,propy,15-Aug-17,15-Sep-17,31,266,1,9,11.0,15077000.0,100513333.0,0.15,1.0,8288.672452034232,3.0,15791.638211498579,0.98,-0.255,26854.0,-0.1,-0.03,-0.52,-0.52,-0.048,,0.011000000000000001
144,refereum,12-Feb-18,12-Mar-18,28,88,1,4,14.0,32252400.0,32252400.0,1.0,0.01,99750.0,3.0,54798.0,0.32,1.043,1161020.0,-0.26,-0.04,-0.56,-0.56,0.03,,-0.004
145,cobinhood,13-Sep-17,22-Oct-17,39,229,12,0,3.0,13078406.0,25150781.0,0.52,0.07,12342.0,7.0,46182.0,0.2,-0.262,41446.0,0.22,0.25,3.91,3.91,0.16399999999999998,,0.012
146,datum,29-Oct-17,29-Nov-17,31,191,6,4,19.0,7581120.0,29158154.0,0.26,0.02,7892.0,4.0,36753.0,0.34,0.397,160521.0,0.6,0.18,2.92,2.92,-0.121,,0.006
147,firstblood,25-Sep-16,26-Sep-16,1,620,1,0,13.0,5500000.0,18035526.83829695,,0.08,13.0,1.0,31493.0,0.4921636783561435,0.991,1255030.0,-0.2,-0.23,-3.61,-3.61,0.125,,0.008
148,humaniq,06-Apr-17,27-Apr-17,21,407,4,4,19.0,5163000.0,16433424.706358928,,0.06,7348.945986307265,10.0,30707.0,0.4921636783561435,0.17800000000000002,420384.0,0.19,0.13,2.0,2.0,0.04,,0.009000000000000001
149,mothership,07-Jul-17,21-Jul-17,14,322,5,4,10.0,5406897.0,7724139.0,0.7,0.04,7348.945986307265,1.0,490.0,0.6,0.006,88727.0,0.49,0.24,3.74,3.74,-0.055,,0.009000000000000001
150,bankex,28-Nov-17,28-Dec-17,30,162,1,2,9.0,70600000.0,103823529.0,0.68,1.47,6240.0,4.0,7753.0,0.82,0.932,371912.0,-0.43,-0.22,-3.5,-3.5,-0.13,,-0.012
151,alphacat,12-Jan-18,12-Jan-18,0,147,12,2,15.0,13881450.0,34566584.30097836,,0.9121706080373091,9068.0,0.0,15791.638211498579,0.4587431997303549,0.0,474748.0,-0.19,-0.07,-1.14,-1.14,-0.111,,-0.002
152,envion,15-Dec-17,14-Jan-18,30,145,6,0,12.0,100000000.0,149253731.0,0.67,1.0,22212.0,5.0,21550.0,0.66,-0.036000000000000004,168394.0,-0.22,-0.13,-2.0,-2.0,-0.281,,-0.01
153,medicalchain,01-Feb-18,01-Feb-18,0,127,4,3,10.0,23991953.0,23991953.0,1.0,0.2,26927.0,3.0,15885.0,0.64,0.588,122744.0,-0.12,-0.25,-4.03,-3.96,-0.071,0.382,-0.006
154,polybius,31-May-17,30-Jun-17,30,343,5,2,11.0,62956169.0,99930427.0,0.63,10.0,3557.0,5.0,10.0,0.6818056323781315,-0.192,506294.0,-0.02,0.07,1.03,1.03,-0.363,,0.006
155,bloom,30-Nov-17,01-Jan-18,32,158,1,4,11.0,41420705.0,81217069.0,0.51,0.7,13520.0,3.0,444.0,0.5749858098677566,1.714,101651.0,-0.32,-0.15,-2.35,-2.31,-0.12300000000000001,-0.7509999999999999,-0.005
156,cofound.it,31-May-17,07-Jun-17,7,373,5,2,9.0,14820030.0,14820030.0,1.0,0.12,1094.0,1.0,15791.638211498579,0.5124599738064687,1.682,3663160.0,-0.2,0.04,0.66,0.67,0.004,-1.514,0.001
157,synereo,18-Sep-16,18-Oct-16,30,598,12,4,12.100648412515675,4700000.0,4700000.0,1.0,0.19,7769.65093136221,1.0,26904.0,0.5039115044430998,-0.988,241.0,0.23,0.24,3.83,3.83,-0.096,,0.013000000000000001
158,peerplays,26-Feb-17,14-May-17,77,390,1,1,7.0,5000000.0,16433424.706358928,,4.6,1449.0,1.0,5536.0,0.4921636783561435,1.446,10275.0,0.25,0.07,1.13,1.13,0.047,,0.01
159,stk,31-Jan-18,14-Feb-18,14,114,1,0,16.0,17000000.0,34566584.30097836,,0.2,7218.0,3.0,10169.0,0.5124599738064687,0.262,12919500.0,-0.23,-0.23,-3.68,-3.68,-0.295,,-0.006999999999999999
160,everex,24-Jul-17,31-Aug-17,38,281,7,2,9.0,25840000.0,26101010.0,0.99,2.13,4659.0,2.0,14181.0,0.5749858098677566,-0.10300000000000001,1389230.0,0.12,0.04,0.62,0.62,0.107,,0.005
161,blackmoon,12-Sep-17,12-Oct-17,30,239,12,0,14.0,30000000.0,30000000.0,1.0,1.1,3486.0,1.0,6508.0,0.46,-0.235,592273.0,0.01,-0.11,-1.71,-1.71,-0.09699999999999999,,0.004
162,suncontract,28-Jun-17,01-Aug-17,34,311,5,10,31.0,2000000.0,15412846.790607298,,0.02,2.0,1.0,15311.0,0.76,1.128,35660.0,0.05,0.14,2.3,2.3,0.08800000000000001,,0.015
163,stox,02-Aug-17,04-Aug-17,2,308,7,2,20.0,33000000.0,33000000.0,1.0,1.1,9486.0,6.0,14028.0,0.48,0.1,1294120.0,0.4,0.04,0.7,0.7,-0.08900000000000001,,0.002
164,chronobank,15-Dec-16,15-Feb-17,62,478,2,4,1.0,5400000.0,16433424.706358928,,10.0,7348.945986307265,7.0,20013.0,0.4921636783561435,-0.06,42133.0,-0.26,0.03,0.44,0.44,-0.154,,0.006999999999999999
165,dmarket,14-Nov-17,01-Dec-17,17,189,2,1,4.0,19026768.0,52852133.0,0.36,0.63,3451.0,3.0,7290.0,0.68,0.542,18992.0,-0.03,0.06,1.02,1.02,0.10800000000000001,,0.008
166,adtoken,26-Jun-17,26-Jun-17,0,347,12,4,12.100648412515675,10000000.0,18035526.83829695,,0.02,7348.945986307265,1.0,6626.0,0.4921636783561435,2.26,334.0,-0.07,0.05,0.87,0.87,-0.239,,0.006999999999999999
167,matchpool,02-Apr-17,04-Apr-17,2,430,12,4,7.0,5800000.0,18035526.83829695,,0.1,2211.0,1.0,12006.770707423431,0.4921636783561435,1.41,610.0,0.18,0.12,1.84,1.84,0.057,-0.365,0.024
168,karma,29-Nov-17,15-Dec-17,16,175,2,2,15.0,10000000.0,10000000.0,1.0,0.01,1221.0,1.0,4217.0,0.44,5.9110000000000005,150439.0,-0.01,-0.17,-2.67,-2.67,-0.36700000000000005,,-0.006999999999999999
169,lamden,01-Dec-17,03-Jan-18,33,156,6,2,15.0,10000000.0,10000000.0,1.0,0.03,9139.0,1.0,14171.586788402423,0.36,21.283,937600.0,0.03,-0.05,-0.83,-0.83,-0.336,,-0.004
170,incent,01-Sep-16,01-Sep-16,0,645,9,0,7.0,1000000.0,11582610.615360258,,0.1,5395.366926923923,1.0,13304.0,0.40649005597826066,-0.9179999999999999,43.0,0.22,0.14,2.19,2.19,-0.03,,0.031
171,dimcoin,01-Jul-17,27-Aug-17,57,285,11,2,20.0,14005746.0,14005746.0,1.0,0.01,3081.0,8.0,15791.638211498579,0.68,23.561999999999998,1409400.0,-0.49,-0.22,-3.44,-3.44,0.11199999999999999,,-0.006
172,monetha,31-Aug-17,31-Aug-17,0,281,5,2,11.0,35910000.0,35910000.0,1.0,0.19,4757.0,1.0,19183.0,0.68,0.502,2743890.0,-0.15,-0.11,-1.76,-1.76,-0.166,,0.003
173,aeron,19-Sep-17,30-Oct-17,41,221,10,6,11.0,4897723.0,30610769.0,0.16,0.5,19595.0,1.0,30285.0,0.5,-0.18899999999999997,8757.0,0.13,0.16,2.58,2.58,0.11699999999999999,,0.027999999999999997
174,cappasity,22-Feb-18,22-Mar-18,28,78,1,4,5.0,2301451.0,19178758.0,0.12,0.01,58361.0,7.0,37708.0,0.62,2.315,887638.0,0.12,0.17,2.68,2.68,0.47,,0.013999999999999999
175,dadi,29-Jan-18,29-Jan-18,0,130,4,2,15.0,29000000.0,29000000.0,1.0,0.5,22093.0,1.0,32298.0,0.38,-0.11199999999999999,2381560.0,-0.21,-0.05,-0.8,-0.8,0.009000000000000001,,-0.006
176,lala-world,05-Jan-18,05-Feb-18,31,123,7,4,5.0,20191350.0,20191350.0,1.0,0.13,823.0,2.2946645354714295,10201.0,0.34,-0.253,28433.0,-0.44,0.0,0.04,0.04,0.149,,0.009000000000000001
177,blocktix,07-Jul-17,25-Jul-17,18,318,5,1,7.0,6981328.0,7506804.0,0.93,0.24,7348.945986307265,1.0,6035.0,0.4921636783561435,-0.174,11878.0,0.29,0.07,1.17,1.17,0.052000000000000005,,0.018000000000000002
178,agrello,16-Jul-17,17-Aug-17,32,295,5,4,13.0,30100000.0,43000000.0,0.7,0.56,4815.0,1.0,14959.0,0.8,-0.284,82770.0,-0.06,0.0,-0.03,-0.02,-0.057999999999999996,-3.3480000000000003,0.005
179,uptoken,16-Oct-17,15-Dec-17,60,175,1,2,9.0,18934021.0,35063002.0,0.54,0.1,25.0,1.0,3071.0,0.5647434462427986,2.021,21597500.0,-0.43,-0.08,-1.21,-1.21,0.802,,-0.011000000000000001
180,covesting,24-Nov-17,15-Jan-18,52,144,7,4,12.0,18750000.0,18750000.0,1.0,2.56,8936.0,9.0,10272.0,0.82,0.207,328108.0,-0.21,-0.12,-1.95,-1.95,-0.248,,-0.005
181,sentinel-chain,01-Mar-18,10-Mar-18,9,90,7,2,23.0,14400000.0,14400000.0,1.0,0.08,9231.0,1.0,4103.0,0.36,-0.184,1945280.0,0.52,0.11,1.74,1.74,-0.109,,0.006999999999999999
182,selfkey,14-Jan-18,14-Jan-18,0,145,7,2,48.0,21776392.0,21776392.0,1.0,0.02,11260.0,1.0,0.0,0.74,2.327,31248100.0,-0.52,-0.26,-4.06,-4.06,-0.257,,-0.013000000000000001
183,morpheus-network,22-Mar-18,22-Apr-18,31,47,12,7,12.0,9883347.0,17969722.0,0.55,0.45,12103.0,0.0,5985.0,0.64,-0.10400000000000001,193829.0,0.64,1.12,2.23,2.23,-0.244,,0.019
184,daostack,08-May-18,07-Jun-18,30,1,7,6,9.0,30000000.0,30000000.0,1.0,1.0,23982.0,9.0,5844.0,0.66,0.31,1927100.0,-0.36,-2.88,-5.75,-5.75,0.317,,-0.034
185,quantum,15-Apr-17,15-May-17,30,389,5,0,5.0,4122700.0,16433424.706358928,,0.05,7769.65093136221,1.0,9204.0,0.5039115044430998,5.732,136233.0,0.19,0.06,0.93,0.93,-0.075,,0.005
186,carvertical,26-Dec-17,04-Apr-18,99,65,5,4,20.0,19911150.0,19911150.0,1.0,0.0055,13333.0,3.0,15078.901689143211,0.5647434462427986,1.65,451064.0,-0.05,-0.07,-1.18,-1.18,-0.727,,-0.008
187,loki,,26-Mar-18,25,74,12,5,14.0,13881450.0,34566584.30097836,,0.68,17137.0,0.0,3166.0,0.46,0.259,230900.0,-0.21,-0.36,-0.72,-0.72,1.032,,0.001
188,coinpoker,19-Jan-18,26-Jan-18,7,133,7,1,15.0,52712179.0,45931858.05932918,,0.25,4929.0,8.0,5282.0,0.86,-0.61,350963.0,-0.38,-0.01,-0.18,-0.18,-0.522,,-0.005
189,blockport,27-Jan-18,31-Jan-18,4,132,12,2,11.78575519762246,15000000.0,15000000.0,1.0,0.35,28404.0,1.0,15791.638211498579,0.42,0.25,1024180.0,0.0,0.07,1.04,1.04,-0.188,,0.001
190,sureremit,10-Jan-18,10-Feb-18,31,118,1,4,11.0,10000000.0,10000000.0,1.0,1.0,2080.0,1.0,4449.0,0.34,-0.963,35294.0,-0.22,0.02,0.31,0.31,-0.546,,0.004
191,remme,13-Feb-18,22-Feb-18,9,106,7,4,20.0,20000000.0,20000000.0,1.0,0.04,16321.0,2.0,6039.0,0.74,-0.209,587552.0,-0.34,0.0,-0.05,-0.05,0.045,,0.0
192,betterbetting,15-Dec-17,31-Jan-18,47,128,5,7,16.0,5500000.0,30555556.0,0.18,0.1,2969.0,1.0,2586.0,0.4921636783561435,-0.1,196193.0,-0.04,-0.3,-0.59,-0.59,-0.9420000000000001,,0.004
193,airtoken,19-Sep-17,19-Oct-17,30,232,1,5,14.0,15000000.0,15000000.0,1.0,0.02,908.0,1.0,6513.0,0.72,-0.313,303295.0,-0.25,0.02,0.38,0.38,0.011000000000000001,,0.006
194,swissborg,07-Dec-17,10-Jan-18,34,149,6,0,13.0,50000000.0,50000000.0,1.0,0.1,4756.0,10.0,11265.0,0.3,0.027999999999999997,115322.0,-0.35,-0.18,-2.92,-2.92,-0.233,,-0.008
195,te-food,22-Feb-18,22-Mar-18,28,78,6,2,19.0,19100000.0,19100000.0,1.0,0.05,10245.0,1.0,10294.0,0.5,-0.44799999999999995,302268.0,-0.04,0.09,1.4,1.4,-0.201,,0.002
196,smartlands,02-Nov-17,20-Nov-17,18,200,12,2,11.0,1753698.0,25052829.0,0.07,1.0,1703.0,1.0,1988.0,0.68,-0.8029999999999999,102013.0,0.24,0.16,2.52,2.52,0.21100000000000002,,0.046
197,divi,25-Oct-17,21-Nov-17,27,199,12,7,15.0,2592064.0,2592064.0,1.0,0.62,2248.0,1.0,12006.770707423431,0.66,0.365,56068.0,0.17,0.24,3.82,3.82,-0.20199999999999999,,0.013000000000000001
198,latoken,22-Aug-17,10-Oct-17,49,241,7,2,35.0,18880673.0,40171645.0,0.47,0.3,5541.0,1.0,8154.0,0.44,-0.057999999999999996,163778.0,-0.05,0.11,1.73,1.73,-0.048,,0.005
199,hacken,31-Oct-17,30-Nov-17,30,190,2,0,8.0,70000002.0,56482691.50535375,,1.0,1939.0,3.0,9525.0,0.74,5.77,320959.0,0.16,0.07,1.05,1.05,0.09300000000000001,,0.006999999999999999
200,unibright,20-Apr-18,20-May-18,30,19,5,2,13.0,13542375.0,13542375.0,1.0,0.14,10203.0,0.0,5362.0,0.24,0.384,2400200.0,-1.22,-2.12,-4.23,-4.23,-0.856,,-0.038
201,sharder,22-Feb-18,22-Mar-18,28,78,12,4,12.100648412515675,5398600.0,5398600.0,1.0,0.0446,10534.0,1.0,12006.770707423431,0.26,1.284,3209300.0,-0.17,-1.36,-2.71,-2.71,-0.607,,-0.017
202,zap,21-Oct-17,20-Nov-17,30,200,7,0,23.0,2827944.0,31421600.0,0.09,0.19,131.0,1.0,12006.770707423431,0.5039115044430998,4.059,899137.0,-0.1,-0.06,-1.01,-1.01,-0.27399999999999997,,-0.006999999999999999
203,friendz,01-Mar-18,20-Mar-18,19,80,6,2,18.0,13754758.0,50943548.0,0.27,0.067,69516.0,6.0,55853.0,0.6,-0.7040000000000001,250482.0,0.16,0.06,1.03,1.04,-0.429,-2.286,0.006999999999999999
204,graft,18-Jan-18,18-Feb-18,31,110,1,0,15.0,3000000.0,25000000.0,0.12,0.28,5464.0,5.0,2628.0,0.5039115044430998,-0.846,40067.0,-0.3,0.0,-0.06,-0.06,0.23600000000000002,,0.006999999999999999
205,aphelion,15-Nov-17,07-Dec-17,22,183,12,2,12.0,4780661.0,6733325.0,0.71,0.2,14001.0,1.0,14721.0,0.4921636783561435,0.456,63598.0,0.25,1.96,3.93,3.93,-0.401,,0.013000000000000001
206,indahash,29-Nov-17,20-Dec-17,21,170,5,4,15.0,42715825.0,66743477.0,0.64,0.24,11615.0,9.0,9938.0,0.84,1.561,3113160.0,-0.2,-0.11,-1.73,-1.73,-0.326,,-0.012
207,bitclave,29-Nov-17,29-Nov-17,0,191,1,4,19.0,25547000.0,25547000.0,1.0,0.1,10597.0,6.0,22791.0,0.66,0.505,957302.0,0.12,-0.01,-0.23,-0.23,-0.004,,-0.004
208,nebula-ai,31-Mar-18,20-Apr-18,20,49,1,7,20.0,5874054.0,17800164.0,0.33,0.0059,5451.0,1.0,1438.0,0.4921636783561435,1.0390000000000001,155134.0,-0.01,-0.07,-0.15,-0.15,-0.395,,-0.008
209,etheroll,13-Feb-17,27-Feb-17,14,466,12,7,14.19262060061833,36349723.0,45931858.05932918,,0.07,18986.10291817741,0.0,2168.0,0.5749858098677566,15.857000000000001,33962.0,0.21,0.13,2.02,2.02,-4.48,,2.541
210,locktrip,29-Oct-17,30-Nov-17,32,190,5,7,20.0,4000000.0,16433424.706358928,,0.8279986571179905,7769.65093136221,1.0,12006.770707423431,0.5039115044430998,0.0,169077.0,0.44,0.14,2.19,2.2,0.064,-2.064,0.009000000000000001
211,rivetz,10-Aug-17,10-Sep-17,31,271,1,4,16.0,18653920.0,20057978.0,0.93,0.89,1586.0,1.0,9804.0,0.5,-0.446,31436.0,0.0,-0.04,-0.59,-0.59,-0.004,,0.006999999999999999
212,polyswarm,20-Feb-18,22-Mar-18,30,78,1,4,7.0,25940000.0,49884615.0,0.52,0.0165,7656.0,7.0,16.0,0.72,-0.643,25413.0,0.41,3.28,6.56,6.56,-0.028999999999999998,,0.01
213,axpire,08-Jan-18,12-Jan-18,4,147,1,7,15.0,20000000.0,20000000.0,1.0,0.1,8104.0,1.0,6529.0,0.44,0.324,292608.0,-0.23,-0.15,-2.36,-2.36,-0.599,,-0.008
214,domraider,12-Sep-17,09-Oct-17,27,242,5,4,33.0,67200000.0,67200000.0,1.0,0.12,356.0,2.0,152.0,0.62,-0.461,13888.0,0.02,0.09,1.36,1.36,-0.034,,0.006
215,matryx,13-Sep-17,12-Oct-17,29,239,1,4,15.0,1984347.0,9019759.0,0.22,0.29,1532.0,1.0,109.0,0.22,1.4980000000000002,1031.0,0.21,0.11,1.8,1.8,-0.223,,0.018000000000000002
216,bitdegree,01-Dec-17,29-Dec-17,28,161,5,11,22.0,22127834.0,22127834.0,1.0,0.08,16898.0,1.0,20488.0,0.72,5.711,693702.0,-0.2,0.05,0.79,0.79,-1.014,,0.01
217,hubii-network,17-Aug-17,31-Aug-17,14,281,7,5,15.0,7130256.0,50930400.0,0.14,0.39,1262.0,2.0,4636.0,0.4921636783561435,-0.493,23209.0,0.18,0.13,2.06,2.06,0.18600000000000003,,0.03
218,playkey,01-Nov-17,01-Dec-17,30,189,2,1,16.0,10512361.0,105123610.0,0.1,1.76,10004.0,3.0,10020.0,0.76,-0.682,9317.0,0.43,0.13,2.14,2.14,-0.213,,0.011000000000000001
219,atn,27-Apr-18,20-May-18,23,19,12,4,15.0,13881450.0,34566584.30097836,,0.9121706080373091,15583.0,1.3894606962523557,4892.0,0.4587431997303549,0.0,603047.0,0.18,-0.01,-0.09,-0.09,-0.052000000000000005,,-0.004
220,investfeed,23-Jul-17,07-Aug-17,15,305,1,4,11.0,3400000.0,16433424.706358928,,0.0,7769.65093136221,1.0,12006.770707423431,0.5039115044430998,0.0,78892.0,0.1,0.1,1.55,1.55,-0.33399999999999996,,0.01
221,flixxo,24-Oct-17,24-Nov-17,31,196,10,4,5.0,4731021.0,12130823.0,0.39,0.12,3729.0,2.0,6310.0,0.6,-0.038,106293.0,-0.04,0.17,2.66,2.66,0.063,,0.011000000000000001
222,rentberry,05-Dec-17,28-Feb-18,85,100,7,9,25.0,27500000.0,29891304.0,0.92,0.35,14667.0,9.0,20128.0,0.5749858098677566,-0.8059999999999999,294933.0,0.23,1.86,3.71,3.71,-0.40700000000000003,,0.004
223,patientory,31-May-17,03-Jun-17,3,370,1,4,6.0,7200000.0,10285714.0,0.7,0.1,7348.945986307265,1.0,12006.770707423431,0.4921636783561435,6.165,3256.0,0.08,0.09,1.41,1.41,-0.049,,0.006999999999999999
224,paragon,15-Sep-17,15-Oct-17,30,236,1,7,12.0,6000000.0,100000000.0,0.06,1.0,3808.0,6.0,12006.770707423431,0.4921636783561435,-0.35,284896.0,-0.16,0.01,0.14,0.14,-0.163,,0.0
225,faceter,15-Feb-18,30-Mar-18,43,70,11,7,9.0,28610352.0,40871931.0,0.7,0.0349,2078.0,3.027427455376447,51.0,0.5749858098677566,-0.43,135291.0,-0.35,-0.61,-1.22,-1.22,-1.579,,0.0
226,golos,30-Oct-16,02-Dec-16,33,553,12,5,11.78575519762246,13881450.0,34566584.30097836,,0.1,7348.945986307265,1.0,15791.638211498579,0.4587431997303549,10.7,701.0,-0.08,-0.01,-0.14,-0.14,-0.106,,0.006999999999999999
227,icos,15-Aug-17,15-Sep-17,31,266,2,0,23.0,14600000.0,34566584.30097836,,44.38,1818.0,3.0,5054.0,0.7,0.034,15683.0,0.1,0.05,0.76,0.76,-0.17600000000000002,,0.002
228,connectjob,12-Feb-18,30-Apr-18,77,39,7,4,24.0,10437623.0,11997268.0,0.87,0.8252017079498805,7815.0,5.0,6455.0,0.62,0.0,173329.0,-0.35,-2.76,-5.52,-5.52,0.135,,-0.008
229,cargox,23-Jan-18,04-Mar-18,40,96,5,2,10.0,6766164.0,6975427.0,0.97,0.8607916409000721,5702.0,1.0,5053.0,0.5,0.0,1317180.0,-0.06,-0.17,-2.62,-2.62,-0.28300000000000003,,-0.005
230,adbank,15-Dec-17,14-Jan-18,30,145,1,4,5.0,13962900.0,13962900.0,1.0,0.05,6628.0,1.0,6224.0,0.64,-0.16699999999999998,1033600.0,-0.14,-0.15,-2.44,-2.44,-0.303,,-0.004
231,insurepal,16-Jan-18,16-Jan-18,0,143,5,4,24.0,18000000.0,18000000.0,1.0,0.1,6458.0,7.0,7041.0,0.78,2.178,2442080.0,-0.2,-0.24,-3.87,-3.87,-0.23399999999999999,,-0.013000000000000001
232,coinfi,08-Feb-18,18-Feb-18,10,110,3,4,15.0,15000000.0,15000000.0,1.0,0.15,19344.0,1.0,5025.0,0.5124599738064687,1.3840000000000001,21603900.0,-0.18,-0.16,-2.59,-2.59,-0.18899999999999997,,-0.009000000000000001
233,naviaddress,01-Mar-18,31-Mar-18,30,69,7,4,6.0,16900000.0,20119048.0,0.84,0.05,99970.0,2.2297417985057035,201.0,0.38,-0.518,194240.0,-0.63,-1.1,-2.19,-2.19,2.745,,-0.022000000000000002
234,snovio,30-Oct-17,30-Nov-17,31,190,2,2,13.0,2129106.0,10138600.0,0.21,0.01,19870.0,3.0,10596.0,0.44,-0.73,12041.0,0.48,0.23,3.71,3.71,0.032,,0.031
235,nper,19-Jan-18,31-Jan-18,12,128,8,4,15.0,13881450.0,34566584.30097836,,0.2,7348.945986307265,1.0,6420.0,0.4587431997303549,0.679,4371660.0,-0.23,-1.85,-3.7,-3.7,-0.48100000000000004,,-0.023
236,spectiv,08-Dec-17,31-Dec-17,23,159,1,1,8.0,7605767.0,10563565.0,0.72,0.5,7348.945986307265,2.0,3334.0,0.56,-0.966,118105.0,0.05,0.08,1.3,1.16,-0.12,0.292,0.01
237,devery,18-Jan-18,19-Jan-18,1,140,12,8,6.0,10000000.0,10000000.0,1.0,0.19,5260.0,4.0,2901.0,0.24,0.741,862413.0,-0.27,-0.13,-2.03,-2.03,0.287,,0.002
238,encrypgen,01-Jun-17,18-Jul-17,47,325,1,4,7.0,10000005.0,18035526.83829695,,0.03,7348.945986307265,1.0,4726.0,0.4921636783561435,0.9279999999999999,22870.0,0.44,0.24,3.78,3.78,-0.128,,0.024
239,target-coin,15-Jul-17,31-Aug-17,47,281,12,0,4.0,20711412.0,69038040.0,0.3,0.05,14851.802682820096,1.0,1635.0,0.4,-0.16399999999999998,69996.0,0.03,0.09,1.46,1.46,-0.252,,0.021
240,bounty0x,01-Dec-17,15-Dec-17,14,175,12,4,8.0,1602927.0,1602927.0,1.0,0.04,6815.0,1.0,14672.0,0.43663006961152584,0.899,1059090.0,0.37,0.13,2.06,2.06,0.684,,0.013000000000000001
241,ink-protocol,01-Feb-18,28-Feb-18,27,100,1,7,14.0,15000000.0,15000000.0,1.0,0.13,10254.0,1.3894606962523557,4915.0,0.42,-0.303,280064.0,-0.21,-0.04,-0.66,-0.66,-0.226,,-0.005
242,aidcoin,16-Jan-18,01-Feb-18,16,127,6,0,36.0,18632900.0,18632900.0,1.0,0.52,4354.0,1.0,3175.0,0.5718895028025337,0.545,1717320.0,-0.36,-0.23,-3.59,-3.59,-0.131,,-0.005
243,bezop,20-Dec-17,10-Jan-18,21,149,12,7,4.0,13881450.0,34566584.30097836,,0.9121706080373091,6954.0,1.0,15791.638211498579,0.22,0.0,281984.0,0.09,0.03,0.54,0.54,-0.272,,0.012
244,lendingblock,15-Apr-18,22-Apr-18,7,47,4,0,6.0,10000000.0,10000000.0,1.0,0.02,7664.0,5.0,6276.0,0.4,0.5479999999999999,458040.0,-0.24,-1.88,-3.76,-3.76,-0.43200000000000005,,-0.024
245,fidelium,26-Feb-18,26-Mar-18,28,74,1,2,18.0,10000000.0,47619048.0,0.21,-0.07,7348.945986307265,1.0,2468.0,0.36,-4.111000000000001,76937.0,-0.05,-0.37,-0.75,-0.75,-0.161,,-0.023
246,dovu,03-Oct-17,17-Oct-17,14,234,4,4,6.0,6644682.0,28889922.0,0.23,0.11,128.0,2.0,12006.770707423431,0.54,-0.16899999999999998,106502.0,0.09,0.14,2.24,2.24,0.297,,0.013000000000000001
247,wetrust,02-Mar-17,14-Apr-17,43,420,1,4,9.0,4978366.0,16433424.706358928,,0.06,7348.945986307265,1.0,10.0,0.4921636783561435,0.305,165713.0,0.24,0.2,3.11,3.03,-0.028999999999999998,-0.584,0.008
248,worldcore,14-Oct-17,15-Dec-17,62,175,5,4,14.0,25000000.0,100000000.0,0.25,0.1,3054.0,8.0,96000.26118449858,0.52,0.146,151573.0,0.41,0.14,2.23,2.23,0.07200000000000001,,0.003
249,biocoin,01-Nov-17,18-Feb-18,109,110,2,7,18.0,16000000.0,16000000.0,1.0,16.0,323.0,5.0,1269.0,0.38,-0.9990000000000001,41016.0,-0.11,-0.18,-2.92,-2.92,0.098,,-0.002
250,b2bx,02-Oct-17,17-Nov-17,46,203,2,4,22.0,8078602.0,29920748.0,0.27,0.74,1942.0,7.0,3967.0,0.4921636783561435,1.3780000000000001,144393.0,-0.29,0.02,0.3,0.3,-0.261,,0.016
251,aventus,06-Sep-17,06-Sep-17,0,275,4,1,7.0,18780000.0,18780000.0,1.0,3.66,259.0,1.0,15078.901689143211,0.6,0.20199999999999999,950718.0,-0.32,-0.01,-0.18,-0.18,0.08,,0.001
252,jet8,28-Feb-18,14-Mar-18,14,86,7,5,51.0,32700000.0,35934066.0,0.91,0.0974,29178.0,1.0,2119.0,0.5749858098677566,-0.6829999999999999,871036.0,-0.47,-0.03,-0.4,-0.4,0.376,,-0.003
253,eroscoin,11-Oct-17,15-Nov-17,35,205,12,7,7.0,13881450.0,34566584.30097836,,0.05,7348.945986307265,1.0,15791.638211498579,0.42,1.9380000000000002,8548340.0,0.08,-0.07,-1.15,-1.22,0.01,-1.757,-0.003
254,commerceblock,28-Nov-17,19-Dec-17,21,171,4,2,13.0,8820470.0,25201343.0,0.35,0.06,1761.0,3.0,263.0,0.4921636783561435,-0.33799999999999997,85105.0,0.17,1.32,2.64,2.64,-0.841,,0.008
255,bitcrystals,04-Aug-15,03-Sep-15,30,1009,6,0,7.0,20510.0,146500.0,0.14,0.02,5395.366926923923,4.0,6146.0,0.40649005597826066,-0.131,5586.0,-0.06,0.09,1.43,1.43,-0.067,,0.006999999999999999
256,helbiz,15-Feb-18,04-Mar-18,17,96,7,2,13.0,38646754.0,45931858.05932918,,0.8604840901386183,2117.0,1.0,41003.0,0.44,0.0,756160.0,0.16,1.31,2.61,2.61,0.484,,0.022000000000000002
257,adshares,07-Jul-17,12-Jan-18,189,147,12,2,2.0,11900000.0,34566584.30097836,,5.26,1132.0,1.0,2274.0,0.3,-0.927,7590.0,0.19,0.09,1.48,1.48,-0.025,,0.017
258,alis,01-Sep-17,01-Oct-17,30,250,8,4,5.0,3705000.0,37050000.0,0.1,0.15,7769.65093136221,1.0,1752.0,0.6,0.413,337890.0,0.2,0.18,2.92,2.92,-0.10300000000000001,,0.008
259,sportyco,21-Nov-17,08-Dec-17,17,182,5,2,19.0,5087896.0,15899675.0,0.32,0.12,12297.0,1.0,8981.0,0.4921636783561435,0.812,31692.0,0.0,0.07,1.16,1.16,0.086,,0.001
260,fundrequest,20-Nov-17,01-Dec-17,11,189,5,0,11.0,12121040.0,14964247.0,0.81,0.48,11447.0,0.0,13287.0,0.54,-0.491,55032.0,-0.74,-1.28,-2.57,-2.57,1.084,,-0.009000000000000001
261,privatix,19-Oct-17,16-Nov-17,28,204,12,4,16.0,2391939.0,14949619.0,0.16,3.3,1936.0,3.0,707.0,0.48,-0.055,99333.0,0.11,0.15,2.41,2.41,-0.133,,0.026000000000000002
262,mysterium,30-May-17,30-May-17,0,374,1,4,8.0,13325693.0,34566584.30097836,,0.89,2672.0,1.0,12037.0,0.47934871236974885,1.4609999999999999,1632900.0,-0.13,0.03,0.43,0.43,-0.261,,0.002
263,clearpoll,02-Oct-17,26-Oct-17,24,225,9,4,9.0,13881450.0,1300000.0,,0.13,911.0,2.0,120364.0,0.4587431997303549,2.3409999999999997,94539.0,-0.13,0.19,3.04,3.04,-0.141,,0.013999999999999999
264,ip-exchange,28-Feb-18,05-Mar-18,5,95,12,7,12.100648412515675,7904319.0,9299199.0,0.85,0.0122,6369.0,2.317412370806332,13543.455367396242,0.48,-0.483,539393.0,0.11,0.07,1.08,1.08,0.163,,0.006999999999999999
265,linker-coin,25-Nov-17,31-Dec-17,36,159,6,0,20.0,10133235.0,10133235.0,1.0,0.22,2258.0,2.317412370806332,14643.104478691133,0.4921636783561435,-0.588,164191.0,0.02,0.18,0.36,0.36,-0.244,,-0.004
266,hoqu,27-Nov-17,26-Feb-18,91,102,4,2,5.0,18782400.0,32951579.0,0.57,0.17,14735.0,3.0,6199.0,0.84,-0.564,29097.0,-0.15,-0.04,-0.63,-0.63,0.032,,-0.01
267,bigbom,28-May-18,10-Jun-18,13,-2,12,4,13.0,6792000.0,6792000.0,1.0,0.0283,39335.0,2.317412370806332,12006.770707423431,0.72,-0.25,972645.0,0.84,1.45,2.91,2.91,-0.429,,0.04
268,atbcoin,15-Jul-17,13-Sep-17,60,268,12,7,13.474824209645888,20400000.0,34566584.30097836,,0.9,2181.0,3.0,15078.901689143211,0.66,0.289,558166.0,-0.08,-0.02,-0.26,-0.26,-0.08,,-0.001
269,leadcoin,01-Mar-18,11-Mar-18,10,89,7,2,17.0,50000000.0,50000000.0,1.0,0.8604840901386183,12385.0,2.0,1510.0,0.36,0.0,6963540.0,-0.02,0.0,0.0,0.0,-0.228,,-0.009000000000000001
270,insights-network,28-Jan-18,14-Feb-18,17,114,7,0,3.0,17376260.0,17376260.0,1.0,0.15,20730.0,0.0,15078.901689143211,0.3,-0.051,693393.0,-0.33,-0.04,-0.71,-0.71,-0.071,,-0.009000000000000001
271,fidentiax,06-Nov-17,05-Dec-17,29,185,7,4,8.0,1566283.0,2900524.0,0.54,0.93,2464.0,1.0,3960.0,0.22,-0.701,77268.0,0.26,0.07,1.06,1.06,-0.209,,0.003
272,aditus,30-Nov-17,19-Dec-17,19,171,7,4,15.0,7100193.0,22188103.0,0.32,0.05,13394.0,1.0,12006.770707423431,0.44,-0.735,300285.0,0.4,3.16,6.32,6.32,0.18100000000000002,,0.025
273,auctus,10-Apr-18,20-Apr-18,10,49,7,0,12.0,3865575.0,3904621.0,0.99,0.28,8567.0,3.0,9975.0,0.72,1.642,1413630.0,0.16,1.29,2.59,2.59,0.171,,-0.008
274,payfair,01-Nov-17,30-Nov-17,29,190,2,4,8.0,18291.0,11582610.615360258,,0.0,2765.0,5.0,2364.0,0.32,0.0,41498.0,0.16,0.22,3.56,3.56,0.6779999999999999,,0.027999999999999997
275,tokia,04-Dec-17,15-Mar-18,101,85,4,2,7.0,30000000.0,42227032.326398775,,1.0,8229.0,0.0,1672.0,0.5,-0.813,641864.0,0.01,0.02,0.04,0.04,-2.895,,-0.016
276,fintrux-network,07-Feb-18,28-Feb-18,21,100,7,7,6.0,13881450.0,34566584.30097836,,0.9121706080373091,7348.945986307265,1.3894606962523557,15791.638211498579,0.4587431997303549,0.0,102017.0,-0.04,-0.35,-0.69,-0.69,0.207,,-0.022000000000000002
277,publica,01-Nov-17,16-Nov-17,15,204,1,4,21.0,1046210.0,1046210.0,1.0,0.1,1452.0,3.0,2306.0,0.40649005597826066,1.547,1317120.0,-0.07,0.18,2.82,2.82,-0.047,,0.011000000000000001
278,dether,07-Feb-18,09-Feb-18,2,119,5,4,8.0,13444650.0,13444650.0,1.0,0.2,6766.0,1.0,1304.0,0.5,-0.237,40103.0,-0.32,-0.11,-1.69,-1.69,0.583,,0.003
279,peculium,21-Dec-17,24-Jan-18,34,135,5,2,52.0,9917634.0,9917634.0,1.0,0.01,8662.0,3.0,16458.0,0.64,-0.583,69616.0,0.0,0.05,0.78,0.78,0.105,,0.006999999999999999
280,travelflex,13-Dec-17,11-Jan-18,29,148,12,7,11.78575519762246,13881450.0,34566584.30097836,,0.28,102.0,3.0,15791.638211498579,0.5,-0.267,29538.0,-0.18,-0.03,-0.52,-0.52,-0.079,,-0.001
281,adhive,28-Feb-18,14-Mar-18,14,86,5,1,17.0,17491749.0,17491749.0,1.0,0.17,15968.0,1.0,5635.0,0.82,-0.675,772548.0,0.12,0.93,1.86,1.86,-1.422,,-0.002
282,opus,24-Jul-17,24-Aug-17,31,288,12,1,11.0,5737250.0,19783621.0,0.29,0.04,1643.0,1.0,3700.0,0.86,0.299,37435.0,-0.08,0.0,-0.01,-0.01,-0.07400000000000001,,0.032
283,tokes,02-Dec-16,16-Jan-17,45,508,1,0,3.0,13881450.0,34566584.30097836,,5.06,7348.945986307265,1.0,8643.0,0.4587431997303549,-0.897,15471.0,0.25,0.19,2.96,2.96,-0.12,,0.011000000000000001
284,internxt,07-Sep-17,28-Sep-17,21,253,5,4,5.0,220800.0,22080000.0,0.01,1.01,14461.0,2.0,2.0,0.40649005597826066,2.129,294867.0,0.16,0.18,2.87,2.87,-0.086,,0.022000000000000002
285,invacio,12-Mar-18,30-Apr-18,49,39,4,2,14.0,1912074.0,31867900.0,0.06,1.0,897.0,0.0,4236.0,0.3,-0.857,336316.0,-0.67,-1.15,-2.31,-2.31,-0.667,,-0.038
286,amlt,11-Dec-17,29-Jan-18,49,130,12,0,18.0,19042042.0,19042042.0,1.0,0.39,4932.0,0.0,6630.0,0.38,-0.7979999999999999,263017.0,-0.16,-0.01,-0.1,-0.1,0.038,,0.0
287,zrcoin,11-May-17,09-Jun-17,29,364,2,0,11.0,7000000.0,18035526.83829695,,1.55,973.0,7.0,12006.770707423431,0.4921636783561435,47.348,2303.0,0.08,0.03,0.5,0.5,-0.102,,0.006999999999999999
288,viuly,01-Nov-17,15-Nov-17,14,205,5,1,3.0,13881450.0,30000000.0,,0.17,6604.0,1.0,6348.0,0.74,-0.9670000000000001,14913.0,0.32,0.25,4.03,4.03,0.12,,0.028999999999999998
289,bitdice,15-Aug-17,15-Sep-17,31,266,10,7,1.0,8748793.0,24996551.0,0.35,0.1,736.0,3.0,3539.0,0.4921636783561435,0.495,60084.0,0.1,0.18,2.83,2.83,-0.14300000000000002,,0.004
290,atlant,07-Sep-17,01-Nov-17,55,219,2,9,12.0,6663530.0,66635300.0,0.1,0.57,5119.0,5.0,4085.0,0.56,-0.308,323580.0,-0.27,0.04,0.68,0.68,-0.22899999999999998,,0.005
291,sether,15-Jan-18,15-Jan-18,0,144,5,4,14.0,28000000.0,42227032.326398775,,0.8604840901386183,6968.0,2.0,10998.0,0.32,0.0,46969.0,-0.1,-0.05,-0.81,-0.81,-0.27,,-0.006999999999999999
292,voise,06-May-17,06-Jun-17,31,367,5,4,7.02733916083916,64651.0,11582610.615360258,,0.8279986571179905,9058.0,6.0,24125.0,0.40649005597826066,0.0,3629.0,0.29,0.2,3.11,3.11,0.34299999999999997,,0.091
293,gatcoin,17-Dec-17,05-Jan-18,19,154,3,4,17.0,14500000.0,14500000.0,1.0,0.2,3963.0,1.0,4431.0,0.54,-0.604,681451.0,-0.3,-0.23,-3.69,-3.69,-0.044000000000000004,,-0.013000000000000001
294,experty,25-Jan-18,25-Feb-18,31,103,6,5,15.0,9468000.0,9468000.0,1.0,1.05,13859.0,7.0,15744.0,0.82,-0.373,1742640.0,-0.58,-0.12,-1.85,-1.85,-0.053,,-0.011000000000000001
295,real,31-Aug-17,30-Sep-17,30,251,7,9,4.0,10604571.0,33139284.0,0.32,1.38,2001.0,7.0,4541.0,0.52,-0.268,13785.0,0.0,-0.02,-0.34,-0.34,0.109,,0.015
296,hellogold,28-Aug-17,02-Oct-17,35,249,12,4,19.0,5208991.0,16433424.706358928,,0.05,1509.0,1.0,2013.0,0.3,-0.516,28580.0,0.0,0.14,2.29,2.29,-0.141,,0.022000000000000002
297,autonio,22-Sep-17,22-Oct-17,30,229,12,2,9.0,13881450.0,10000000.0,,0.1,4248.0,1.0,6856.0,0.4587431997303549,-0.955,11004.0,0.36,0.27,4.26,4.26,-0.8140000000000001,,0.042
298,herocoin,14-Sep-17,14-Oct-17,30,237,5,7,7.0,2021034.0,15546415.0,0.13,0.0267,1961.0,1.0,13019.90030828643,0.52,-0.24100000000000002,852325.0,0.3,0.16,2.55,2.55,-0.53,,0.024
299,digipulse,01-Oct-17,31-Oct-17,30,220,5,7,6.0,13881450.0,34566584.30097836,,1.21,25256.0,2.0,6412.0,0.4587431997303549,-0.11599999999999999,4092.0,0.12,0.24,3.77,3.77,-0.133,,0.018000000000000002
300,iungo,07-Dec-17,31-Jan-18,55,128,5,4,14.0,45978800.0,45978800.0,1.0,1.15,10636.0,1.0,5008.0,0.72,-0.5870000000000001,885373.0,-0.17,-0.2,-3.17,-3.17,-0.063,,-0.011000000000000001
301,cryptopay,02-Oct-17,30-Oct-17,28,221,4,0,3.0,18148220.0,64815071.0,0.28,0.31,371.0,5.0,8667.0,0.48,0.243,380453.0,0.1,0.07,1.04,1.04,-0.34600000000000003,,0.006
302,blockcat,15-Jul-17,14-Aug-17,30,298,1,4,7.0,6284400.0,6284400.0,1.0,1.0,7348.945986307265,1.0,7987.0,0.42,0.08,28777.0,0.19,0.06,0.96,0.96,-0.191,,0.006999999999999999
303,eboost,13-Sep-16,25-Oct-16,42,591,12,7,11.78575519762246,13881450.0,34566584.30097836,,0.2,7348.945986307265,1.0,15791.638211498579,0.4587431997303549,-0.126,300469.0,0.24,0.13,2.11,2.07,0.086,2.885,0.015
304,upfiring,03-Oct-17,31-Oct-17,28,220,12,4,7.02733916083916,25848.0,11582610.615360258,,0.05,5395.366926923923,1.0,11644.179146630078,0.38,7.382000000000001,362421.0,-0.26,0.21,3.33,3.33,-0.272,,0.016
305,verime,01-Mar-18,31-Mar-18,30,69,7,4,18.0,21720000.0,30166667.0,0.72,0.8604840901386183,38927.0,1.0,9046.0,0.48,0.0,95404.0,-0.3,-2.41,-4.82,-4.82,0.214,,-0.027000000000000003
306,hush,02-May-18,10-Jun-18,39,-2,5,0,12.0,13881450.0,34566584.30097836,0.0,0.8170000000000001,631.0,2.0,774.0,0.46,-0.9490000000000001,69.0,0.01,0.16,2.51,2.51,-0.12300000000000001,,0.03
307,cryptoping,25-May-17,24-Jun-17,30,349,12,4,12.100648412515675,2742420.0,15412846.790607298,,0.28,2.0,8.0,10518.0,0.5039115044430998,0.425,407237.0,-0.19,0.03,0.48,0.48,-0.083,,0.013000000000000001
308,starbase,09-Nov-17,24-Nov-17,15,196,8,4,5.0,8842000.0,10047727.0,0.88,0.1,7348.945986307265,1.0,182.0,0.64,0.078,11977.0,0.31,0.15,2.32,2.32,1.7790000000000001,,0.24600000000000002
309,sense,07-Nov-17,21-Nov-17,14,199,1,5,7.0,15000000.0,15000000.0,1.0,0.1,2416.0,1.0,9040.0,0.44,-0.433,13019.0,0.03,-0.16,-2.58,-2.58,-0.27699999999999997,,-0.002
310,parkgene,15-Jan-18,19-Mar-18,63,81,7,2,5.0,24335000.0,34764286.0,0.7,0.1,6814.0,4.0,775.0,0.6,-0.8740000000000001,58791.0,-0.13,-1.05,-2.1,-2.1,-0.4,,-0.013000000000000001
311,vezt,04-Nov-17,03-Dec-17,29,187,1,1,19.0,1378806.0,15320067.0,0.09,0.5,2811.0,1.0,5402.0,0.54,5.32,2379180.0,-0.14,-0.13,-2.04,-2.04,-0.522,,-0.01
312,tokenbox,14-Nov-17,28-Nov-17,14,192,2,4,8.0,8000000.0,20000000.0,0.4,1.0,1965.0,1.0,2444.0,0.76,0.5,116601.0,-0.15,-0.12,-1.91,-1.91,0.076,,-0.004
313,mywish,25-Oct-17,25-Nov-17,31,195,2,7,8.0,2670000.0,2696970.0,0.99,0.23,2355.0,1.0,4074.0,0.5039115044430998,0.354,305113.0,0.14,0.18,2.8,2.8,0.268,,0.006999999999999999
314,lampix,09-Aug-17,18-Aug-17,9,294,1,4,13.0,14200000.0,59166667.0,0.24,0.26,1680.0,1.0,3394.0,0.4,-0.634,29039.0,0.07,0.06,0.89,0.89,-0.122,,0.005
315,syncfab,15-Feb-18,15-Mar-18,28,85,1,4,9.0,9155717.0,19903733.0,0.46,0.12,10061.0,5.0,14171.586788402423,0.58,-0.612,48703.0,0.02,0.14,0.28,0.28,-0.72,,-0.006
316,reftoken,17-Nov-17,17-Dec-17,30,173,5,2,8.0,13881450.0,48000000.0,,14.0,2862.0,1.0,4316.0,0.4587431997303549,-0.506,129535.0,0.22,0.1,1.57,1.57,-0.091,,0.028999999999999998
317,aigang,15-Nov-17,15-Dec-17,30,175,7,2,7.0,4228920.0,30206571.0,0.14,0.31,4747.0,1.0,7875.0,0.7,12.097000000000001,16206500.0,-0.22,-0.26,-4.06,-4.06,-0.228,,-0.018000000000000002
318,copytrack,10-Dec-17,10-Feb-18,62,118,5,2,4.0,11087368.0,61596489.0,0.18,1.19,8399.0,5.0,15791.638211498579,0.4921636783561435,-0.648,85931.0,-0.1,-0.02,-0.35,-0.35,0.281,,-0.006
319,ethbits,15-Apr-17,13-May-17,28,391,4,4,3.0,1216178.0,11582610.615360258,,1.14,6069.0,1.0,5622.0,0.40649005597826066,0.9209999999999999,3027.0,0.06,0.25,3.94,3.94,30.714000000000002,,1.993
320,bonpay,31-Oct-17,28-Nov-17,28,192,4,2,4.0,10000000.0,18035526.83829695,,0.9,969.0,2.0,10057.0,0.4921636783561435,1.1440000000000001,4834.0,-0.02,0.0,0.04,0.04,-0.099,,0.0
321,ethorse,10-Jan-18,17-Jan-18,7,142,7,7,12.100648412515675,4800000.0,16433424.706358928,,0.8279986571179905,7769.65093136221,1.0,1307.0,0.34,0.0,523864.0,0.01,0.03,0.4,0.4,-0.07200000000000001,,-0.002
322,daneel,29-Jan-18,05-Mar-18,35,95,5,2,15.0,2830400.0,15724444.0,0.18,0.29,6218.0,4.0,12006.770707423431,0.68,-0.833,130556.0,0.37,2.97,5.94,5.94,2.738,,0.067
323,1world,05-Oct-17,06-Nov-17,32,214,1,0,66.0,5000000.0,16433424.706358928,,1.2,6888.0,1.0,7570.0,0.42,-0.657,357311.0,-0.08,-0.01,-0.12,-0.12,-0.083,,0.0
324,coinlancer,14-Oct-17,15-Nov-17,32,205,12,4,36.0,11860153.0,49417304.0,0.24,0.25,7164.0,5.0,2306.0,0.5,0.691,3536710.0,0.03,-0.09,-1.49,-1.49,-0.22,,-0.008
325,starta,04-Jul-17,03-Aug-17,30,309,2,2,13.0,50000009.0,45931858.05932918,,1.0,18986.10291817741,7.0,24188.36461509275,0.6043889604030265,-0.204,6482.0,0.17,0.05,0.73,0.73,-0.635,,0.027000000000000003
326,micromoney,18-Oct-17,18-Nov-17,31,202,12,2,18.0,10541585.0,30118814.0,0.35,1.0,5139.0,2.0,165957.0,0.4921636783561435,-0.326,452417.0,0.31,0.09,1.47,1.47,-0.157,,0.001
327,mercury-protocol,23-Oct-17,23-Nov-17,31,197,1,4,16.0,4749479.0,19789496.0,0.24,0.043,736.0,2.317412370806332,5498.0,0.68,-0.07,42740.0,0.15,0.09,1.47,1.47,-0.033,,0.017
328,blitzpredict,22-Jan-18,22-Feb-18,31,106,12,7,5.0,4374000.0,7290000.0,0.6,0.0292,13695.0,1.0,12006.770707423431,0.52,-0.677,48405.0,-0.04,0.08,1.21,1.21,0.344,,0.016
329,chainium,25-Dec-17,12-Jan-18,18,147,5,2,6.0,3434946.0,5540235.0,0.62,0.0664,7769.65093136221,1.0,80.0,0.54,0.594,70198.0,0.07,0.52,1.04,1.04,0.5920000000000001,,-0.01
330,biotron,27-Mar-18,05-Apr-18,9,64,12,7,11.78575519762246,13881450.0,34566584.30097836,,0.22,2436.0,1.0,15791.638211498579,0.46,-0.8140000000000001,955.0,0.16,1.3,2.61,2.61,0.177,,0.013999999999999999
331,goldmint,20-Sep-17,11-Nov-17,52,209,2,2,11.0,7300000.0,40555556.0,0.18,7.0,11118.0,10.0,2617.0,0.46,-0.634,74776.0,0.24,0.16,2.47,2.47,0.141,,0.015
332,obsidian,12-Aug-17,26-Aug-17,14,286,4,4,6.0,1566332.0,8701844.0,0.18,0.15,796.0,4.0,8993.0,0.62,1.49,262223.0,0.12,0.15,2.45,2.45,-0.033,,0.004
333,verify,29-Nov-17,06-Dec-17,7,184,7,4,9.0,2500000.0,2500000.0,1.0,0.23,3536.0,1.0,508.0,0.5039115044430998,1.44,803439.0,0.32,0.12,1.86,1.86,0.171,,0.009000000000000001
334,eventchain,13-Sep-17,14-Oct-17,31,237,1,1,8.0,772896.0,12881600.0,0.06,1.47,5395.366926923923,1.0,26974.0,0.44,-0.887,1884.0,0.21,0.17,2.74,2.74,-0.525,,0.037000000000000005
335,signals-network,12-Mar-18,09-Apr-18,28,60,12,7,11.0,13881450.0,34566584.30097836,,0.9121706080373091,7348.945986307265,1.3894606962523557,15791.638211498579,0.4587431997303549,0.0,233052.0,-0.15,-0.25,-0.5,-0.5,0.195,,-0.003
336,pylon-network,04-Oct-17,24-Oct-17,20,227,5,10,11.0,13881450.0,34566584.30097836,,1.79,1514.0,1.0,4024.0,0.4587431997303549,12.200999999999999,69585.0,0.11,0.02,0.25,0.25,-0.391,,0.003
337,trakinvest,08-Feb-18,07-Mar-18,27,93,7,2,14.0,50000000.0,45931858.05932918,,0.8604840901386183,38217.0,2.0,475.0,0.6043889604030265,0.0,262810.0,-0.01,-0.1,-0.2,-0.2,-0.33899999999999997,,-0.01
338,fabric-token,15-Feb-18,01-Apr-18,45,68,5,0,11.0,1035986.0,8633217.0,0.12,0.1125,5350.0,0.0,1579.0,0.42,-0.172,83004.0,0.78,1.36,2.71,2.71,-4.501,,0.012
339,tokenstars,31-Aug-17,31-Oct-17,61,220,7,7,4.0,4901220.0,7540338.0,0.65,0.42,17570.0,1.0,12006.770707423431,0.56,-0.165,409248.0,-0.28,-2.18,-4.37,-4.37,0.065,,-0.027000000000000003
340,authorship,15-Aug-17,14-Sep-17,30,267,1,5,1.0,13881450.0,7000000.0,,0.04,161.0,1.0,11785.0,0.4587431997303549,-0.287,12714.0,0.1,0.11,1.74,1.74,-0.111,,0.025
341,transcodium,01-Mar-18,30-Apr-18,60,39,4,4,7.0,10977534.0,29669011.0,0.37,0.376,6136.0,1.0,30175.79185733191,0.52,-0.625,488145.0,-0.19,-1.5,-3.0,-3.0,-0.794,,-0.027999999999999997
342,ethersportz,09-Jan-18,10-Jan-18,1,149,1,1,6.0,3500000.0,3500000.0,1.0,0.5,1744.0,1.0,12006.770707423431,0.5039115044430998,0.12300000000000001,71545.0,0.12,0.04,0.57,0.57,1.032,,0.016
343,chronologic,25-Aug-17,25-Sep-17,31,256,12,2,3.0,7400000.0,18035526.83829695,,0.1,7348.945986307265,1.0,12006.770707423431,0.3,108.4,23084.0,-0.02,0.0,-0.02,-0.02,-0.006999999999999999,,0.012
344,skincoin,21-Jun-17,21-Jul-17,30,322,2,0,5.0,3292183.0,9976312.0,0.33,0.04,729.0,7.0,6693.0,0.5039115044430998,-0.08,9042.0,-0.18,0.0,0.0,0.0,-0.34600000000000003,,0.009000000000000001
345,hirematch,01-Oct-17,15-Feb-18,137,113,1,2,4.0,16000000.0,34566584.30097836,,0.17,26788.604402622244,4.0,1959.0,0.28,-0.8320000000000001,98386.0,0.03,0.16,2.52,2.52,-0.107,,0.012
346,emphy,07-Oct-17,05-Nov-17,29,215,5,9,5.0,44500.0,4450000.0,0.01,0.1,13698.0,1.0,13218.0,0.40649005597826066,1.42,100754.0,0.14,0.24,3.84,3.84,0.045,,0.032
347,live-stars,15-Jan-18,15-Feb-18,31,113,5,4,6.0,2518564.0,5037128.0,0.5,0.2,2712.0,1.0,7712.0,0.5,-0.602,144179.0,-0.06,-0.46,-0.92,-0.92,-0.18100000000000002,,-0.015
348,phi-token,08-Mar-18,21-Mar-18,13,79,5,7,16.0,3800000.0,16433424.706358928,,1.6180299999999999,26060.0,1.0,3832.0,0.2,-0.631,58338.0,-0.09,-0.69,-1.38,-1.38,0.191,,-0.004
349,nitro,30-Nov-17,26-Dec-17,26,164,3,4,11.0,2694156.0,53883120.0,0.05,0.97,15986.0,1.0,3835.0,0.84,0.5770000000000001,131540.0,0.07,0.07,1.18,1.18,-0.371,,0.027000000000000003
350,soma,27-Sep-17,14-Nov-17,48,206,5,8,11.0,6049621.0,40330807.0,0.15,0.74,4946.0,2.0,5119.0,0.54,-0.6859999999999999,6114.0,0.39,0.15,2.37,2.37,-0.24100000000000002,,0.024
351,wandx,27-Oct-17,21-Nov-17,25,199,7,7,6.0,86654.0,11582610.615360258,,0.09,2364.0,1.0,6447.0,0.34,4.727,90663.0,0.3,0.04,0.6,0.6,0.32799999999999996,,0.011000000000000001
352,boutspro,11-Mar-18,25-Mar-18,14,75,4,0,32.0,13881450.0,34566584.30097836,,0.9121706080373091,12554.0,1.0,9955.0,0.4587431997303549,0.0,100240.0,0.04,0.3,0.6,0.6,-0.29100000000000004,,-0.003
353,crycash,12-Dec-17,31-Jan-18,50,128,5,0,6.0,13881450.0,34566584.30097836,,0.9121706080373091,3106.0,3.0,1457.0,0.42,0.0,50581.0,0.07,0.57,1.14,1.14,0.147,,-0.006
354,tigereum,08-Dec-17,18-Dec-17,10,172,4,4,15.0,13881450.0,12000000.0,,0.8,7348.945986307265,2.0,3710.0,0.4587431997303549,-0.8190000000000001,195263.0,0.29,0.14,2.27,2.27,-0.128,,0.021
355,bitjob,12-Sep-17,13-Oct-17,31,238,12,4,26.0,2726424.0,11854017.0,0.23,0.39,2189.0,1.0,6903.0,0.62,-0.733,67138.0,-0.15,0.14,2.26,2.23,-0.182,0.27399999999999997,0.013000000000000001
356,wild-crypto,05-Sep-17,11-Sep-17,6,270,12,7,11.78575519762246,13881450.0,34566584.30097836,,0.9121706080373091,617.0,1.3894606962523557,15791.638211498579,0.4587431997303549,0.0,4468.0,0.03,0.13,2.08,2.08,-0.285,,0.019
357,earth-token,15-Dec-17,15-Mar-18,90,85,11,4,11.0,20000000.0,34566584.30097836,,0.16,12909.0,2.2946645354714295,20485.0,0.22,-0.6990000000000001,509033.0,-0.36,-2.82,-5.64,-5.64,-0.271,,-0.042
358,plancoin,24-Jan-18,23-Feb-18,30,105,12,0,12.100648412515675,1700000.0,13277541.051701112,,0.6,5395.366926923923,1.0,1918.0,0.43663006961152584,-0.584,282642.0,0.03,0.21,0.41,0.41,0.727,,0.0
359,blocklancer,16-Jan-18,16-Feb-18,31,112,5,2,5.0,30000010.0,90909121.0,0.33,0.09,16916.23900268034,1.0,50.0,0.68,-0.795,34683.0,0.24,0.1,1.62,1.62,0.902,,0.016
360,fundyourselfnow,13-Jun-17,31-Jul-17,48,312,12,7,9.0,13881450.0,34566584.30097836,,0.9121706080373091,5173.0,0.0,15791.638211498579,0.4587431997303549,0.0,27307.0,0.24,0.14,2.2,2.2,0.16899999999999998,,0.017
361,mcap,27-Apr-17,07-May-17,10,397,1,0,14.880105980735289,44287318.0,45931858.05932918,,4.0,18986.10291817741,1.0,155.0,0.5862628342769004,0.635,3797.0,-0.1,-0.14,-2.3,-2.3,0.035,,-0.003
362,oceanlab,07-Aug-17,31-Aug-17,24,281,12,0,11.78575519762246,13881450.0,34566584.30097836,,0.9121706080373091,7348.945986307265,0.0,15791.638211498579,0.4587431997303549,0.0,29066.0,0.34,0.17,2.64,2.64,-0.14300000000000002,,0.008
363,monster-byte,06-Jul-17,04-Aug-17,29,308,10,1,2.0,10000002.0,10000002.0,1.0,0.11,7348.945986307265,2.0,2220.0,0.44,-0.271,16860.0,0.13,0.13,2.1,2.1,0.44299999999999995,,0.026000000000000002
364,suretly,11-Jul-17,11-Aug-17,31,301,2,2,6.0,28000001.0,42227032.326398775,,30.93,16916.23900268034,1.0,1304.0,0.54,-0.578,12585.0,-0.12,-0.04,-0.67,-0.67,-0.024,,0.005
365,bitair,17-Sep-17,31-Oct-17,44,220,12,7,14.391287313971588,21510000.0,34566584.30097836,,0.019,14851.802682820096,1.0,15078.901689143211,0.4,-0.239,209739.0,0.14,-0.02,-0.32,-0.32,-0.222,,0.001
366,pluscoin,26-Sep-17,10-Oct-17,14,241,8,0,13.0,9598000.0,18035526.83829695,,1.49,116.0,7.0,251.0,0.22,-0.9990000000000001,67444.0,-0.11,0.08,1.23,1.23,-0.7290000000000001,,0.051
367,crystal-clear,08-Sep-17,08-Oct-17,30,243,2,6,7.0,3377550.0,16433424.706358928,,3.09,7769.65093136221,1.0,4541.0,0.5039115044430998,-0.1,21319.0,-0.14,-0.02,-0.39,-0.39,-0.499,,0.018000000000000002
368,escroco,30-Oct-17,28-Nov-17,29,192,12,2,11.78575519762246,13881450.0,34566584.30097836,,0.1,7348.945986307265,1.0,15791.638211498579,0.22,30.9,515908.0,0.18,0.03,0.49,0.44,-0.12300000000000001,6.461,0.016
369,fujinto,10-Aug-17,10-Sep-17,31,271,8,0,4.0,17566200.0,29277000.0,0.6,0.07,14851.802682820096,1.0,961.0,0.24,4.452,580241.0,-0.34,-0.24,-3.74,-3.74,0.32299999999999995,,-0.001
370,peerguess,28-Oct-17,09-Dec-17,42,181,12,4,13.0,13881450.0,34566584.30097836,,0.9121706080373091,1063.0,0.0,2054.0,0.4587431997303549,0.0,42120.0,-0.24,-0.06,-1.02,-1.07,-0.264,19.131,0.02
371,bolenum,15-Jul-17,14-Aug-17,30,298,12,0,7.455672494172494,19121.0,11582610.615360258,,5.98,5395.366926923923,3.0,54535.0,0.42,-0.996,13218.0,-0.1,0.12,1.85,1.85,1.081,,0.03
372,srcoin,01-Mar-18,31-Mar-18,30,69,12,3,11.0,4000000.0,16433424.706358928,,0.8279986571179905,1211.0,1.0,970.0,0.26,0.0,132146.0,0.04,0.31,0.63,0.63,1.4780000000000002,,0.006999999999999999
373,leverj,07-Nov-17,07-Dec-17,30,183,12,4,6.0,13049080.0,50188769.0,0.26,0.15,3610.0,1.0,5154.0,0.6,0.8170000000000001,47085.0,-0.14,-0.14,-2.28,-2.28,-0.011000000000000001,,-0.002
374,ecobit,09-Apr-17,15-Jun-17,67,358,12,7,11.78575519762246,13881450.0,34566584.30097836,,0.03,289.0,2.0,1133.0,0.4587431997303549,0.078,41297.0,-0.03,0.0,0.0,0.0,-0.145,,0.008
375,hedge,15-Sep-17,15-Oct-17,30,236,5,0,9.0,2100000.0,15000000.0,0.14,0.67,6757.4850936346975,3.0,3820.0,0.5039115044430998,0.063,35573.0,0.16,0.13,2.06,2.06,-0.209,,0.057
376,apx,01-May-17,21-May-17,20,383,12,0,12.100648412515675,2749185.0,2749185.0,1.0,0.6,7769.65093136221,1.0,5294.0,0.5039115044430998,4.2669999999999995,714525.0,0.21,0.07,1.18,1.18,-0.098,,0.008
377,blockpool,01-May-17,30-Jun-17,60,343,12,7,10.0,13881450.0,34566584.30097836,,0.9121706080373091,7348.945986307265,1.0,15791.638211498579,0.4587431997303549,0.0,39542.0,-0.11,0.18,2.93,2.93,-0.023,,0.011000000000000001
378,clearcoin,16-Nov-17,31-Mar-18,135,69,1,7,17.0,4350000.0,16433424.706358928,,0.01,24996.0,3.0,12006.770707423431,0.52,0.551,93524.0,0.07,-0.04,-0.6,-0.6,0.413,,-0.01
379,darcrus,21-Dec-16,26-Dec-16,5,529,12,4,1.0,29742.0,129313.0,0.23,0.02,1543.0,1.0,9458.0,0.40649005597826066,0.05,6268.0,0.36,0.17,2.66,2.66,0.972,,0.015
380,flypme,19-Sep-17,26-Sep-17,7,262,5,7,1.0,1610000.0,11582610.615360258,,0.07,22.0,1.0,11644.179146630078,0.38,1.578,15603.0,0.1,0.21,3.3,3.3,-0.539,,0.021
381,neverdie,30-Jun-17,01-Sep-17,63,280,1,1,2.0,5800000.0,10000000.0,0.58,0.25,15.0,6.0,1491.0,0.4921636783561435,-0.193,43022.0,-0.08,-0.16,-2.59,-2.59,-0.257,,0.006
382,qvolta,10-Oct-17,20-Oct-17,10,231,7,0,4.0,729652.0,4560325.0,0.16,0.3,1594.0,1.0,1.0,0.40649005597826066,0.064,40141.0,0.06,0.14,2.28,2.28,0.109,,0.017
383,centra,03-Aug-17,02-Oct-17,60,249,1,2,19.0,26100000.0,26100000.0,1.0,0.73,1190.0,5.0,48.0,0.56,-0.527,2484.0,0.24,0.14,2.22,2.22,-0.409,,0.044000000000000004
384,farad,01-Oct-17,31-Oct-17,30,220,12,10,11.0,13881450.0,34566584.30097836,,0.13,76.0,1.0,3433.0,0.56,-0.395,39680.0,0.05,0.12,1.95,1.95,-0.121,,0.012
385,musiconomi,27-Aug-17,27-Sep-17,31,254,12,7,6.0,13881450.0,34566584.30097836,,0.01,7348.945986307265,1.0,15791.638211498579,0.46,10.468,735.0,0.09,0.12,1.87,1.87,-0.006999999999999999,,0.021
386,etheriya,21-Jun-17,10-Aug-17,50,302,12,4,7.02733916083916,30000.0,35294.0,0.85,0.25,5395.366926923923,2.0,605.0,0.40649005597826066,5.4,23481.0,0.18,0.02,0.34,0.34,1.31,,0.042
387,global-jobcoin,28-Oct-17,06-Dec-17,39,184,6,4,4.0,13881450.0,34566584.30097836,,1.31,7348.945986307265,2.0,12062.0,0.4587431997303549,-0.8170000000000001,14648.0,0.14,0.13,2.13,2.13,-0.065,,0.081
388,bitpark-coin,15-Sep-16,20-Oct-16,35,596,8,2,1.0,29195.0,11582610.615360258,,0.1,5395.366926923923,0.0,1119.0,0.40649005597826066,-0.8170000000000001,103.0,-0.02,0.08,1.2,1.2,0.494,,0.022000000000000002
389,elcoin,08-Jan-18,05-Feb-18,28,123,5,4,18.0,13881450.0,30000000.0,,0.9121706080373091,692.0,1.0,4490.0,0.4587431997303549,0.0,11.0,-0.12,0.16,2.61,2.61,-2.859,,37.733000000000004
390,blockpay,23-Aug-16,15-Sep-16,23,631,6,4,1.0,53836010.0,45931858.05932918,,0.12,18986.10291817741,2.0,24188.36461509275,0.6818056323781315,0.762,483.0,-0.17,-0.01,-0.13,-0.13,0.456,,0.027999999999999997
391,regalcoin,22-Aug-17,22-Sep-17,31,259,12,0,11.78575519762246,13881450.0,34566584.30097836,,0.97,5479.0,1.0,9621.0,0.4587431997303549,10.742,3808740.0,0.4,0.22,3.52,3.52,-0.259,,-0.006
392,tigercoin,25-Feb-18,25-Mar-18,28,75,12,2,11.78575519762246,13881450.0,34566584.30097836,,0.9121706080373091,507.0,0.0,15791.638211498579,0.32,0.0,0.0,-0.24,-0.13,-2.12,-2.12,-0.252,,0.046
393,ccore,09-Nov-17,30-Nov-17,21,190,12,2,8.0,1400000.0,11582610.615360258,,0.45,2017.0,1.0,3990.0,0.26,1.163,15228.0,0.11,0.12,1.84,1.84,0.247,,0.049
394,abjcoin,01-Sep-17,30-Oct-17,59,221,12,0,10.0,13881450.0,1290000.0,,0.5,1806.0,1.0,15791.638211498579,0.28,0.183,87523.0,0.09,0.23,3.57,3.57,0.35100000000000003,,0.109
395,300-token,30-Jun-17,06-Jul-17,6,337,12,0,7.455672494172494,16724.0,23891.0,0.7,79.76,5395.366926923923,1.0,859.0,0.40649005597826066,7.334,22581.0,-0.15,0.03,0.48,0.48,0.569,,0.016
396,newbium,01-May-16,31-May-16,30,738,12,4,7.02733916083916,38180.0,636333.0,0.06,0.8279986571179905,5395.366926923923,1.0,3301.0,0.40649005597826066,0.0,11.0,0.27,0.22,3.51,3.51,-0.10300000000000001,,0.086
397,bankcoin,05-Nov-16,19-Dec-16,44,536,10,2,2.0,1000000.0,6250000.0,0.16,0.25,20.0,1.0,2513.0,0.40649005597826066,0.998,47742.0,0.11,0.23,3.65,3.65,0.231,,0.065
398,copico,16-Oct-17,16-Nov-17,31,204,12,0,2.0,13881450.0,34566584.30097836,,0.006,1275.0,1.0,15791.638211498579,0.32,2.748,107543.0,0.05,0.22,3.42,3.42,-0.19,,0.024
399,icobid,09-Dec-16,09-Jan-17,31,515,12,7,11.78575519762246,13881450.0,34566584.30097836,,0.0,7348.945986307265,0.0,15791.638211498579,0.4587431997303549,0.0,808.0,0.25,0.14,2.2,2.2,0.7859999999999999,,0.026000000000000002
400,iconic,01-Mar-18,31-Mar-18,30,69,12,2,11.78575519762246,13881450.0,34566584.30097836,,0.9121706080373091,2921.0,1.0,15791.638211498579,0.28,0.0,180.0,0.24,0.16,2.48,2.48,0.493,,0.035
401,pundi-x,21-Jan-18,21-Jan-18,0,138,12,4,4.0,35000000.0,35000000.0,1.0,2.1,23252.0,2.6234959044635793,5667.0,0.86,-1.0,970635.0,-0.19,0.29,4.53,4.53,-0.6709999999999999,,0.035
402,libra-credit,01-May-18,01-Jun-18,31,7,7,2,10.0,26400000.0,26400000.0,1.0,0.1,96679.0,3.812862020811012,22674.385104696234,0.56,1.986,4569100.0,-0.92,-1.59,-3.17,-3.17,-0.6509999999999999,,-0.023
403,apis,04-Mar-18,03-Apr-18,30,66,7,0,21.0,13881450.0,34566584.30097836,,0.9121706080373091,7348.945986307265,0.0,15791.638211498579,0.2,0.0,4766240.0,1.4,2.42,4.84,4.84,-6.233,,0.086
404,skrumble-network,05-May-18,07-May-18,2,32,12,2,31.0,16472800.0,16472800.0,1.0,0.0515,54490.0,2.2297417985057035,2028.0,0.3,0.873,32789700.0,-0.17,-1.35,-2.69,-2.69,-0.867,,-0.017
405,educoin,18-Mar-18,25-Mar-18,7,75,7,11,4.0,13881450.0,34566584.30097836,,0.9121706080373091,372.0,1.0,7.0,0.4587431997303549,0.0,4.0,0.22,0.16,2.51,2.51,49.38,,0.759
406,the-abyss,18-Apr-18,16-May-18,28,23,5,4,12.0,15362418.0,18073433.0,0.85,0.11,40746.0,2.2297417985057035,17273.0,0.74,-0.33899999999999997,1355170.0,inf,inf,inf,inf,,,
407,bezant,,11-May-18,8,28,7,0,32.0,27500000.0,39855072.0,0.69,0.1,5317.0,3.812862020811012,1920.0,0.5749858098677566,1.1,1779890.0,-0.11,-0.88,-1.75,-1.75,-0.332,,-0.013000000000000001
408,phantasma,27-May-18,28-May-18,1,11,12,7,13.0,9650000.0,9747475.0,0.99,0.23,20824.0,2.317412370806332,5534.0,0.4921636783561435,1.476,799685.0,0.25,0.43,0.87,0.87,-1.671,,0.01
409,crowd-machine,01-Apr-18,22-May-19,416,-348,7,4,13.0,31816000.0,100000000.0,0.31816,0.8604840901386183,6059.0,2.912721573023506,5214.0,0.62,0.0,220487.0,-0.28,-2.2,-4.39,-4.39,0.45,,-0.016
410,bankera,27-Nov-17,27-Feb-18,92,101,5,2,7.0,150949194.0,215641706.0,0.7,0.02,20634.0,2.579129099672752,25468.0,0.48,-0.48100000000000004,2604320.0,-8.06,-13.97,-27.94,-27.94,-2.211,,-0.087
411,hurify,01-Feb-18,28-Feb-18,27,100,1,4,6.0,21731500.0,34566584.30097836,,0.8604840901386183,67323.0,2.2946645354714295,4.0,0.34,0.0,1393930.0,inf,inf,inf,inf,,,
412,aware,04-Jan-18,30-Jan-18,26,129,12,2,11.78575519762246,13881450.0,34566584.30097836,,0.063,594.0,1.0,15791.638211498579,0.32,0.495,1391910.0,-0.31,-0.19,-2.96,-2.96,-0.013000000000000001,,-0.003
413,cfun,18-Dec-17,19-Dec-17,1,171,7,4,9.0,15000000.0,15000000.0,1.0,0.03,4563.0,1.0,5561.0,0.5124599738064687,2.506,14156000.0,-0.17,-0.18,-2.79,-2.79,0.077,,-0.005
414,paymon,30-Mar-18,20-Apr-18,21,49,2,4,20.0,1092514.0,3034761.0,0.36,0.8279986571179905,8866.0,2.317412370806332,9281.0,0.32,0.0,172644.0,inf,inf,inf,inf,,,
415,gems,30-Jan-18,01-Feb-18,2,127,12,2,2.0,13881450.0,34566584.30097836,,0.075,32534.0,2.0,19517.0,0.52,-0.6890000000000001,4746.0,-0.07,0.01,0.16,0.16,0.755,,0.152
416,silent-notary,15-Mar-18,12-Apr-18,28,57,2,0,4.0,13881450.0,34566584.30097836,,0.0,30703.0,0.0,6890.0,0.32,0.0,339139.0,1.6,2.77,5.53,5.53,-1.7819999999999998,,0.086
417,shivom,03-May-18,10-May-18,7,29,12,7,14.19262060061833,35000000.0,35000000.0,1.0,0.8604840901386183,53141.0,2.6234959044635793,24188.36461509275,0.58,0.0,318348.0,inf,inf,inf,inf,,,
418,traxia,01-May-18,02-Jun-18,32,6,6,2,11.0,15000000.0,15151515.0,0.99,0.06,4348.0,1.3894606962523557,2387.0,0.58,0.0,,,,,,,,
419,exchange-union,05-Aug-17,29-Aug-17,24,283,12,7,4.0,13881450.0,34566584.30097836,,1.0,7348.945986307265,1.3894606962523557,15791.638211498579,0.66,1.29,304953.0,0.19,0.19,3.0,3.0,-0.115,,0.01
420,seele,03-Apr-18,03-Apr-18,0,66,12,0,11.78575519762246,12133800.0,12133800.0,1.0,0.0324,28828.0,2.249808359844698,15791.638211498579,0.72,8.3,1750560.0,-0.93,-1.61,-3.21,-3.21,-1.214,,-0.011000000000000001
421,patron,27-Mar-18,09-May-18,43,30,8,4,26.0,40000000.0,40000000.0,1.0,0.5,14432.0,0.0,21696.0,0.64,-0.8640000000000001,933787.0,0.25,0.44,0.88,0.88,-2.803,,0.005
422,key,23-Sep-17,23-Oct-17,30,228,12,2,14.814468785436812,21780000.0,34566584.30097836,,0.01,16916.23900268034,2.0,15078.901689143211,0.34,0.063,496995.0,-0.18,-1.41,-2.81,-2.81,0.201,,-0.006999999999999999
423,stockchain,16-Mar-18,19-Mar-18,3,81,7,7,18.0,2693450.0,15412846.790607298,,0.8279986571179905,87034.0,1.0,55912.0,0.5039115044430998,0.0,271642.0,0.31,-0.03,-0.52,-0.52,-0.165,,-0.003
424,spindle,09-May-18,15-May-18,6,24,4,0,12.0,13881450.0,34566584.30097836,,0.23,30067.0,1.3894606962523557,24303.0,0.4,-0.905,2379600.0,-0.3,-0.52,-1.05,-1.05,-2.151,,0.0
425,cryptaur,27-Nov-17,12-Mar-18,105,88,7,4,12.0,12000000.0,34566584.30097836,,0.01,1846.0,2.249808359844698,1739.0,0.36,-0.606,165405.0,9.66,16.74,33.48,33.48,-1.0,,0.04
426,xyo-network,20-Mar-18,21-May-18,62,18,1,7,25.0,11951000.0,47804000.0,0.25,0.01,16354.0,0.0,7370.0,0.66,-0.39799999999999996,245464.0,-0.6,-1.04,-2.09,-2.09,-1.145,,-0.027999999999999997
427,indicoin,30-Sep-17,01-Nov-17,32,219,12,0,9.0,23000.0,11582610.615360258,,0.02,5395.366926923923,1.0,22540.0,0.26,0.711,60496.0,0.16,0.05,0.73,0.73,-0.932,,0.027000000000000003
428,sphre-air,01-Jun-17,30-Jun-17,29,343,4,4,4.0,5272732.0,16433424.706358928,,0.19,7348.945986307265,1.0,12006.770707423431,0.4921636783561435,-0.222,10531.0,0.17,0.13,2.1,2.1,-0.11900000000000001,,0.004
429,amon,04-Mar-18,04-Apr-18,31,65,5,7,8.0,1332600.0,26652000.0,0.05,0.05,6966.0,2.0,2483.0,0.40649005597826066,0.264,152217.0,-0.43,-3.39,-6.78,-6.78,-1.555,,-0.049
430,shopin,30-Mar-18,15-Apr-18,16,54,1,7,11.0,42546499.0,50054705.0,0.85,0.1,18986.10291817741,3.039308979752699,1657.0,0.22,-0.68,70971.0,-0.67,-1.16,-2.31,-2.31,5.357,,-0.015
431,etherecash,15-Nov-17,12-Dec-17,27,178,12,2,8.0,40000000.0,100000000.0,0.4,1.0,18986.10291817741,10.0,1186.0,0.5749858098677566,-0.21600000000000003,248868.0,-0.15,-0.12,-1.95,-1.95,-0.545,,0.0
432,blockcdn,25-Nov-16,25-Dec-16,30,530,12,7,1.0,13881450.0,34566584.30097836,,0.9121706080373091,7348.945986307265,1.0,15791.638211498579,0.4587431997303549,0.0,31955.0,0.47,0.11,1.7,1.7,0.08800000000000001,,0.006
433,budbo,29-Jan-18,05-Mar-18,35,95,7,0,33.0,30000000.0,52631579.0,0.57,0.35,3304.0,3.0,5289.0,0.34,-0.6659999999999999,67317.0,0.1,0.81,1.63,1.63,0.244,,0.025
434,hero,14-Sep-17,14-Oct-17,30,237,5,1,13.0,36416517.0,173411986.0,0.21,0.04,1960.0,0.0,4525.0,0.52,7.513,88370.0,-0.18,-0.32,-0.64,-0.64,-1.351,,-0.016
435,blockmesh,28-Feb-18,31-Mar-18,31,69,12,0,13.0,3486451.0,9961289.0,0.35,0.05,5080.0,0.0,13321.0,0.42,-0.289,87339.0,-1.1,-1.9,-3.8,-3.8,0.727,,-0.025
436,contractnet,10-Mar-18,20-Mar-18,10,80,3,7,10.0,2661505.0,15412846.790607298,,0.8279986571179905,7769.65093136221,2.317412370806332,1225.0,0.5039115044430998,0.0,294035.0,-0.52,-0.9,-1.8,-1.8,-0.32899999999999996,,-0.015
437,sisa,20-Nov-17,20-Dec-17,30,170,12,2,5.0,13881450.0,34566584.30097836,,0.23,719.0,1.0,2978.0,0.4587431997303549,-0.488,32828.0,-0.02,0.09,1.49,1.49,-0.047,,0.028999999999999998
438,zengold,26-May-17,09-Jun-17,14,364,3,4,12.100648412515675,1908960.0,3030095.0,0.63,0.03,5395.366926923923,1.0,11644.179146630078,0.4554367842398232,10.472999999999999,13093.0,0.18,0.17,2.64,2.64,0.919,,0.157
439,utrum,20-May-18,20-Jun-18,31,-12,12,7,7.0,13881450.0,5000000.0,,0.12,7410.0,1.0,1333.0,0.4587431997303549,-0.249,21504.0,0.13,1.04,2.09,2.09,0.187,,0.006999999999999999
440,minex,15-May-17,13-Jun-17,29,360,2,0,9.0,78985.0,11582610.615360258,,6.18,5395.366926923923,1.0,10929.0,0.40649005597826066,-0.89,8495.0,0.01,0.06,1.02,1.02,-0.008,,0.022000000000000002
441,plexcoin,20-Sep-17,01-Oct-17,11,250,12,2,11.78575519762246,13881450.0,34566584.30097836,,0.9121706080373091,7348.945986307265,0.0,15791.638211498579,0.4587431997303549,0.0,27979.0,0.04,0.07,1.16,1.16,-0.598,,0.01
442,anryze,12-Sep-17,12-Oct-17,30,239,2,0,13.0,1759099.0,6065859.0,0.29,0.02,1019.0,1.0,11644.179146630078,0.5,0.29100000000000004,670261.0,0.23,0.14,2.27,2.27,-0.006,,0.016
443,smoke,20-Apr-18,25-May-18,35,14,10,5,6.0,25000.0,2500000.0,0.01,0.1,5395.366926923923,1.0,12159.0,0.40649005597826066,-0.9490000000000001,1761.0,0.03,0.12,1.88,1.88,0.97,,0.131
444,stex,24-Nov-17,31-Dec-17,37,159,5,7,5.0,13881450.0,34566584.30097836,,0.9121706080373091,7348.945986307265,0.0,15791.638211498579,0.4587431997303549,0.0,3009.0,0.22,0.13,2.02,2.02,-2683.2729999999997,,88.039
445,fapcoin,15-Sep-17,31-Oct-17,46,220,12,1,11.78575519762246,13881450.0,34566584.30097836,,0.3,7348.945986307265,1.0,15791.638211498579,0.4587431997303549,-0.46299999999999997,32723.0,0.1,0.08,1.3,1.3,0.255,,0.036000000000000004
446,ox-fina,01-Jul-17,31-Jul-17,30,312,10,0,11.78575519762246,13881450.0,34566584.30097836,,0.07,7348.945986307265,1.0,867.0,0.4587431997303549,-0.505,14630.0,0.2,0.09,1.39,1.39,0.614,,0.044000000000000004
