coin,start,end,duration,age,region,industry,team,raised,hardcap,success,price,telegram,N_google_news,N_twitter,ret_ico_to_day_one,vol_day1,sharpe_1,sharpe_3,sharpe_yr,sharpe_yr2,beta_btc,beta_top10,alpha_btc,alpha_top10
eos,11 Jun 2017,26 Jun 2017,15.0,338.0,1,blockchain,4,185000000.0,N/A,N/A,0.99,55121,40,N/A,0.02,13613000,0.19,0.09,1.35,1.32,0.075,1.325,0.014,0.016
iota,24 Nov 2017,20 Dec 2017,26.0,161.0,12,saas,N/A,N/A,N/A,N/A,N/A,2,8,N/A,0.0,25425600,-0.2,0.12,1.83,1.76,0.07,-0.191,0.007,0.008
tron,07 Sep 2017,08 Sep 2017,1.0,264.0,3,blockchain,1,70000000.0,70000000.0,1.0,0.0019,100000,31,N/A,0.046,48512,0.15,0.09,1.5,1.46,-0.073,2.187,0.026,0.025
neo,8 Aug 2017,7 Sep 2017,30.0,265.0,3,blockchain,16,28056944.0,N/A,N/A,0.03,4,32,318875,17.616,1349,0.12,0.08,1.33,1.3,0.04,-0.665,0.017,0.006
qtum,12 Mar 2017,17 Mar 2017,5.0,439.0,7,blockchain,18,15000000.0,N/A,1.0,0.3,14091,9,163767,19.633,11221600,0.23,0.06,0.98,0.93,0.071,0.623,0.008,0.005
omisego,23 Jun 2017,23 Jul 2017,30.0,311.0,7,fintech,5,25000000.0,25000000.0,1.0,0.23,N/A,13,275336,1.533,750698,0.37,0.31,4.86,4.82,-0.059,-1.101,0.016,0.004
icon,22 Sep 2017,22 Sep 2017,0.0,250.0,8,transportation,41,42750000.0,42800000.0,1.0,0.11,21035,30,102251,3.519,71509,0.34,0.32,5.1,5.05,-0.086,-1.848,0.017,0.018
zilliqa,27 Dec 2017,04 Jan 2018,8.0,146.0,12,blockchain,N/A,22000000.0,22000000.0,1.0,0.0038,30058,30,N/A,34.8,4921770,-0.37,-0.14,-2.21,-2.3,-0.358,-1.883,0.002,0.002
aeternity,29 May 2017,19 Jun 2017,21.0,345.0,5,saas,15,24426689.0,N/A,N/A,0.28,N/A,4,278,1.484,1518,0.39,0.09,1.42,1.42,0.026,0.393,0.017,0.009
0x,15 Aug 2017,15 Sep 2017,31.0,257.0,1,saas,6,24000000.0,24000000.0,1.0,0.07,N/A,8,43765,2.206,5232600,0.23,0.12,1.97,1.97,-0.256,-1.107,0.016,0.011
bytom,20 Jun 2017,20 Jul 2017,30.0,314.0,3,saas,5,22554000.0,N/A,N/A,0.05,N/A,2,17772,1.256,7543670,0.18,0.05,0.77,0.77,-0.084,-1.893,0.013,0.01
golem,13 Nov 2016,13 Nov 2016,0.0,563.0,5,saas,15,8000000.0,N/A,1.0,0.01,97,0,137892,56.708,33778300,0.01,0.1,0.2,0.2,0.574,2.318,0.012,0.01
wanchain,01 Oct 2017,01 Nov 2017,31.0,210.0,3,blockchain,17,35990000.0,36000000.0,1.0,0.34,47457,0,N/A,11.382,189439000,0.18,0.06,0.96,1.08,-0.582,-5.352,0.003,-0.021
populous,24 Jul 2017,24 Jul 2017,0.0,310.0,4,fintech,5,10220400.0,991001144.0,0.01,0.25,N/A,0,22840,12.32,2704070,0.2,0.11,1.69,1.75,-0.059,-4.943,0.012,-0.023
augur,17 Aug 2015,1 Oct 2015,45.0,972.0,1,saas,13,5000000.0,N/A,0.8,0.6,N/A,0,433,1.45,728,0.09,0.14,2.18,2.34,0.027,-0.636,0.009,0.001
status,20 Jun 2017,20 Jun 2017,0.0,344.0,6,saas,12,10000000.0,N/A,N/A,0.04,N/A,0,100920,0.404,13747700,-0.21,0.04,0.66,0.72,0.159,-0.511,0.008,-0.015
aion,24 Nov 2017,24 Dec 2017,30.0,157.0,12,blockchain,N/A,N/A,N/A,N/A,1.0,11240,0,N/A,-0.374,20958,0.12,0.22,3.46,3.5,-0.134,-5.057,0.018,-0.022
nebulas,8 Dec 2017,16 Dec 2017,8.0,169.0,1,saas,19,60000000.0,60000000.0,1.0,2.0,12063,2,22485,0.0,N/A,N/A,N/A,N/A,N/A,N/A,N/A,N/A,0.016
loopring,1 Aug 2017,16 Aug 2017,15.0,287.0,3,saas,3,45000000.0,N/A,1.0,0.06,N/A,0,27534,0.747,200829,-0.05,0.12,1.93,1.99,-0.143,-0.17,0.014,-0.02
cybermiles,21 Nov 2017,21 Dec 2017,30.0,160.0,1,saas,9,30881582.0,30900000.0,1.0,0.0524,70113,0,235086,2.447,12580000,-0.09,0.01,0.22,0.28,-0.015,-4.5,0.007,0.015
komodo,15 Oct 2016,16 Nov 2016,32.0,560.0,12,saas,N/A,1983781.0,N/A,N/A,0.38,N/A,0,88576,-0.708,22487,0.02,0.12,1.88,1.89,-0.003,-2.852,0.022,-0.016
digixdao,29 Mar 2016,30 Mar 2016,1.0,791.0,7,saas,N/A,55000004.0,N/A,N/A,4.2,N/A,0,15071,6.543,1900,-0.05,-0.01,-0.14,-0.07,0.031,-1.966,0.006,-0.024
ark,05 Nov 2016,09 Dec 2016,34.0,537.0,12,blockchain,N/A,22000000.0,N/A,N/A,0.1,43,0,N/A,-0.657,133793,0.32,0.26,4.19,4.25,-0.166,-2.125,0.017,-0.014
dentacoin,1 Oct 2017,1 Nov 2017,31.0,210.0,5,insurance services,19,1923507.0,28800000.0,0.07,0.0,1454,0,110,0.0,228296,0.04,0.06,0.94,0.98,-0.189,-1.091,0.025,-0.003
elastos,01 Jan 2018,22 Jan 2018,21.0,128.0,3,blockchain,N/A,94073200.0,94100000.0,1.0,18.09,17111,0,N/A,1.259,33745700,0.19,-0.02,-0.34,-0.24,-0.438,1.739,0.003,-0.003
bancor,12 Jun 2017,12 Jun 2017,0.0,352.0,12,saas,6,15300000.0,N/A,N/A,3.92,6573,0,810,4.097,16871,-0.16,-0.07,-1.04,-0.97,-0.003,-1.341,0.001,-0.005
cryptonex,01 Sep 2017,30 Sep 2017,29.0,242.0,12,other,N/A,N/A,N/A,N/A,N/A,2341,0,N/A,0.0,79554,-0.03,0.12,1.88,1.95,-0.224,-0.5,0.009,-0.01
fusion,1 Feb 2018,10 Feb 2018,9.0,109.0,7,fintech,20,42185216.0,42200000.0,1.0,2.06,10418,0,7564,0.592,1440790,-0.04,0.12,1.87,1.98,-0.209,-4.205,0.011,-0.001
veritaseum,25 Apr 2017,26 May 2017,31.0,369.0,1,blockchain,2,6480882.0,N/A,N/A,12.0,1782,0,23232,3.047,450758,0.22,0.13,2.02,2.02,-262.331,-1.83,194.18,-0.005
electroneum,14 Sep 2017,20 Oct 2017,36.0,222.0,4,blockchain,15,39934610.0,40000000.0,1.0,0.01,49257,0,123654,6.736,2464330,-0.13,0.08,1.26,1.31,0.093,-2.591,0.002,-0.003
substratum,14 Aug 2017,14 Sep 2017,31.0,258.0,1,blockchain,6,13800000.0,45000000.0,0.31,0.07,12646,0,1160,-0.333,41819,0.29,0.28,4.47,4.54,-0.246,-4.375,0.017,-0.026
dragonchain,2 Oct 2017,2 Nov 2017,31.0,209.0,1,saas,8,13700000.0,16689535.8,0.82,0.07,N/A,0,73642,2.853,1142060,0.37,0.26,4.08,4.14,0.109,-3.568,0.013,-0.022
kin,12 Sep 2017,26 Sep 2017,14.0,246.0,1,saas,7,48594816.0,75000000.0,0.65,0.0,N/A,0,24540,0.0,372049,-0.08,-0.01,-0.17,-0.07,-0.145,-2.261,0.012,-0.003
holo,29 Mar 2018,28 Apr 2018,30.0,32.0,7,telecommunications,8,20388500.0,20400000.0,1.0,0.0002,8018,0,4698,2.84,5764530,0.26,2.05,4.1,4.17,0.67,2.33,0.023,0.02
storm,07 Nov 2017,08 Dec 2017,31.0,173.0,1,fintech,14,30716420.0,27600000.0,1.0,0.0113,9936,0,26588,0.43,330757,0.68,0.15,2.39,2.45,-0.238,-2.295,0.018,-0.024
bnktothefuture,05 Feb 2018,15 Feb 2018,10.0,104.0,12,fintech,N/A,33000000.0,N/A,N/A,0.1,N/A,0,N/A,-0.22,40890,0.31,0.2,3.11,3.21,0.011,0.602,0.019,-0.007
gifto,14 Dec 2017,14 Dec 2017,0.0,167.0,3,entertainment,13,10000000.0,10000000.0,1.0,0.1,56530,0,16483,2.489,44959800,0.32,0.12,1.93,1.98,-0.07,-4.341,0.007,-0.025
power-ledger,8 Sep 2017,6 Oct 2017,28.0,240.0,9,energy,17,13232290.0,N/A,N/A,0.09,16601,9,918,-0.381,1017460,0.51,0.32,5.09,5.05,0.057,-1.093,0.016,0.008
civic,21 Jun 2017,22 Jun 2017,1.0,342.0,1,saas,2,33000000.0,33000000.0,1.0,0.1,8903,0,86336,0.767,9750800,0.18,0.14,2.26,2.33,-0.245,-1.5,0.009,-0.005
dropil,7 Feb 2018,7 Mar 2018,28.0,84.0,1,fintech,6,60000000.0,31679999.999999996,1.0,0.00317,718,0,6708,0.985,78904,-0.05,0.06,0.99,1.1,0.021,0.932,0.005,0.003
salt,01 Aug 2017,15 Aug 2017,14.0,288.0,12,fintech,N/A,48500000.0,48500000.0,1.0,0.89,783,0,N/A,3.876,4174650,-0.17,0.0,0.08,0.16,-0.08,-3.636,0.0,-0.024
nexo,17 Mar 2018,15 Apr 2018,29.0,45.0,6,fintech,18,52500000.0,52500000.0,1.0,0.1,64443,0,N/A,0.85,3226150,0.04,0.34,0.68,0.76,-0.704,0.941,0.003,0.008
decentraland,8 Aug 2017,8 Aug 2017,0.0,295.0,10,entertainment,13,24137000.0,20000000.0,1.0,0.02,N/A,0,3,0.237,688849,-0.21,-0.01,-0.19,-0.12,-0.119,-1.582,0.015,-0.022
storiqa,28 Nov 2017,29 Jan 2018,62.0,121.0,3,saas,11,25000000.0,25000000.0,1.0,0.0,30971,0,10892,0.0,271889,-0.09,0.11,1.8,1.91,-0.021,11.565,0.025,0.077
quantstamp,17 Nov 2017,16 Dec 2017,29.0,165.0,1,fintech,10,31320000.0,31300000.0,1.0,0.07,24208,0,N/A,0.304,28481900,0.18,0.23,3.59,3.64,-0.322,-1.518,0.013,-0.006
neblio,6 Aug 2017,20 Aug 2017,14.0,283.0,1,fintech,2,14834923.0,N/A,0.07,0.2,N/A,0,N/A,2.146,257746,0.2,0.24,3.77,3.83,-0.11,0.465,0.022,-0.021
monaco,18 May 2017,18 Jun 2017,31.0,346.0,6,fintech,4,26700000.0,N/A,0.1,2.88,7313,0,64506,-0.142,1549870,-0.1,0.2,3.1,3.14,0.048,-1.829,0.014,-0.02
storj,19 May 2017,25 May 2017,6.0,370.0,1,saas,15,30000000.0,30000000.0,1.0,0.5,N/A,0,82860,0.097,211542,0.08,0.11,1.71,1.76,-0.011,-0.518,0.009,-0.016
bottos,31 Dec 2017,30 Jan 2018,30.0,120.0,12,other,N/A,N/A,N/A,N/A,0.1,N/A,0,N/A,2.296,18592600,-0.1,-0.12,-1.97,-1.88,-0.161,-2.588,0.003,-0.008
revain,21 Aug 2017,4 Sep 2017,14.0,268.0,2,saas,11,12513346.0,400.0,1.0,0.05,2356,0,6398,0.558,107140,0.26,0.38,6.0,6.08,0.091,0.218,0.015,-0.018
tenx,24 Jun 2017,24 Jun 2017,0.0,340.0,7,fintech,10,80000000.0,N/A,N/A,0.87,115,0,1717,53.943,303595,0.05,0.16,2.47,2.51,-0.135,-0.271,0.007,-0.018
request-network,13 Oct 2017,17 Oct 2017,4.0,229.0,5,fintech,7,33600000.0,33600000.0,1.0,0.06,13879,1,765,0.013,5914220,0.13,0.27,4.23,4.17,-0.187,-1.126,0.011,0.025
cindicator,12 Sep 2017,12 Oct 2017,30.0,230.0,2,blockchain,12,15000000.0,15000000.0,1.0,0.01,7972,0,38807,1.258,971989,-0.44,0.06,0.89,0.98,-0.142,-1.976,0.014,-0.019
iconomi,25 Aug 2016,29 Sep 2016,35.0,608.0,5,saas,26,10000000.0,N/A,0.85,0.11,N/A,0,912,1.433,14652,0.13,0.1,1.6,1.65,-0.095,-0.406,0.01,-0.017
aragon,17 May 2017,17 May 2017,0.0,378.0,5,saas,2,25000000.0,N/A,N/A,0.74,N/A,0,6785,1.054,2745280,0.28,0.09,1.43,1.52,0.011,0.488,0.007,-0.01
singularitynet,19 Dec 2017,19 Dec 2017,0.0,162.0,6,saas,9,32847814.0,32800000.0,1.0,0.1,15697,0,16485,14.2,17465100,0.09,0.0,0.08,0.12,-0.135,-9.206,0.002,-0.011
arcblock,3 Feb 2018,3 Feb 2018,0.0,116.0,1,blockchain,4,45000000.0,45000000.0,1.0,0.5,38546,0,32353,1.54,94865600,-0.38,0.07,1.09,1.23,-0.069,-0.953,0.0,-0.009
time-new-bank,18 Nov 2017,23 Nov 2017,5.0,192.0,7,saas,10,14360000.0,14400000.0,1.0,0.02,26248,0,14821,0.761,10625600,0.34,0.2,3.17,3.13,-0.147,0.772,0.009,0.006
lympo,17 Feb 2018,28 Feb 2018,11.0,91.0,5,entertainment,11,16857899.0,12700000.0,1.0,0.0217,13057,0,6183,-0.258,176692,0.26,0.21,3.41,3.49,-0.072,4.5,0.028,0.04
medibloc,27 Nov 2017,15 Dec 2017,18.0,166.0,7,saas,17,21271251.0,30000000.0,0.71,0.0088,5388,0,10541,1.26,645796,0.53,0.13,1.99,2.04,-0.39,-1.424,0.011,-0.003
enjin-coin,3 Oct 2017,31 Oct 2017,28.0,215.0,7,entertainment,8,22959609.0,25000000.0,0.92,0.03,13110,1,N/A,-0.332,742008,0.02,0.28,4.4,4.36,-0.144,-2.007,0.015,0.005
poa-network,17 Nov 2017,17 Nov 2017,0.0,198.0,1,saas,19,12500000.0,12500000.0,1.0,0.0724,10905,0,N/A,7.763,79376200,-0.34,0.06,0.99,0.94,-0.35,-1.621,-0.001,0.004
gnosis,24 Apr 2017,24 Apr 2017,0.0,401.0,5,saas,10,12500000.0,N/A,1.0,29.85,N/A,0,67861,-1.0,22984,-0.01,-0.02,-0.32,-0.29,-0.961,9.559,0.007,-0.018
particl,16 Mar 2017,12 Apr 2017,27.0,413.0,12,other,N/A,750000.0,N/A,N/A,1.0,N/A,0,N/A,5.95,983921,-0.06,0.08,1.26,1.36,-0.212,-1.388,0.007,-0.022
metal,9 Jun 2017,9 Jun 2017,0.0,355.0,1,blockchain,7,N/A,N/A,1.0,0.18,205,0,32712,8.278,2843520,0.35,0.3,4.71,4.78,-0.237,-0.165,0.01,-0.015
sophiatx,7 Dec 2017,17 Dec 2017,10.0,164.0,6,saas,21,23470356.0,82300000.0,0.29,0.0716,5556,0,15562,5.361,2148170,0.35,0.08,1.19,1.26,-0.121,-0.165,0.005,-0.005
credits,15 Feb 2018,28 Feb 2018,13.0,91.0,7,saas,9,22570394.0,20000000.0,1.0,0.17,27242,0,18233,1.4,3014620,0.28,0.17,2.64,2.72,0.026,-1.006,0.013,-0.005
sonm,15 Jun 2017,19 Jun 2017,4.0,345.0,2,saas,13,42000000.0,N/A,N/A,0.59,7983,0,273,-0.116,86186,-0.56,-0.1,-1.66,-1.59,-0.08,-2.735,0.005,-0.007
docademic,29 Jan 2018,15 Apr 2018,76.0,45.0,10,insurance services,13,1100000.0,N/A,N/A,0.017,6942,0,10463,0.388,716822,0.42,3.36,6.72,6.75,4.096,8.255,0.194,0.164
dent,12 Jul 2017,26 Jul 2017,14.0,308.0,3,telecommunications,8,1923507.0,28800000.0,0.07,0.0,1454,0,35619,0.0,71565,0.16,0.1,1.65,1.73,-0.169,-3.443,0.03,-0.024
bluzelle,18 Jan 2018,2 Feb 2018,15.0,117.0,7,saas,10,19500000.0,19500000.0,1.0,0.12,23344,0,32294,4.648,41214300,0.11,-0.0,-0.02,0.16,-0.654,-5.887,0.004,-0.028
boscoin,09 May 2017,10 May 2017,1.0,385.0,12,blockchain,17,17920000.0,N/A,N/A,0.044,N/A,0,N/A,18.93,27934,0.19,0.19,3.05,3.17,-0.05,-4.934,0.002,-0.026
smartmesh,29 Nov 2017,28 Dec 2017,29.0,153.0,7,saas,9,15691200.0,16800000.0,0.93,0.0167,21734,0,3724,0.868,1131310,0.39,0.15,2.32,2.42,0.049,1.0,0.013,-0.02
ignis,5 Aug 2017,14 Oct 2017,70.0,228.0,5,other,3,15000000.0,21600000.0,0.69,1.05,N/A,0,26998,1.2,18762,0.26,0.07,1.16,1.2,-1.222,-3.698,0.007,-0.028
thekey,15 Jan 2018,15 Jan 2018,0.0,135.0,3,other,14,22000000.0,22000000.0,1.0,0.0352,74594,0,29039,-0.186,9008350,0.0,-0.07,-1.09,-0.85,-0.277,-3.472,-0.002,-0.015
blockv,19 Oct 2017,25 Oct 2017,6.0,217.0,1,saas,18,21599100.0,40000000.0,0.54,0.42,3712,0,6362,-0.948,492028,0.34,0.23,3.6,3.71,-0.014,-3.651,0.01,-0.021
jibrel-network,27 Nov 2017,1 Jan 2018,35.0,153.0,6,blockchain,9,30000000.0,30000000.0,1.0,0.25,2174,30,6391,0.689,10089800,0.06,-0.1,-1.64,-1.62,-0.511,-1.341,0.003,0.018
crypterium,31 Oct 2017,14 Jan 2018,75.0,136.0,5,fintech,15,51656963.0,47000000.0,1.0,1.5,34206,0,16262,0.54,183715,-0.38,-0.05,-0.75,-0.59,-0.294,-11.057,-0.003,-0.011
cube,16 Feb 2018,15 Mar 2018,27.0,76.0,4,saas,12,N/A,N/A,N/A,N/A,1648,0,5952,0.0,6757530,-0.13,0.0,0.04,0.22,-0.124,-2.5,-0.005,-0.015
apex,01 Jan 2018,28 Jan 2018,27.0,122.0,12,blockchain,N/A,25000000.0,25000000.0,1.0,0.16,16038,0,N/A,0.055,9262900,0.4,3.21,6.42,6.67,-0.463,-6.085,-0.002,-0.041
origintrail,15 Jan 2018,17 Jan 2018,2.0,133.0,5,saas,11,21513600.0,21500000.0,1.0,0.1,10049,0,540,1.364,3901170,0.19,0.06,0.93,1.07,-0.184,-3.472,0.009,-0.005
ambrosus,22 Sep 2017,22 Oct 2017,30.0,224.0,6,insurance services,20,32507330.0,97800000.0,0.33,0.29,4225,6,16834,0.0,N/A,N/A,N/A,N/A,N/A,N/A,N/A,N/A,0.002
tokenpay,7 Dec 2017,17 Jan 2018,41.0,133.0,7,blockchain,10,40948500.0,40900000.0,1.0,5.46,17412,0,N/A,-0.626,1515520,0.43,3.43,6.86,6.94,-0.365,-4.047,0.031,-0.037
crypto20,16 Oct 2017,30 Nov 2017,45.0,185.0,1,fintech,6,37698373.0,75000000.0,0.5,1.1,N/A,6,9565,0.0,N/A,N/A,N/A,N/A,N/A,N/A,N/A,N/A,0.009
zebi,05 Mar 2018,31 Mar 2018,26.0,60.0,7,fintech,17,8561100.0,8600000.0,1.0,0.0333,15341,0,16141,2.483,5412550,0.14,1.11,2.22,2.4,-0.286,-4.434,0.001,-0.031
genesis-vision,15 Oct 2017,15 Nov 2017,31.0,200.0,2,fintech,10,2836732.0,23000000.0,0.12,1.0,8045,24,19015,1.68,683667,0.39,0.27,4.32,4.33,-0.038,-1.938,0.019,0.011
ethlend,25 Nov 2017,30 Nov 2017,5.0,181.0,5,blockchain,25,17860000.0,17900000.0,1.0,0.02,19144,0,45837,-0.069,728686,0.43,0.26,4.09,4.19,-0.298,-3.264,0.015,-0.028
telcoin,11 Dec 2017,30 Dec 2017,19.0,151.0,8,blockchain,19,25000000.0,25000000.0,1.0,0.001,20986,0,24812,5.031,842193,0.04,-0.05,-0.81,-0.67,-0.288,-1.066,-0.003,-0.014
edgeless,28 Feb 2017,21 Mar 2017,21.0,435.0,12,saas,0,2000000.0,N/A,N/A,0.04,1239,0,39708,-0.23,18692,0.26,0.18,2.87,2.94,0.031,-2.066,0.015,-0.014
red-pulse,8 Oct 2017,8 Oct 2017,0.0,238.0,3,fintech,11,14508923.0,14500000.0,1.0,0.03,6382,8,32635,0.849,5395350,-0.05,0.23,3.57,3.58,-0.243,-0.615,0.011,0.01
adex,30 Jun 2017,30 Jun 2017,0.0,334.0,2,fintech,16,10000000.0,N/A,1.0,0.24,4565,0,55851,3.417,5581960,-0.26,-2.08,-4.17,-3.77,-0.053,-2.028,-0.017,-0.02
bread,16 Dec 2017,24 Dec 2017,8.0,157.0,6,blockchain,6,20021300.0,20000000.0,1.0,0.78,46528,0,54136,1.423,56455400,0.23,-0.03,-0.47,-0.29,-0.063,-3.066,-0.003,-0.024
pillar,15 Jul 2017,17 Jul 2017,2.0,317.0,4,saas,30,20000000.0,N/A,N/A,0.1,746,0,12567,-0.256,101274,0.24,0.07,1.03,1.2,-0.151,-0.84,0.01,-0.031
banca,26 Feb 2018,26 Feb 2018,0.0,93.0,7,other,17,20000000.0,20000000.0,1.0,0.002,9026,0,6877,-0.655,856596,0.06,0.27,4.21,4.34,-0.722,-4.453,0.035,0.012
paypie,15 Oct 2017,16 Oct 2017,1.0,226.0,1,saas,11,26000000.0,26000000.0,1.0,0.37,4222,0,7687,-0.02,256062,0.06,0.15,2.35,2.44,0.011,-10.038,0.013,-0.034
eidoo,4 Oct 2017,16 Oct 2017,12.0,226.0,6,saas,5,27676992.0,51700000.0,0.54,2.3,5434,0,25420,0.035,39128,-0.02,0.15,2.37,2.62,-0.162,-4.075,0.003,-0.028
airswap,10 Oct 2017,10 Nov 2017,31.0,201.0,1,fintech,4,12600000.0,12600000.0,1.0,0.3,4412,0,N/A,0.345,3654270,-0.15,0.06,0.95,1.17,-0.067,-1.217,0.005,-0.02
babb,6 Feb 2018,6 Mar 2018,28.0,85.0,4,fintech,13,20000000.0,20000000.0,1.0,0.0,14036,0,9289,0.0,286765,-0.01,0.23,3.64,3.78,-0.357,-0.613,0.024,-0.007
singulardtv,2 Oct 2016,2 Oct 2016,0.0,605.0,1,saas,0,7500000.0,N/A,N/A,0.02,265,0,36385,-0.067,165271,-0.14,-0.11,-1.72,-1.45,-0.097,-6.708,0.009,-0.032
wepower,1 Feb 2018,2 Feb 2018,1.0,117.0,7,saas,20,40000000.0,40000000.0,1.0,0.13,52173,0,35656,0.35,782690,-0.0,-0.04,-0.7,-0.52,-0.038,-0.632,-0.004,-0.024
appcoins,13 Dec 2017,20 Dec 2017,7.0,161.0,7,saas,18,15300000.0,15300000.0,1.0,0.1,11869,0,27212,34.3,124119000,-0.07,-0.12,-1.97,-1.82,-0.106,-0.085,-0.008,-0.021
district0x,18 Jul 2017,1 Aug 2017,14.0,302.0,1,saas,8,9000000.0,N/A,N/A,0.02,N/A,0,58497,-0.22,30593,0.46,0.16,2.56,2.66,-0.162,-3.198,0.015,-0.023
wagerr,1 Jun 2017,25 Jun 2017,24.0,339.0,10,saas,6,10000000.0,N/A,N/A,0.06,N/A,0,17043,0.141,120805,0.14,0.12,1.87,2.05,-0.23,-3.217,0.011,-0.01
minexcoin,15 May 2017,13 Jun 2017,29.0,351.0,12,fintech,N/A,N/A,N/A,N/A,N/A,2969,0,N/A,0.0,17365,0.51,0.32,5.01,5.11,0.075,2.16,0.016,-0.011
utrust,2 Nov 2017,20 Nov 2017,18.0,191.0,6,saas,26,21000000.0,21000000.0,1.0,0.07,13172,0,28080,1.993,3956620,0.34,0.08,1.25,1.37,-0.544,-4.274,0.001,-0.031
tokenomy,15 Jan 2018,5 Feb 2018,21.0,114.0,12,blockchain,17,22869000.0,N/A,N/A,0.18,2247,0,40,1.3,2372070,-0.57,-0.12,-1.94,-1.52,-0.038,-4.0,-0.004,-0.01
wings,18 Nov 2016,6 Jan 2017,49.0,509.0,6,saas,14,1706156.0,N/A,0.75,0.03,N/A,0,640,-0.287,1601,0.34,0.21,3.4,3.53,-0.019,-2.189,0.014,-0.02
decentbet,21 Sep 2017,19 Oct 2017,28.0,227.0,12,other,N/A,N/A,N/A,N/A,0.1,N/A,0,N/A,0.0,N/A,N/A,N/A,N/A,N/A,N/A,N/A,N/A,0.01
tokencard,2 May 2017,2 May 2017,0.0,393.0,4,fintech,8,12782000.0,N/A,1.0,0.54,3,0,18757,0.926,416619,0.06,0.01,0.19,0.37,-0.104,-3.679,0.008,-0.011
datawallet,5 Feb 2018,7 Mar 2018,30.0,84.0,1,other,13,39436870.0,40000000.0,0.99,0.18,6323,0,5596,-0.226,122971,-0.14,-0.14,-2.24,-2.04,0.316,-0.717,0.004,0.025
naga,1 Dec 2017,15 Dec 2017,14.0,166.0,12,fintech,28,45318896.0,30000000.0,1.0,1.0,13550,0,24,0.55,3010670,0.22,0.03,0.47,0.6,-0.048,3.368,-0.001,-0.004
wabi,28 Nov 2017,1 Dec 2017,3.0,180.0,2,ecommerce,10,11500000.0,11500000.0,1.0,0.25,8442,0,34696,4.56,26744800,0.21,0.1,1.56,1.67,-0.177,-4.755,0.004,-0.029
datx,11 Feb 2018,11 Mar 2018,28.0,80.0,7,other,9,44150000.0,44200000.0,1.0,0.0353,26363,0,47228,-0.22,612568,-0.28,0.09,1.45,1.62,0.298,1.84,0.005,-0.009
tierion,27 Jul 2017,28 Jul 2017,1.0,306.0,1,saas,11,25000000.0,25000000.0,1.0,0.07,4279,0,N/A,2.332,1142210,-0.11,-0.15,-2.38,-2.17,-0.242,-0.821,0.005,-0.024
odyssey,21 Jan 2018,22 Jan 2018,1.0,128.0,7,blockchain,21,50000000.0,47600000.0,1.0,0.0119,48263,0,809,1.093,12284200,0.09,0.01,0.2,0.32,-0.165,-10.991,0.007,-0.037
bitrent,1 Dec 2017,31 Mar 2018,120.0,60.0,4,saas,19,14627210.0,N/A,N/A,0.06,12946,0,6465,-0.336,156399,0.27,0.05,0.75,0.75,-0.022,-1.0,0.003,-0.02
havven,28 Feb 2018,7 Mar 2018,7.0,84.0,9,blockchain,27,30000000.0,30000000.0,1.0,0.5,65886,0,10799,-0.039,1203240,-0.09,0.12,1.92,1.92,-0.121,-9.0,0.006,-0.033
modum,1 Sep 2017,22 Oct 2017,51.0,220.0,6,saas,17,13350000.0,16400000.0,0.81,1.0,2302,0,14240,-0.373,119265,0.35,0.25,3.9,3.9,-0.157,-6.0,0.013,-0.012
mobilego,25 Apr 2017,25 May 2017,30.0,370.0,1,saas,6,53000000.0,N/A,N/A,0.76,2524,0,316,2.539,187166,-0.05,-0.01,-0.2,-0.2,-0.143,-4.5,0.001,-0.003
cashaa,6 Nov 2017,6 Dec 2017,30.0,175.0,4,fintech,11,11110000.0,32000000.0,0.35,0.1,7598,0,388,0.182,34753,-0.23,-0.13,-2.14,-2.14,0.203,10.5,0.004,0.283
zeepin,17 Jan 2018,17 Jan 2018,0.0,133.0,12,blockchain,N/A,62580000.0,62600000.0,1.0,0.13,20667,0,N/A,0.51,14383200,-0.01,-0.1,-1.55,-1.55,-0.221,-10.5,-0.004,-0.023
legolas-exchange,1 Feb 2018,15 Feb 2018,14.0,108.0,5,blockchain,9,18856000.0,N/A,N/A,N/A,N/A,2,11639,0.0,682912,-0.21,-0.02,-0.3,-0.28,-0.226,-0.614,0.003,-0.021
odem,17 Feb 2018,18 Mar 2018,29.0,73.0,6,social services,12,4000000.0,N/A,N/A,N/A,N/A,0,3093,0.0,18548,0.47,3.75,7.5,7.5,0.466,-0.5,0.024,-0.015
datum,29 Oct 2017,29 Nov 2017,31.0,182.0,6,saas,19,7581120.0,29400000.0,0.26,0.02,8016,0,36461,0.397,160521,0.6,0.18,2.92,2.92,-0.113,-5.0,0.007,0.012
decent,11 Sep 2016,6 Nov 2016,56.0,570.0,6,telecommunications,31,24137000.0,20000000.0,1.0,0.024,N/A,0,29889,3.583,121,0.2,0.17,2.72,2.72,0.155,-4.5,0.025,-0.037
lunyr,29 Mar 2017,28 Apr 2017,30.0,397.0,1,saas,3,3400000.0,N/A,N/A,1.61,N/A,0,33499,0.59,309766,0.07,0.08,1.22,1.22,-0.21,-4.5,0.016,-0.013
qlink,27 Dec 2017,27 Jan 2018,31.0,123.0,7,transportation,14,19270800.0,19300000.0,1.0,0.1,9461,0,318,1.901,9911000,0.18,0.03,0.42,0.42,-0.405,-6.5,-0.001,-0.025
etherparty,1 Oct 2017,29 Oct 2017,28.0,213.0,1,blockchain,26,33732274.0,65000000.0,0.52,0.1,6098,0,2,-0.565,180346,0.13,0.24,3.75,3.75,0.022,-12.0,0.011,0.008
alphacat,12 Jan 2018,12 Jan 2018,0.0,138.0,12,fintech,N/A,N/A,N/A,N/A,N/A,8347,0,N/A,0.0,474748,-0.19,-0.07,-1.14,-1.14,-0.095,2.0,0.001,0.087
cobinhood,13 Sep 2017,22 Oct 2017,39.0,220.0,12,blockchain,5,13078406.0,25000000.0,0.52,0.07,12264,0,45130,-0.262,41446,0.22,0.25,3.91,3.91,0.157,-9.0,0.012,0.013
taas,27 Mar 2017,28 Apr 2017,32.0,397.0,7,fintech,4,7500000.0,N/A,0.74,1.0,N/A,0,141,-0.18,1571,0.08,0.22,3.54,3.54,0.054,-7.0,0.006,-0.022
yoyow,21 May 2017,24 May 2017,3.0,371.0,3,saas,N/A,4364760.0,N/A,0.3,0.02,3304,0,N/A,5.154,8194,-0.04,-0.01,-0.09,-0.09,-0.003,-4.5,0.01,-0.012
presearch,25 Jul 2017,31 Oct 2017,98.0,211.0,1,saas,10,16000000.0,N/A,N/A,0.25,8800,0,1151,-0.151,98499,0.26,0.13,2.08,2.08,0.156,-13.5,0.012,-0.03
melon,15 Feb 2017,16 Feb 2017,1.0,468.0,6,other,2,N/A,N/A,N/A,N/A,43,0,N/A,0.0,57957,0.21,0.07,1.13,1.13,-0.098,-3.5,0.006,-0.025
universa,27 Oct 2017,27 Nov 2017,31.0,184.0,2,saas,25,28559233.0,99000000.0,0.29,0.01,14203,0,1126,4.161,763454,-0.49,-0.13,-1.99,-1.99,-0.297,-6.5,-0.01,-0.012
bloom,30 Nov 2017,1 Jan 2018,32.0,153.0,1,saas,11,41420705.0,80500000.0,0.51,0.7,13644,4,436,0.0,N/A,N/A,N/A,N/A,N/A,N/A,N/A,N/A,-0.023
humaniq,6 Apr 2017,27 Apr 2017,21.0,398.0,4,saas,19,5163000.0,N/A,N/A,0.06,N/A,0,30587,0.178,420384,0.19,0.13,2.0,2.0,0.038,-1.0,0.009,-0.005
medicalchain,1 Feb 2018,1 Feb 2018,0.0,122.0,4,insurance services,10,23991953.0,24000000.0,1.0,0.2,27095,11,15702,0.0,N/A,N/A,N/A,N/A,N/A,N/A,N/A,N/A,0.001
viberate,5 Sep 2017,5 Sep 2017,0.0,267.0,5,entertainment,34,12000000.0,12000000.0,1.0,0.1,5549,0,32696,1.75,1490480,-0.19,-0.08,-1.24,-1.24,-0.156,-6.5,0.005,-0.018
refereum,12 Feb 2018,12 Mar 2018,28.0,79.0,1,saas,14,32252400.0,32300000.0,1.0,0.01,99258,0,53887,1.043,1161020,-0.26,-0.04,-0.56,-0.56,0.025,-4.5,-0.005,-0.035
coss,8 Aug 2017,6 Sep 2017,29.0,266.0,7,saas,24,3200000.0,N/A,N/A,0.56,N/A,0,197,-0.919,116130,0.39,0.12,1.9,1.9,0.093,3.0,0.016,0.002
propy,15 Aug 2017,15 Sep 2017,31.0,257.0,1,real estate,11,15077000.0,N/A,0.15,1.0,N/A,0,N/A,-0.255,26854,-0.1,-0.03,-0.52,-0.52,-0.047,-3.5,0.011,-0.007
bankex,28 Nov 2017,28 Dec 2017,30.0,153.0,1,fintech,9,70600000.0,103500000.0,0.68,1.47,6314,0,7649,0.932,371912,-0.43,-0.22,-3.5,-3.5,-0.128,-5.5,-0.012,-0.007
sentinel-chain,1 Mar 2018,10 Mar 2018,9.0,85.0,7,fintech,23,14400000.0,14400000.0,1.0,0.08,9416,2,4028,-0.184,1945280,0.52,4.14,8.29,8.22,-0.094,0.622,0.012,-0.015
stox,2 Aug 2017,4 Aug 2017,2.0,299.0,7,fintech,20,33000000.0,N/A,1.0,1.1,8870,0,13547,0.1,1294120,0.4,0.04,0.7,0.7,-0.088,-5.5,0.003,0.0
stk,31 Jan 2018,14 Feb 2018,14.0,105.0,1,blockchain,16,17000000.0,N/A,N/A,0.2,7335,0,10021,0.262,12919500,-0.23,-0.23,-3.68,-3.68,-0.295,-11.0,-0.007,-0.003
firstblood,25 Sep 2016,26 Sep 2016,1.0,611.0,1,blockchain,13,5500000.0,N/A,N/A,0.08,14,0,31710,0.991,1255030,-0.2,-0.23,-3.61,-3.61,0.127,-6.0,0.008,-0.027
hive-project,3 Jul 2017,14 Aug 2017,42.0,293.0,5,fintech,18,8949421.0,N/A,N/A,0.02,N/A,3,3042,0.045,216,0.17,0.12,1.84,1.77,-0.045,-4.737,0.017,-0.022
karma,29 Nov 2017,15 Dec 2017,16.0,166.0,2,fintech,15,10000000.0,10000000.0,1.0,0.01,1215,0,4198,5.911,150439,-0.01,-0.17,-2.67,-2.67,-0.367,21.0,-0.006,0.012
cofound.it,31 May 2017,07 Jun 2017,7.0,368.0,5,fintech,9,14820030.0,12500000.0,1.0,0.12,1091,6,N/A,0.0,N/A,N/A,N/A,N/A,N/A,N/A,N/A,N/A,N/A
lamden,1 Dec 2017,3 Jan 2018,33.0,147.0,6,fintech,15,10000000.0,10000000.0,1.0,0.091,9224,0,N/A,6.346,937600,0.03,-0.05,-0.83,-0.83,-0.333,-17.0,-0.004,-0.038
daostack,01 May 2018,07 Jun 2018,37.0,-8.0,7,transportation,9,30000000.0,30000000.0,1.0,1.0,24701,0,5617,0.31,1927100,-0.36,-2.88,-5.75,-5.75,0.445,-8.5,-0.028,-0.008
peerplays,26 Feb 2017,14 May 2017,77.0,381.0,1,entertainment,7,5000000.0,N/A,N/A,4.6,1438,0,5275,1.446,10275,0.25,0.07,1.13,1.13,0.134,22.5,0.01,0.0
suncontract,28 Jun 2017,1 Aug 2017,34.0,302.0,5,energy,31,2000000.0,N/A,N/A,0.02,2,0,14971,1.128,35660,0.05,0.14,2.3,2.3,0.089,-6.5,0.016,-0.027
mothership,7 Jul 2017,21 Jul 2017,14.0,313.0,5,saas,10,5406897.0,N/A,0.7,0.04,N/A,0,483,0.006,88727,0.49,0.24,3.74,3.74,-0.054,-3.0,0.009,-0.0
unibright,20 Apr 2018,20 May 2018,30.0,10.0,5,fintech,13,13542375.0,13500000.0,1.0,0.14,10606,0,5109,0.384,2400200,-0.83,-1.44,-2.88,-2.88,-1.455,-10.0,-0.041,-0.01
adtoken,26 Jun 2017,26 Jun 2017,0.0,338.0,12,saas,N/A,10000000.0,N/A,N/A,0.02,N/A,0,6573,2.26,334,-0.07,0.05,0.87,0.87,-0.239,-4.0,0.007,-0.015
everex,24 Jul 2017,31 Aug 2017,38.0,272.0,7,fintech,9,25840000.0,26000000.0,0.99,2.13,4668,0,14011,-0.103,1389230,0.12,0.04,0.62,0.62,0.109,-4.0,0.005,-0.007
synereo,18 Sep 2016,18 Oct 2016,30.0,589.0,12,saas,0,4700000.0,38.0,1.0,0.19,N/A,0,26664,-0.988,241,0.23,0.24,3.83,3.83,-0.096,-7.0,0.013,-0.02
dadi,29 Jan 2018,29 Jan 2018,0.0,121.0,4,fintech,15,29000000.0,29000000.0,1.0,0.5,22351,0,30578,-0.112,2381560,-0.21,-0.05,-0.8,-0.8,0.03,-3.5,-0.006,0.008
monetha,31 Aug 2017,31 Aug 2017,0.0,272.0,5,fintech,11,35910000.0,35900000.0,1.0,0.19,4573,0,18917,0.502,2743890,-0.15,-0.11,-1.76,-1.76,-0.165,-4.5,0.003,-0.008
polybius,31 May 2017,30 Jun 2017,30.0,334.0,5,fintech,11,62956169.0,100000000.0,0.63,10.0,3562,0,9,-0.192,506294,-0.02,0.07,1.03,1.03,-0.365,-4.5,0.006,0.012
dmarket,14 Nov 2017,01 Dec 2017,17.0,180.0,2,entertainment,4,19026768.0,53300000.0,0.36,0.63,3437,0,7205,0.542,18992,-0.03,0.06,1.02,1.02,0.14,-3.0,0.008,-0.01
matchpool,2 Apr 2017,4 Apr 2017,2.0,425.0,12,saas,7,5800000.0,N/A,N/A,0.1,2226,14,N/A,0.0,N/A,N/A,N/A,N/A,N/A,N/A,N/A,N/A,-0.02
chronobank,15 Dec 2016,15 Feb 2017,62.0,469.0,2,saas,1,5400000.0,N/A,N/A,10.0,N/A,0,19821,-0.06,42133,-0.26,0.03,0.44,0.44,-0.153,-68.5,0.007,0.18
morpheus-network,22 Mar 2018,22 Apr 2018,31.0,42.0,12,other,12,7500000.0,18000000.0,0.42,0.45,11922,1,5589,-0.104,193829,1.14,1.97,3.94,3.85,0.01,4.727,0.042,0.015
blocktix,7 Jul 2017,25 Jul 2017,18.0,309.0,5,entertainment,7,6981328.0,7500000.0,0.93,0.24,N/A,0,5963,-0.174,11878,0.29,0.07,1.17,1.17,0.052,-5.0,0.019,-0.003
agrello,16 Jul 2017,17 Aug 2017,32.0,290.0,5,saas,13,30100000.0,43200000.0,0.7,0.56,4831,2,14797,0.0,N/A,N/A,N/A,N/A,N/A,N/A,N/A,N/A,-0.016
uptoken,16 Oct 2017,15 Dec 2017,60.0,166.0,1,fintech,9,18934021.0,35000000.0,0.54,0.1,20,0,3008,2.021,21597500,-0.43,-0.08,-1.21,-1.21,0.824,-3.5,-0.011,-0.02
aeron,19 Sep 2017,30 Oct 2017,41.0,212.0,10,transportation,11,4897723.0,30000000.0,0.16,0.5,19802,0,29756,-0.189,8757,0.13,0.16,2.58,2.58,0.118,-7.5,0.029,-0.037
dimcoin,1 Jul 2017,27 Aug 2017,57.0,276.0,11,fintech,20,14005746.0,13500000.0,1.0,0.01,3069,0,N/A,23.562,1409400,-0.49,-0.22,-3.44,-3.44,0.116,-1.5,-0.007,-0.023
blackmoon,12 Sep 2017,12 Oct 2017,30.0,230.0,12,blockchain,14,30000000.0,30000000.0,1.0,1.1,3524,0,6402,-0.235,592273,0.01,-0.11,-1.71,-1.71,-0.089,-7.0,0.004,-0.008
lala-world,5 Jan 2018,5 Feb 2018,31.0,118.0,7,saas,5,20191350.0,20200000.0,1.0,0.13,826,7,10032,-0.253,28433,-0.44,0.0,0.04,0.17,0.225,-5.273,0.008,-0.024
incent,1 Sep 2016,1 Sep 2016,0.0,636.0,9,blockchain,7,1000000.0,N/A,N/A,0.1,N/A,0,13200,-0.918,43,0.22,0.14,2.19,2.19,-0.028,0.5,0.031,-0.018
sharder,22 Feb 2018,22 Mar 2018,28.0,69.0,12,saas,N/A,5398600.0,5400000.0,1.0,0.0446,10705,0,N/A,1.284,3209300,-0.17,-1.36,-2.71,-2.71,-0.492,-3.0,-0.015,-0.017
cappasity,22 Feb 2018,22 Mar 2018,28.0,69.0,1,saas,5,2301451.0,20000000.0,0.12,0.01,59213,0,28133,2.315,887638,0.12,0.17,2.68,2.68,0.471,-3.0,0.014,0.01
covesting,24 Nov 2017,15 Jan 2018,52.0,135.0,7,saas,12,18750000.0,18800000.0,1.0,2.56,8933,0,10073,0.207,328108,-0.21,-0.12,-1.95,-1.95,-0.245,-4.5,-0.005,-0.008
selfkey,14 Jan 2018,14 Jan 2018,0.0,136.0,7,fintech,48,21776392.0,21800000.0,1.0,0.02,11371,0,0,2.327,31248100,-0.52,-0.26,-4.06,-4.06,-0.26,-2.5,-0.014,-0.013
envion,15 Dec 2017,14 Jan 2018,30.0,136.0,6,blockchain,12,100000000.0,150000000.0,0.67,1.0,22417,0,21256,-0.036,168394,-0.22,-0.13,-2.0,-2.0,-0.295,-4.0,-0.015,-0.007
aphelion,15 Nov 2017,7 Dec 2017,22.0,174.0,12,fintech,12,4780661.0,6700000.0,0.71,0.2,14220,0,14371,0.456,63598,0.25,1.96,3.93,3.93,-0.191,-7.0,0.023,-0.022
blockport,27 Jan 2018,31 Jan 2018,4.0,123.0,12,fintech,N/A,15000000.0,15000000.0,1.0,0.35,28410,0,N/A,0.25,1024180,-0.0,0.07,1.04,1.04,-0.187,4.5,0.002,-0.017
indahash,29 Nov 2017,20 Dec 2017,21.0,161.0,5,saas,15,42715825.0,67000000.0,0.64,0.24,11757,0,9840,1.561,3113160,-0.2,-0.11,-1.73,-1.73,-0.33,-11.0,-0.013,-0.032
latoken,22 Aug 2017,10 Oct 2017,49.0,232.0,7,fintech,35,18880673.0,40000000.0,0.47,0.3,5543,0,7965,-0.058,163778,-0.05,0.11,1.73,1.73,-0.046,-1.5,0.006,-0.013
carvertical,26 Dec 2017,4 Apr 2018,99.0,56.0,5,saas,20,19911150.0,19900000.0,1.0,0.0055,13406,0,N/A,1.65,451064,-0.05,-0.07,-1.18,-1.18,-0.735,-4.0,-0.009,-0.022
coinpoker,19 Jan 2018,26 Jan 2018,7.0,124.0,7,entertainment,15,52712179.0,N/A,N/A,0.05,4810,0,5184,0.95,350963,-0.38,-0.01,-0.18,-0.18,-0.522,3.0,-0.004,-0.07
hacken,31 Oct 2017,30 Nov 2017,30.0,181.0,2,blockchain,8,70000002.0,N/A,N/A,1.0,1934,0,9025,5.77,320959,0.16,0.07,1.05,1.05,0.108,-5.5,0.008,-0.01
playkey,1 Nov 2017,1 Dec 2017,30.0,180.0,2,entertainment,16,10512361.0,105600000.0,0.1,1.76,9861,0,9498,-0.682,9317,0.43,0.13,2.14,2.14,-0.202,3.0,0.012,0.018
swissborg,7 Dec 2017,10 Jan 2018,34.0,140.0,6,blockchain,13,50000000.0,50000000.0,1.0,0.1,4764,0,11157,0.028,115322,-0.35,-0.18,-2.92,-2.92,-0.21,0.0,-0.011,-0.013
te-food,22 Feb 2018,22 Mar 2018,28.0,69.0,6,fintech,19,19100000.0,19100000.0,1.0,0.05,10484,0,9925,-0.448,302268,-0.04,0.09,1.4,1.4,-0.191,0.0,0.002,-0.007
bitclave,29 Nov 2017,29 Nov 2017,0.0,182.0,1,saas,19,25547000.0,25500000.0,1.0,0.1,10765,0,22610,0.505,957302,0.12,-0.01,-0.23,-0.23,-0.006,-2.5,-0.003,-0.015
divi,25 Oct 2017,21 Nov 2017,27.0,190.0,12,other,15,2592064.0,2000000.0,1.0,0.62,2211,0,N/A,0.365,56068,0.17,0.24,3.82,3.82,-0.198,-5.5,0.013,-0.025
sureremit,10 Jan 2018,10 Feb 2018,31.0,109.0,1,saas,11,10000000.0,10000000.0,1.0,1.0,2039,0,4413,-0.963,35294,-0.22,0.02,0.31,0.31,-0.555,-6.0,0.003,-0.015
quantum,15 Apr 2017,15 May 2017,30.0,380.0,5,blockchain,5,4122700.0,N/A,N/A,0.05,N/A,0,9250,5.732,136233,0.19,0.06,0.93,0.93,-0.076,-8.5,0.005,0.008
graft,18 Jan 2018,18 Feb 2018,31.0,101.0,1,blockchain,15,3000000.0,25000000.0,0.12,0.28,5382,0,2549,-0.846,40067,-0.3,-0.0,-0.06,-0.06,0.226,3.5,0.008,0.01
remme,13 Feb 2018,22 Feb 2018,9.0,97.0,7,saas,20,20000000.0,17500000.0,1.0,0.04,16576,0,5721,-0.209,587552,-0.34,-0.0,-0.05,-0.05,0.058,-6.5,-0.001,-0.01
axpire,8 Jan 2018,12 Jan 2018,4.0,138.0,1,other,15,20000000.0,20000000.0,1.0,0.1,8074,0,6405,0.324,292608,-0.23,-0.15,-2.36,-2.36,-0.594,-2.5,-0.008,-0.01
etheroll,13 Feb 2017,27 Feb 2017,14.0,457.0,12,other,N/A,36349723.0,N/A,N/A,0.07,N/A,0,2140,15.857,33962,0.21,0.13,2.02,2.02,-4.537,-8.0,2.595,0.017
matryx,13 Sep 2017,12 Oct 2017,29.0,230.0,1,saas,15,1984347.0,9000000.0,0.22,0.29,1546,0,110,1.498,1031,0.21,0.11,1.8,1.8,-0.212,-2.5,0.02,-0.007
maecenas,7 Sep 2017,8 Oct 2017,31.0,234.0,4,saas,8,15375432.0,18900000.0,0.81,0.64,949,0,2254,-0.279,11868,0.09,0.17,2.68,2.68,-0.23,-18.5,0.022,-0.02
locktrip,29 Oct 2017,30 Nov 2017,32.0,185.0,5,other,20,4000000.0,N/A,N/A,0.55,N/A,6,N/A,0.0,N/A,N/A,N/A,N/A,N/A,N/A,N/A,N/A,-0.014
nebula-ai,31 Mar 2018,20 Apr 2018,20.0,44.0,1,other,20,5874054.0,17700000.0,0.33,0.0059,5534,0,1405,1.039,155134,-0.01,-0.07,-0.15,0.02,-0.353,-4.455,-0.008,-0.003
paragon,15 Sep 2017,15 Oct 2017,30.0,227.0,1,other,12,6000000.0,100000000.0,0.06,1.0,3848,0,N/A,-0.35,284896,-0.16,0.01,0.14,0.14,-0.167,1.0,0.0,0.02
rentberry,5 Dec 2017,28 Feb 2018,85.0,91.0,7,real estate,25,27500000.0,30000000.0,0.92,0.35,14895,0,19997,-0.806,294933,0.23,1.86,3.71,3.71,-0.403,-7.5,0.008,-0.025
rivetz,10 Aug 2017,10 Sep 2017,31.0,262.0,1,saas,16,18653920.0,20000000.0,0.93,0.89,1590,0,9722,-0.446,31436,-0.0,-0.04,-0.59,-0.59,-0.004,-6.0,0.007,-0.01
smartlands,2 Nov 2017,20 Nov 2017,18.0,191.0,12,fintech,11,1753698.0,25000000.0,0.07,1.0,1688,0,1949,-0.803,102013,0.24,0.16,2.52,2.52,0.216,1.0,0.048,-0.025
icos,15 Aug 2017,15 Sep 2017,31.0,257.0,2,blockchain,23,14600000.0,N/A,N/A,44.38,1828,0,5000,0.034,15683,0.1,0.05,0.76,0.76,-0.18,-2.0,0.003,-0.002
domraider,12 Sep 2017,9 Oct 2017,27.0,233.0,5,saas,33,67200000.0,67200000.0,1.0,0.12,374,0,150,-0.461,13888,0.02,0.09,1.36,1.36,-0.034,-2.0,0.006,-0.023
polyswarm,20 Feb 2018,22 Mar 2018,30.0,69.0,1,saas,7,25940000.0,50000000.0,0.52,0.0165,7754,0,17,-0.643,25413,0.41,3.28,6.56,6.56,0.007,-3.5,0.012,-0.023
zap,21 Oct 2017,20 Nov 2017,30.0,191.0,7,blockchain,23,2827944.0,32200000.0,0.09,0.19,N/A,0,N/A,4.059,899137,-0.1,-0.06,-1.01,-1.01,-0.283,-4.0,-0.008,-0.027
friendz,1 Mar 2018,20 Mar 2018,19.0,75.0,6,fintech,18,13754758.0,50300000.0,0.27,0.067,70313,12,55308,0.0,N/A,N/A,N/A,N/A,N/A,N/A,N/A,N/A,-0.003
bezop,20 Dec 2017,10 Jan 2018,21.0,140.0,12,other,4,N/A,N/A,N/A,N/A,5595,0,N/A,0.0,281984,0.09,0.03,0.54,0.54,-0.253,-2.5,0.018,0.142
nper,19 Jan 2018,31 Jan 2018,12.0,119.0,8,saas,15,N/A,N/A,N/A,0.2,N/A,0,1688,0.679,4371660,-0.82,-1.42,-2.83,-2.83,-0.636,-16.0,-0.027,-0.053
b2bx,2 Oct 2017,17 Nov 2017,46.0,194.0,2,saas,22,8078602.0,29500000.0,0.27,0.74,1988,0,3955,1.378,144393,-0.29,0.02,0.3,0.3,-0.26,-18.5,0.018,0.185
patientory,31 May 2017,3 Jun 2017,3.0,361.0,1,saas,6,7200000.0,N/A,0.7,0.1,N/A,0,N/A,6.165,3256,0.08,0.09,1.41,1.41,-0.048,-7.5,0.007,-0.007
bitdegree,1 Dec 2017,29 Dec 2017,28.0,152.0,5,social services,22,22127834.0,21600000.0,1.0,0.08,17089,0,20177,5.711,693702,-0.2,0.05,0.79,0.79,-1.013,-8.0,0.01,-0.013
atn,27 Apr 2018,20 May 2018,23.0,10.0,12,saas,15,N/A,N/A,N/A,N/A,15072,0,4772,0.0,603047,0.18,-0.01,-0.09,-0.09,-0.051,-1.0,-0.004,0.005
loki,,26 Mar 2018,25.0,65.0,12,telecommunications,14,N/A,N/A,N/A,0.68,17178,0,2812,0.259,230900,0.56,0.97,1.95,1.95,1.368,5.5,0.021,-0.002
flixxo,24 Oct 2017,24 Nov 2017,31.0,187.0,10,saas,5,4731021.0,12000000.0,0.39,0.12,3696,0,6182,-0.038,106293,-0.04,0.17,2.66,2.66,0.061,-9.0,0.012,0.003
devery,18 Jan 2018,19 Jan 2018,1.0,131.0,12,ecommerce,6,10000000.0,10000000.0,1.0,0.19,5359,0,2811,0.741,862413,-0.27,-0.13,-2.03,-2.03,0.298,-11.5,0.004,0.033
leverj,7 Nov 2017,7 Dec 2017,30.0,174.0,12,saas,6,13049080.0,51000000.0,0.26,0.15,3687,0,5070,0.817,47085,-0.14,-0.14,-2.28,-2.28,0.006,-1.5,-0.002,-0.04
golos,30 Oct 2016,02 Dec 2016,33.0,544.0,12,telecommunications,N/A,N/A,N/A,N/A,0.1,N/A,0,N/A,10.7,701,-0.08,-0.01,-0.14,-0.14,-0.106,-9.0,0.007,0.023
insurepal,16 Jan 2018,16 Jan 2018,0.0,134.0,5,saas,24,18000000.0,18000000.0,1.0,0.1,6509,0,6719,2.178,2442080,-0.2,-0.24,-3.87,-3.87,-0.241,-2.0,-0.013,0.03
adbank,15 Dec 2017,14 Jan 2018,30.0,136.0,1,saas,5,13962900.0,14000000.0,1.0,0.0465,5233,0,4584,-0.105,1033600,-0.14,-0.15,-2.44,-2.44,-0.298,-1.0,-0.003,0.067
hubii-network,17 Aug 2017,31 Aug 2017,14.0,276.0,7,telecommunications,15,7130256.0,50000000.0,0.14,0.39,1261,11,4597,-0.493,23209,0.18,0.13,2.06,2.16,0.192,-2.591,0.032,-0.005
coinfi,8 Feb 2018,18 Feb 2018,10.0,101.0,3,saas,15,15000000.0,15000000.0,1.0,0.15,19617,0,4917,1.384,21603900,-0.18,-0.16,-2.59,-2.59,-0.189,-3.5,-0.009,-0.023
cargox,23 Jan 2018,4 Mar 2018,40.0,87.0,5,fintech,10,6766164.0,7000000.0,0.97,0.1,5778,0,4897,1.057,1317180,-0.06,-0.17,-2.62,-2.62,-0.269,-12.5,-0.006,-0.033
helbiz,15 Feb 2018,4 Mar 2018,17.0,87.0,7,fintech,13,38646754.0,N/A,N/A,0.14,2091,0,37330,-0.907,756160,0.16,1.31,2.61,2.61,0.643,-8.5,0.036,-0.007
lendingblock,15 Apr 2018,22 Apr 2018,7.0,38.0,4,blockchain,6,10000000.0,10000000.0,1.0,0.02,7833,0,6017,0.548,458040,-0.24,-1.88,-3.76,-3.76,-0.55,-6.5,-0.027,0.01
bounty0x,1 Dec 2017,15 Dec 2017,14.0,166.0,12,saas,8,1602927.0,1500000.0,1.0,0.04,6564,0,14402,0.899,1059090,0.37,0.13,2.06,2.06,0.69,-6.0,0.014,-0.043
atbcoin,15 Jul 2017,13 Sep 2017,60.0,259.0,12,other,N/A,20400000.0,N/A,N/A,0.9,2163,0,N/A,0.289,558166,-0.08,-0.02,-0.26,-0.26,-0.079,-0.5,-0.0,-0.023
leadcoin,1 Mar 2018,11 Mar 2018,10.0,80.0,7,fintech,17,50000000.0,50000000.0,1.0,0.08,11344,0,1323,0.487,6963540,-0.02,-0.0,-0.0,-0.0,-0.234,-8.5,-0.007,0.007
dovu,3 Oct 2017,17 Oct 2017,14.0,225.0,4,saas,6,6644682.0,28400000.0,0.23,0.11,119,0,N/A,-0.169,106502,0.09,0.14,2.24,2.24,0.302,-12.5,0.014,-0.01
wetrust,2 Mar 2017,14 Apr 2017,43.0,415.0,1,saas,9,4978366.0,N/A,N/A,0.06,N/A,5,10,0.0,N/A,N/A,N/A,N/A,N/A,N/A,N/A,N/A,-0.01
snovio,30 Oct 2017,30 Nov 2017,31.0,181.0,2,fintech,13,2129106.0,10000000.0,0.21,0.01,20099,0,10458,-0.73,12041,0.48,0.23,3.71,3.71,0.035,-2.5,0.032,-0.023
investfeed,23 Jul 2017,7 Aug 2017,15.0,296.0,1,saas,11,3400000.0,N/A,N/A,0.0,N/A,0,N/A,0.0,78892,0.1,0.1,1.55,1.55,-0.332,-3.0,0.01,0.013
encrypgen,1 Jun 2017,18 Jul 2017,47.0,316.0,1,saas,7,10000005.0,N/A,N/A,0.03,N/A,0,4615,0.928,22870,0.44,0.24,3.78,3.78,-0.124,-11.5,0.025,-0.06
aidcoin,16 Jan 2018,1 Feb 2018,16.0,118.0,6,blockchain,36,18632900.0,18600000.0,1.0,0.65,4399,0,3089,0.236,1717320,-0.36,-0.23,-3.59,-3.59,-0.128,0.0,-0.004,-0.037
mysterium,30 May 2017,30 May 2017,0.0,365.0,1,saas,8,13325693.0,N/A,N/A,0.89,2653,0,11938,1.461,1632900,-0.13,0.03,0.43,0.43,-0.26,-4.5,0.002,-0.007
fundrequest,20 Nov 2017,01 Dec 2017,11.0,180.0,5,blockchain,11,12121040.0,15000000.0,0.81,0.48,11675,0,13036,-0.491,55032,-1.77,-3.07,-6.13,-6.13,0.947,2.5,-0.011,0.01
adshares,7 Jul 2017,12 Jan 2018,189.0,138.0,12,fintech,2,11900000.0,N/A,N/A,5.26,1135,0,2242,-0.927,7590,0.19,0.09,1.48,1.48,-0.029,-11.0,0.017,0.003
insights-network,28 Jan 2018,14 Feb 2018,17.0,109.0,7,blockchain,3,17376260.0,17400000.0,1.0,0.15,20951,0,N/A,-0.051,693393,-0.33,-0.04,-0.71,-0.44,-0.076,1.0,-0.007,-0.001
sportyco,21 Nov 2017,8 Dec 2017,17.0,173.0,5,fintech,19,5087896.0,16000000.0,0.32,0.12,12434,0,8914,0.812,31692,0.0,0.07,1.16,1.16,0.09,-11.0,0.001,-0.013
alis,1 Sep 2017,1 Oct 2017,30.0,241.0,8,saas,5,3705000.0,35600000.0,0.1,0.15,N/A,0,1751,0.413,337890,0.2,0.18,2.92,2.92,-0.1,-4.0,0.008,-0.043
spectiv,8 Dec 2017,31 Dec 2017,23.0,154.0,1,entertainment,8,7605767.0,10600000.0,0.72,0.5,N/A,0,3270,0.0,N/A,N/A,N/A,N/A,N/A,N/A,N/A,N/A,-0.005
aventus,6 Sep 2017,6 Sep 2017,0.0,266.0,4,entertainment,7,18780000.0,18800000.0,1.0,3.66,254,0,N/A,0.202,950718,-0.32,-0.01,-0.18,-0.18,0.084,-4.0,0.001,-0.023
connectjob,12 Feb 2018,30 Apr 2018,77.0,30.0,7,saas,24,10437623.0,12000000.0,0.87,0.25,7875,0,6397,-0.604,173329,-0.35,-2.76,-5.52,-5.52,0.034,-7.0,-0.019,-0.023
airtoken,19 Sep 2017,19 Oct 2017,30.0,223.0,1,telecommunications,14,15000000.0,15000000.0,1.0,0.02,828,0,5256,-0.313,303295,-0.25,0.02,0.38,0.38,0.028,5.0,0.002,-0.01
worldcore,14 Oct 2017,15 Dec 2017,62.0,166.0,5,saas,14,25000000.0,100000000.0,0.25,0.1,3016,0,N/A,0.146,151573,0.41,0.14,2.23,2.23,0.077,-5.0,0.002,0.0
eroscoin,11 Oct 2017,15 Nov 2017,35.0,196.0,12,other,7,N/A,N/A,N/A,0.05,N/A,0,N/A,1.938,8548340,0.08,-0.07,-1.15,-1.15,0.011,-4.0,-0.003,0.037
bitcrystals,4 Aug 2015,3 Sep 2015,30.0,1000.0,6,blockchain,7,20510.0,N/A,0.14,0.02,N/A,0,6098,-0.131,5586,-0.06,0.09,1.43,1.43,-0.066,-5.0,0.007,-0.027
payfair,1 Nov 2017,30 Nov 2017,29.0,181.0,2,saas,8,18291.0,N/A,N/A,0.0,2750,0,2291,0.0,41498,0.16,0.22,3.56,3.56,0.672,-15.0,0.031,0.007
travelflex,13 Dec 2017,11 Jan 2018,29.0,139.0,12,other,N/A,N/A,N/A,N/A,0.28,104,0,N/A,-0.267,29538,-0.18,-0.03,-0.52,-0.52,-0.06,-2.0,-0.0,-0.023
apx,1 May 2017,21 May 2017,20.0,374.0,12,blockchain,N/A,2749185.0,900.0,1.0,0.6,N/A,0,5259,4.267,714525,0.21,0.07,1.18,1.18,-0.098,-0.5,0.008,-0.02
auctus,10 Apr 2018,20 Apr 2018,10.0,40.0,7,blockchain,12,3865575.0,3900000.0,0.99,0.28,8699,0,9680,1.642,1413630,0.16,1.29,2.59,2.59,0.113,-12.0,-0.008,-0.023
jet8,28 Feb 2018,14 Mar 2018,14.0,77.0,7,telecommunications,51,32700000.0,36000000.0,0.91,0.0974,29615,0,2058,-0.683,871036,-0.47,-0.03,-0.4,-0.4,0.411,-6.5,-0.002,-0.017
real,31 Aug 2017,30 Sep 2017,30.0,242.0,7,real estate,4,10604571.0,33000000.0,0.32,1.38,2033,0,4511,-0.268,13785,0.0,-0.02,-0.34,-0.34,0.108,-5.0,0.016,0.017
invacio,12 Mar 2018,30 Apr 2018,49.0,30.0,4,fintech,15,1912074.0,30000000.0,0.06,1.0,7008,0,4074,-0.857,336316,-1.48,-2.56,-5.11,-5.11,-2.924,-15.5,-0.106,-0.04
target-coin,15 Jul 2017,31 Aug 2017,47.0,276.0,12,blockchain,4,20711412.0,N/A,0.3,0.05,N/A,0,1624,-0.164,69996,0.03,0.09,1.46,1.55,-0.24,0.182,0.022,-0.003
publica,1 Nov 2017,16 Nov 2017,15.0,195.0,1,saas,21,1046210.0,1000000.0,1.0,0.1,1620,0,2258,1.547,1317120,-0.07,0.18,2.82,2.82,-0.039,-6.5,0.012,-0.037
adhive,28 Feb 2018,14 Mar 2018,14.0,77.0,5,entertainment,17,17491749.0,17500000.0,1.0,0.17,16464,0,5549,-0.675,772548,0.12,0.93,1.86,1.86,-1.424,-3.0,-0.0,0.007
commerceblock,28 Nov 2017,19 Dec 2017,21.0,162.0,4,fintech,7,8820470.0,25000000.0,0.35,0.06,1759,0,261,-0.338,85105,0.17,1.32,2.64,2.64,-0.779,-6.5,0.003,-0.0
biocoin,1 Nov 2017,18 Feb 2018,109.0,101.0,2,other,18,16000000.0,15000000.0,1.0,16.0,327,0,1256,-0.999,41016,-0.11,-0.18,-2.92,-2.92,0.073,-3.0,-0.005,0.003
opus,24 Jul 2017,24 Aug 2017,31.0,279.0,12,entertainment,11,5737250.0,20000000.0,0.29,0.04,1621,0,3639,0.299,37435,-0.08,-0.0,-0.01,-0.01,-0.104,15.0,0.033,-0.013
atlant,7 Sep 2017,1 Nov 2017,55.0,210.0,2,real estate,12,6663530.0,69200000.0,0.1,0.57,5204,0,4047,-0.308,323580,-0.27,0.04,0.68,0.68,-0.222,-8.0,0.006,0.033
viuly,1 Nov 2017,15 Nov 2017,14.0,196.0,5,entertainment,3,N/A,30000000.0,N/A,0.17,6657,0,6222,-0.967,14913,0.32,0.25,4.03,4.03,0.121,-6.0,0.031,-0.02
hoqu,27 Nov 2017,26 Feb 2018,91.0,93.0,4,fintech,5,18782400.0,33200000.0,0.57,0.17,14868,0,6145,-0.564,29097,-0.15,-0.04,-0.63,-0.63,0.042,-10.0,-0.008,0.027
dether,07 Feb 2018,07 Mar 2018,28.0,84.0,5,saas,8,13444650.0,13400000.0,1.0,0.23,6883,0,1276,-0.337,40103,-0.32,-0.11,-1.69,-1.69,0.576,-2.5,0.002,0.01
clearpoll,2 Oct 2017,26 Oct 2017,24.0,216.0,9,saas,9,N/A,1300000.0,N/A,0.13,866,0,120064,2.341,94539,-0.13,0.19,3.04,3.04,-0.129,-3.0,0.013,-0.023
amlt,11 Dec 2017,29 Jan 2018,49.0,121.0,12,blockchain,18,19042042.0,16000000.0,1.0,0.39,5005,0,6593,-0.798,263017,-0.16,-0.01,-0.1,-0.1,0.036,-7.5,0.001,-0.013
tokes,2 Dec 2016,16 Jan 2017,45.0,499.0,1,blockchain,3,N/A,N/A,N/A,5.06,N/A,0,8499,-0.897,15471,0.25,0.19,2.96,2.96,-0.12,-1.5,0.011,-0.033
sether,15 Jan 2018,15 Jan 2018,0.0,135.0,5,saas,14,28000000.0,N/A,N/A,3.9,6962,0,10878,-0.672,46969,-0.1,-0.05,-0.81,-0.81,-0.254,4.0,-0.008,-0.033
aditus,30 Nov 2017,19 Dec 2017,19.0,162.0,7,saas,15,7100193.0,22500000.0,0.32,0.05,13618,0,N/A,-0.735,300285,0.4,3.16,6.32,6.32,0.234,-7.0,0.022,-0.017
internxt,7 Sep 2017,28 Sep 2017,21.0,244.0,5,saas,5,220800.0,41000000.0,0.01,1.01,10197,0,0,2.129,294867,0.16,0.18,2.87,2.87,-0.081,-11.0,0.022,0.027
peculium,21 Dec 2017,24 Jan 2018,34.0,126.0,5,fintech,52,9917634.0,2000000.0,1.0,0.01,N/A,0,16246,-0.583,69616,0.0,0.05,0.78,0.78,0.122,6.0,0.008,0.033
privatix,19 Oct 2017,16 Nov 2017,28.0,195.0,12,saas,16,2391939.0,15000000.0,0.16,3.3,1943,0,704,-0.055,99333,0.11,0.15,2.41,2.41,-0.126,0.5,0.023,0.037
cryptopay,2 Oct 2017,30 Oct 2017,28.0,212.0,4,blockchain,3,18148220.0,64300000.0,0.28,0.31,365,0,8497,0.243,380453,0.1,0.07,1.04,1.04,-0.315,-15.5,0.005,-0.02
voise,6 May 2017,6 Jun 2017,31.0,358.0,5,saas,N/A,64651.0,N/A,N/A,N/A,9062,0,23938,0.0,3629,0.29,0.2,3.11,3.11,-0.976,-4.0,0.087,-0.143
hellogold,28 Aug 2017,2 Oct 2017,35.0,240.0,12,saas,19,5208991.0,N/A,N/A,0.05,1492,0,1968,-0.516,28580,-0.0,0.14,2.29,2.29,-0.135,-23.5,0.022,-0.05
bitdice,15 Aug 2017,15 Sep 2017,31.0,257.0,10,other,1,8748793.0,25000000.0,0.35,0.1,734,0,3505,0.495,60084,0.1,0.18,2.83,2.83,-0.138,13.5,0.004,0.053
clearcoin,16 Nov 2017,31 Mar 2018,135.0,60.0,1,other,17,4350000.0,N/A,N/A,0.01,25348,0,N/A,0.551,93524,0.07,0.54,1.08,1.08,0.49,-0.5,-0.016,-0.003
iungo,7 Dec 2017,31 Jan 2018,55.0,119.0,5,saas,14,45978800.0,46000000.0,1.0,1.15,10755,0,4961,-0.587,885373,-0.17,-0.2,-3.17,-3.17,-0.058,-9.0,-0.01,0.043
fidentiax,6 Nov 2017,5 Dec 2017,29.0,176.0,7,saas,8,1566283.0,2900000.0,0.54,0.93,2487,0,3904,-0.701,77268,0.26,0.07,1.06,1.06,-0.218,3.0,0.0,-0.01
mywish,25 Oct 2017,25 Nov 2017,31.0,186.0,2,other,12,2670000.0,2700000.0,0.99,0.23,2334,0,3988,0.354,305113,0.14,0.18,2.8,2.8,0.272,-1.5,0.008,-0.037
starta,4 Jul 2017,3 Aug 2017,30.0,300.0,2,fintech,13,50000009.0,N/A,N/A,1.0,N/A,0,N/A,-0.204,6482,0.17,0.05,0.73,0.73,-0.635,-1.5,0.025,0.05
gatcoin,17 Dec 2017,5 Jan 2018,19.0,145.0,3,saas,18,14500000.0,14500000.0,1.0,0.2,3984,0,4346,-0.604,681451,-0.3,-0.23,-3.69,-3.69,-0.032,-8.0,-0.014,-0.013
goldmint,20 Sep 2017,11 Nov 2017,52.0,200.0,2,fintech,17,7300000.0,40000000.0,0.18,7.0,11092,0,2595,-0.634,74776,0.24,0.16,2.47,2.47,0.138,35.5,0.012,0.243
digipulse,1 Oct 2017,31 Oct 2017,30.0,211.0,5,other,6,N/A,N/A,N/A,1.21,25554,0,6217,-0.116,4092,0.12,0.24,3.77,3.77,-0.13,3.0,0.019,0.073
herocoin,14 Sep 2017,14 Oct 2017,30.0,228.0,5,other,7,2021034.0,16000000.0,0.13,0.0267,1958,0,N/A,-0.241,852325,0.3,0.16,2.55,2.55,-0.529,-6.0,0.024,-0.017
reftoken,17 Nov 2017,17 Dec 2017,30.0,164.0,5,fintech,8,N/A,48000000.0,N/A,14.0,2897,0,4207,-0.506,129535,0.22,0.1,1.57,1.57,-0.111,6.5,0.032,-0.077
vezt,4 Nov 2017,3 Dec 2017,29.0,178.0,1,entertainment,19,1378806.0,15000000.0,0.09,0.5,2843,0,5363,5.32,2379180,-0.14,-0.13,-2.04,-2.04,-0.533,3.5,-0.012,0.043
starbase,9 Nov 2017,24 Nov 2017,15.0,187.0,8,saas,5,8842000.0,10000000.0,0.88,0.1,N/A,0,181,0.078,11977,0.31,0.15,2.32,2.32,1.83,0.0,0.263,-0.023
experty,25 Jan 2018,25 Feb 2018,31.0,94.0,6,telecommunications,15,9468000.0,9500000.0,1.0,1.05,14088,0,15648,-0.373,1742640,-0.58,-0.12,-1.85,-1.85,-0.056,6.0,-0.012,0.08
hush,02 May 2018,10 Jun 2018,39.0,-11.0,5,blockchain,12,N/A,N/A,0.0,0.817,622,0,776,-0.949,69,0.01,0.16,2.51,2.51,-0.122,-1.0,0.031,-0.037
fabric-token,15 Feb 2018,1 Apr 2018,45.0,63.0,5,blockchain,11,1035986.0,9000000.0,0.12,0.1125,5381,0,1524,-0.172,83004,1.54,2.67,5.33,5.44,-4.584,-22.175,0.04,-0.026
cryptoping,25 May 2017,24 Jun 2017,30.0,340.0,12,saas,0,2742420.0,N/A,N/A,0.28,2,0,10411,0.425,407237,-0.19,0.03,0.48,0.48,-0.082,-2.5,0.014,0.067
upfiring,3 Oct 2017,31 Oct 2017,28.0,211.0,12,saas,N/A,25848.0,N/A,N/A,0.05,N/A,0,N/A,7.382,362421,-0.26,0.21,3.33,3.33,-0.267,3.0,0.016,-0.02
eboost,13 Sep 2016,25 Oct 2016,42.0,586.0,12,other,N/A,N/A,N/A,N/A,0.2,N/A,0,N/A,0.0,N/A,N/A,N/A,N/A,N/A,N/A,N/A,N/A,-0.022
lampix,9 Aug 2017,18 Aug 2017,9.0,285.0,1,saas,13,14200000.0,60000000.0,0.24,0.26,1648,0,3349,-0.634,29039,0.07,0.06,0.89,0.89,-0.121,-1.0,0.005,-0.007
blockcat,15 Jul 2017,14 Aug 2017,30.0,289.0,1,saas,7,6284400.0,5000000.0,1.0,1.0,N/A,0,7848,0.08,28777,0.19,0.06,0.96,0.96,-0.193,-3.5,0.006,-0.02
zrcoin,11 May 2017,9 Jun 2017,29.0,355.0,2,blockchain,11,7000000.0,N/A,N/A,1.55,919,0,N/A,47.348,2303,0.08,0.03,0.5,0.5,-0.1,-3.5,0.006,-0.007
copytrack,10 Dec 2017,10 Feb 2018,62.0,109.0,5,fintech,4,11087368.0,62900000.0,0.18,1.19,8488,0,N/A,-0.648,85931,-0.1,-0.02,-0.35,-0.35,0.279,4.5,-0.005,-0.043
autonio,22 Sep 2017,22 Oct 2017,30.0,220.0,12,fintech,9,N/A,10000000.0,N/A,0.1,4201,0,6715,-0.955,11004,0.36,0.27,4.26,4.26,-0.807,2.0,0.042,-0.023
parkgene,15 Jan 2018,19 Mar 2018,63.0,72.0,7,fintech,5,24335000.0,35000000.0,0.7,0.1,7049,0,776,-0.874,58791,-0.13,-1.05,-2.1,-2.1,-0.533,11.5,-0.017,-0.027
chainium,25 Dec 2017,12 Jan 2018,18.0,138.0,5,fintech,6,3434946.0,5500000.0,0.62,0.0664,N/A,0,63,0.594,70198,0.07,0.52,1.04,1.04,0.691,-10.5,-0.004,-0.003
trakinvest,8 Feb 2018,7 Mar 2018,27.0,84.0,7,fintech,14,50000000.0,N/A,N/A,0.85,38652,0,470,-0.849,262810,-0.01,-0.1,-0.2,-0.2,-0.694,-19.5,-0.011,-0.13
aigang,15 Nov 2017,15 Dec 2017,30.0,166.0,7,fintech,7,4228920.0,31100000.0,0.14,0.31,4644,0,7825,12.097,16206500,-0.22,-0.26,-4.06,-4.06,-0.225,-4.0,-0.019,0.007
ethorse,10 Jan 2018,17 Jan 2018,7.0,133.0,7,other,N/A,4800000.0,N/A,N/A,0.052,N/A,0,1279,1.613,523864,0.01,0.03,0.4,0.4,-0.079,-23.0,-0.001,0.053
daneel,29 Jan 2018,5 Mar 2018,35.0,86.0,5,fintech,15,2830400.0,16000000.0,0.18,0.29,6287,0,N/A,-0.833,130556,0.37,2.97,5.94,5.94,2.862,-3.5,0.085,-0.043
bonpay,31 Oct 2017,28 Nov 2017,28.0,183.0,4,fintech,4,10000000.0,N/A,N/A,0.9,955,0,10036,1.144,4834,-0.02,0.0,0.04,0.04,-0.098,-21.0,-0.0,-0.023
syncfab,15 Feb 2018,15 Mar 2018,28.0,76.0,1,saas,9,9155717.0,19700000.0,0.46,0.12,10179,0,N/A,-0.612,48703,0.02,0.14,0.28,0.28,-0.619,-6.0,-0.014,-0.023
verime,1 Mar 2018,31 Mar 2018,30.0,60.0,7,saas,18,21720000.0,30000000.0,0.72,0.165,39639,0,9085,-0.167,95404,-0.3,-2.41,-4.82,-4.82,-0.128,-2.0,-0.042,0.0
blitzpredict,22 Jan 2018,22 Feb 2018,31.0,97.0,12,other,5,4374000.0,7300000.0,0.6,0.0292,13881,0,N/A,-0.677,48405,-0.04,0.08,1.21,1.21,0.365,-2.5,0.02,0.003
1world,5 Oct 2017,6 Nov 2017,32.0,205.0,1,blockchain,66,5000000.0,N/A,N/A,1.2,6991,0,7403,-0.657,357311,-0.08,-0.01,-0.12,-0.12,-0.122,6.5,-0.009,0.013
flypme,19 Sep 2017,26 Sep 2017,7.0,253.0,5,other,1,1610000.0,N/A,N/A,0.07,22,0,N/A,1.578,15603,0.1,0.21,3.3,3.3,-0.529,0.0,0.022,0.023
eventchain,13 Sep 2017,14 Oct 2017,31.0,228.0,1,entertainment,8,772896.0,13500000.0,0.06,1.47,N/A,0,26848,-0.887,1884,0.21,0.17,2.74,2.74,-0.53,-22.0,0.04,0.08
darcrus,21 Dec 2016,26 Dec 2016,5.0,520.0,12,saas,1,29742.0,N/A,0.23,0.02,1550,0,9381,0.05,6268,0.36,0.17,2.66,2.66,-0.502,-15.5,0.024,-0.023
coinlancer,14 Oct 2017,15 Nov 2017,32.0,196.0,12,saas,36,11860153.0,50000000.0,0.24,0.25,7218,0,2258,0.691,3536710,0.03,-0.09,-1.49,-1.49,-0.222,-5.5,-0.009,0.01
transcodium,1 Mar 2018,30 Apr 2018,60.0,30.0,4,saas,7,10977534.0,30000000.0,0.37,0.376,6187,0,N/A,-0.625,488145,-0.19,-1.5,-3.0,-3.0,-1.005,-20.5,-0.026,-0.12
micromoney,18 Oct 2017,18 Nov 2017,31.0,193.0,12,fintech,18,10541585.0,30000000.0,0.35,1.0,5209,0,165990,-0.326,452417,0.31,0.09,1.47,1.47,-0.165,-1.0,0.0,-0.027
pylon-network,4 Oct 2017,24 Oct 2017,20.0,222.0,5,energy,11,N/A,N/A,N/A,1.79,1515,0,4018,12.201,69585,0.11,0.02,0.25,0.41,-0.39,0.975,0.002,-0.003
verify,29 Nov 2017,06 Dec 2017,7.0,175.0,7,saas,9,2500000.0,2500000.0,1.0,0.23,3554,0,510,1.44,803439,0.32,0.12,1.86,1.86,0.167,-6.0,0.009,-0.077
tokenstars,31 Aug 2017,31 Oct 2017,61.0,211.0,7,other,4,4901220.0,7500000.0,0.65,0.42,17900,0,N/A,-0.165,409248,-1.13,-1.96,-3.93,-3.93,-0.153,1.0,-0.036,0.0
live-stars,15 Jan 2018,15 Feb 2018,31.0,108.0,5,saas,6,2518564.0,5000000.0,0.5,0.2,2738,0,7810,-0.602,144179,-0.06,-0.46,-0.92,-0.67,-0.1,3.275,-0.014,0.02
hirematch,1 Oct 2017,15 Feb 2018,137.0,104.0,1,fintech,4,16000000.0,N/A,N/A,0.17,N/A,0,1937,-0.832,98386,0.03,0.16,2.52,2.52,-0.053,-2.5,0.013,-0.007
dcorp,01 Jun 2017,29 Jun 2017,28.0,335.0,12,fintech,4,N/A,N/A,N/A,N/A,1722,0,N/A,0.0,199375,-0.09,0.13,2.12,2.12,0.076,24.0,0.009,0.31
ethersportz,9 Jan 2018,10 Jan 2018,1.0,140.0,1,entertainment,6,3500000.0,3500000.0,1.0,0.5,1778,0,N/A,0.123,71545,0.12,0.04,0.57,0.57,1.062,1.5,0.017,-0.053
crycash,12 Dec 2017,31 Jan 2018,50.0,119.0,5,blockchain,6,N/A,N/A,N/A,1.1,3129,0,1431,-0.574,50581,0.07,0.57,1.14,1.14,0.188,4.0,-0.003,-0.03
chronologic,25 Aug 2017,25 Sep 2017,31.0,247.0,12,fintech,3,7400000.0,N/A,N/A,0.1,N/A,0,N/A,108.4,23084,-0.02,-0.0,-0.02,-0.02,-0.009,7.5,0.011,-0.02
soma,27 Sep 2017,14 Nov 2017,48.0,197.0,5,ecommerce,11,6049621.0,39800000.0,0.15,0.74,1595,0,4883,-0.686,6114,0.39,0.15,2.37,2.37,-0.254,33.0,0.025,0.04
skincoin,21 Jun 2017,21 Jul 2017,30.0,313.0,2,blockchain,5,3292183.0,10000000.0,0.33,0.04,729,0,6689,-0.08,9042,-0.18,0.0,0.0,0.0,-0.345,-6.0,0.009,-0.04
boutspro,11 Mar 2018,25 Mar 2018,14.0,66.0,4,blockchain,32,N/A,7000000.0,N/A,0.007,13102,0,9825,2.189,100240,0.04,0.3,0.6,0.6,-0.315,-4.5,0.001,-0.03
obsidian,12 Aug 2017,26 Aug 2017,14.0,277.0,4,saas,6,1566332.0,8820000.0,0.18,0.15,801,0,8792,1.49,262223,0.12,0.15,2.45,2.45,-0.037,-0.5,0.003,-0.053
biotron,27 Mar 2018,05 Apr 2018,9.0,55.0,12,other,N/A,N/A,N/A,N/A,0.22,2447,0,N/A,-0.814,955,0.16,1.3,2.61,2.61,0.382,-0.5,0.018,0.017
earth-token,15 Dec 2017,15 Mar 2018,90.0,80.0,11,saas,11,N/A,N/A,N/A,0.16,13062,0,20284,-0.699,509033,-0.36,-2.82,-5.64,-5.44,-0.269,-1.1,-0.044,-0.024
qvolta,10 Oct 2017,20 Oct 2017,10.0,222.0,7,blockchain,4,729652.0,4700000.0,0.16,0.3,1614,0,0,0.064,40141,0.06,0.14,2.28,2.28,0.112,-18.0,0.016,-0.023
blocklancer,16 Jan 2018,16 Feb 2018,31.0,103.0,5,fintech,5,30000010.0,90000000.0,0.33,0.09,N/A,0,50,-0.795,34683,0.24,0.1,1.62,1.62,1.006,-1.0,0.02,-0.073
centra,03 Aug 2017,02 Oct 2017,60.0,240.0,1,fintech,19,26100000.0,26100000.0,1.0,0.73,1188,0,46,-0.527,2484,0.24,0.14,2.22,2.22,-0.206,28.5,0.044,0.147
pluscoin,26 Sep 2017,10 Oct 2017,14.0,232.0,8,blockchain,13,9598000.0,N/A,N/A,1.49,116,0,247,-0.999,67444,-0.11,0.08,1.23,1.23,-0.741,-35.0,0.057,0.643
wandx,27 Oct 2017,21 Nov 2017,25.0,190.0,7,other,6,86654.0,N/A,N/A,0.09,2377,0,6310,4.727,90663,0.3,0.04,0.6,0.6,0.346,-4.0,0.01,-0.023
fundyourselfnow,13 Jun 2017,31 Jul 2017,48.0,303.0,12,other,9,N/A,N/A,N/A,N/A,5193,0,N/A,0.0,27307,0.24,0.14,2.2,2.2,0.176,-7.5,0.018,-0.003
bitjob,12 Sep 2017,13 Oct 2017,31.0,233.0,12,saas,26,2726424.0,12000000.0,0.23,0.39,2185,0,6863,0.0,N/A,N/A,N/A,N/A,N/A,N/A,N/A,N/A,-0.007
nitro,30 Nov 2017,26 Dec 2017,26.0,155.0,3,saas,16,2694156.0,58000000.0,0.05,0.97,16203,0,3724,0.577,131540,0.07,0.07,1.18,1.18,-0.381,3.5,0.027,0.11
tigereum,8 Dec 2017,18 Dec 2017,10.0,163.0,4,saas,15,N/A,12000000.0,N/A,0.067,N/A,0,3563,1.166,195263,0.29,0.14,2.27,2.27,-0.112,-16.5,0.02,-0.08
phi-token,8 Mar 2018,21 Mar 2018,13.0,74.0,5,other,16,3800000.0,N/A,N/A,1.61803,26306,0,3814,-0.631,58338,-0.09,-0.69,-1.38,-1.25,0.162,-6.35,-0.01,-0.025
plancoin,24 Jan 2018,23 Feb 2018,30.0,96.0,12,blockchain,N/A,1700000.0,N/A,N/A,0.6,N/A,0,1895,-0.584,282642,0.03,0.21,0.41,0.41,0.886,16.0,-0.004,-0.2
mcap,27 Apr 2017,7 May 2017,10.0,388.0,1,blockchain,N/A,44287318.0,N/A,N/A,4.0,N/A,0,152,0.635,3797,-0.1,-0.14,-2.3,-2.3,0.035,-1.5,-0.004,-0.023
authorship,15 Aug 2017,14 Sep 2017,30.0,258.0,1,telecommunications,1,N/A,7000000.0,N/A,0.04,138,0,11616,-0.287,12714,0.1,0.11,1.74,1.74,-0.097,-2.5,0.019,0.003
elcoin,08 Jan 2018,05 Feb 2018,28.0,114.0,5,saas,18,N/A,30000000.0,N/A,N/A,698,0,4528,0.0,11,-0.12,0.16,2.61,2.61,-223.15,-218.0,37.97,1.46
suretly,11 Jul 2017,11 Aug 2017,31.0,292.0,2,fintech,6,28000001.0,N/A,N/A,30.93,N/A,0,1288,-0.578,12585,-0.12,-0.04,-0.67,-0.67,-0.018,-8.0,0.004,0.01
emphy,7 Oct 2017,5 Nov 2017,29.0,206.0,5,real estate,5,44500.0,7260000.0,0.01,0.1,13636,0,13062,1.42,100754,0.14,0.24,3.84,3.84,0.045,-7.0,0.029,-0.063
fujinto,10 Aug 2017,10 Sep 2017,31.0,262.0,8,blockchain,4,17566200.0,N/A,0.6,0.07,N/A,0,939,4.452,580241,-0.34,-0.24,-3.74,-3.74,0.354,38.0,0.001,0.293
bitair,17 Sep 2017,31 Oct 2017,44.0,211.0,12,other,N/A,21510000.0,N/A,N/A,0.019,N/A,0,N/A,-0.239,209739,0.14,-0.02,-0.32,-0.32,-0.24,1.5,-0.007,0.047
escroco,30 Oct 2017,28 Nov 2017,29.0,187.0,12,fintech,N/A,N/A,N/A,N/A,0.1,N/A,0,N/A,0.0,N/A,N/A,N/A,N/A,N/A,N/A,N/A,N/A,N/A
crystal-clear,8 Sep 2017,8 Oct 2017,30.0,238.0,2,transportation,7,3377550.0,N/A,N/A,3.09,N/A,0,4522,-0.1,21319,-0.14,-0.02,-0.39,-0.28,-0.499,-2.3,0.019,-0.005
peerguess,28 Oct 2017,09 Dec 2017,42.0,176.0,12,saas,13,N/A,N/A,N/A,0.06,1072,0,2035,0.0,N/A,N/A,N/A,N/A,N/A,N/A,N/A,N/A,0.003
hedge,15 Sep 2017,15 Oct 2017,30.0,227.0,5,blockchain,9,2100000.0,15000000.0,0.14,0.67,N/A,0,3776,0.063,35573,0.16,0.13,2.06,2.06,-0.23,22.0,0.062,0.14
srcoin,1 Mar 2018,31 Mar 2018,30.0,60.0,12,insurance services,11,4000000.0,N/A,N/A,0.006,1245,0,943,-0.185,132146,0.04,0.31,0.63,0.63,-2.638,9.0,-0.02,-0.083
ecobit,9 Apr 2017,15 Jun 2017,67.0,349.0,12,other,N/A,N/A,N/A,N/A,0.03,279,0,1125,0.078,41297,-0.03,-0.0,-0.0,-0.0,-0.149,-0.5,0.008,-0.013
tokenbox,14 Nov 2017,28 Nov 2017,14.0,183.0,2,saas,8,8000000.0,20000000.0,0.4,1.0,1993,0,2422,0.5,116601,-0.15,-0.12,-1.91,-1.91,0.079,2.5,-0.005,0.103
blockpool,01 May 2017,30 Jun 2017,60.0,334.0,12,other,10,N/A,N/A,N/A,N/A,N/A,0,N/A,0.0,39542,-0.11,0.18,2.93,2.93,-0.017,-8.5,0.011,-0.03
sense,7 Nov 2017,21 Nov 2017,14.0,190.0,1,telecommunications,7,15000000.0,15000000.0,1.0,0.1,2451,0,9116,-0.433,13019,0.03,-0.16,-2.58,-2.58,-0.293,-9.0,-0.004,0.02
ethbits,15 Apr 2017,13 May 2017,28.0,382.0,4,saas,3,1216178.0,N/A,N/A,1.14,6271,0,5546,0.921,3027,0.06,0.25,3.94,3.94,30.738,2.5,2.038,-0.017
neverdie,30 Jun 2017,1 Sep 2017,63.0,271.0,1,entertainment,2,5800000.0,10000000.0,0.58,0.25,7,0,1486,-0.193,43022,-0.08,-0.16,-2.59,-2.59,-0.251,-4.5,0.006,-0.087
farad,1 Oct 2017,31 Oct 2017,30.0,211.0,12,energy,11,N/A,N/A,N/A,0.13,76,0,3417,-0.395,39680,0.05,0.12,1.95,1.95,-0.124,8.0,0.013,0.077
monster-byte,6 Jul 2017,4 Aug 2017,29.0,303.0,10,entertainment,2,10000002.0,N/A,1.0,0.11,N/A,0,2201,-0.271,16860,0.13,0.13,2.1,2.21,0.449,1.3,0.027,-0.024
musiconomi,27 Aug 2017,27 Sep 2017,31.0,245.0,12,other,6,N/A,N/A,N/A,0.01,N/A,0,N/A,10.468,735,0.09,0.12,1.87,1.87,-0.008,-2.5,0.021,-0.003
etheriya,21 Jun 2017,10 Aug 2017,50.0,293.0,12,saas,N/A,30000.0,N/A,0.85,0.25,N/A,0,592,5.4,23481,0.18,0.02,0.34,0.34,1.002,-7.0,0.044,0.04
oceanlab,07 Aug 2017,31 Aug 2017,24.0,272.0,12,blockchain,N/A,N/A,N/A,N/A,N/A,N/A,0,N/A,0.0,29066,0.34,0.17,2.64,2.64,-0.145,-2.0,0.009,0.033
global-jobcoin,28 Oct 2017,6 Dec 2017,39.0,179.0,6,saas,4,N/A,N/A,N/A,1.31,N/A,0,12060,-0.817,14648,0.14,0.13,2.13,2.22,0.369,-56.2,0.082,0.008
bitpark-coin,15 Sep 2016,20 Oct 2016,35.0,591.0,8,fintech,1,29195.0,N/A,N/A,0.1,N/A,0,1109,-0.817,103,-0.02,0.08,1.2,1.33,0.495,-5.125,0.022,-0.022
blockpay,23 Aug 2016,15 Sep 2016,23.0,622.0,6,saas,1,53836010.0,N/A,N/A,0.12,N/A,0,N/A,0.762,483,-0.17,-0.01,-0.13,-0.13,0.453,-17.0,0.029,0.08
regalcoin,22 Aug 2017,22 Sep 2017,31.0,250.0,12,blockchain,N/A,N/A,N/A,N/A,0.97,5564,0,9589,10.742,3808740,0.4,0.22,3.52,3.52,-0.257,7.0,-0.005,-0.027
newbium,1 May 2016,31 May 2016,30.0,729.0,12,saas,N/A,38180.0,600000.0,0.06,N/A,N/A,0,3260,0.0,11,0.27,0.22,3.51,3.51,-0.467,-3.5,0.089,-0.003
tigercoin,25 Feb 2018,25 Mar 2018,28.0,66.0,12,fintech,N/A,N/A,N/A,N/A,N/A,507,0,N/A,0.0,0.0,-0.24,-0.13,-2.12,-2.12,-0.248,0.5,0.046,-0.01
abjcoin,1 Sep 2017,30 Oct 2017,59.0,212.0,12,blockchain,10,N/A,1290000.0,N/A,0.5,1822,0,N/A,0.183,87523,0.09,0.23,3.57,3.57,0.345,22.5,0.115,0.207
bankcoin,5 Nov 2016,19 Dec 2016,44.0,527.0,10,fintech,2,1000000.0,N/A,0.16,0.25,20,0,2530,0.998,47742,0.11,0.23,3.65,3.65,0.22,-3.0,0.067,0.033
300-token,30 Jun 2017,6 Jul 2017,6.0,332.0,12,blockchain,N/A,16724.0,N/A,0.7,79.76,N/A,0,821,7.334,22581,-0.15,0.03,0.48,0.61,0.573,2.975,0.016,0.077
ccore,9 Nov 2017,30 Nov 2017,21.0,181.0,12,fintech,8,1400000.0,N/A,N/A,0.45,2056,0,3936,1.163,15228,0.11,0.12,1.84,1.84,0.26,15.5,0.04,-0.08
bolenum,15 Jul 2017,14 Aug 2017,30.0,289.0,12,blockchain,N/A,19121.0,N/A,N/A,5.98,N/A,0,54555,-0.996,13218,-0.1,0.12,1.85,1.85,1.077,-7.5,0.03,0.027
icobid,09 Dec 2016,09 Jan 2017,31.0,506.0,12,other,N/A,N/A,N/A,N/A,0.0,N/A,0,N/A,0.0,808,0.25,0.14,2.2,2.2,0.788,13.0,0.027,-0.093
copico,16 Oct 2017,16 Nov 2017,31.0,195.0,12,blockchain,2,N/A,N/A,N/A,0.006,1257,0,N/A,2.748,107543,0.05,0.22,3.42,3.42,-0.295,-11.0,0.024,-0.137
iconic,01 Mar 2018,31 Mar 2018,30.0,60.0,12,fintech,N/A,N/A,N/A,N/A,N/A,2978,0,N/A,0.0,180,0.24,0.16,2.48,2.48,0.499,-1.5,0.036,-0.017
pundi-x,21 Jan 2018,21 Jan 2018,0.0,133.0,12,saas,4,35000000.0,35000000.0,1.0,2.1,22907,0,5231,-1.0,970635,-0.19,0.29,4.53,4.7,-0.63,-4.375,0.04,-0.006
educoin,18 Mar 2018,25 Mar 2018,7.0,66.0,7,social services,4,N/A,N/A,N/A,N/A,376,0,7,0.0,4,0.22,0.16,2.51,2.51,-23.531,7.0,0.739,0.01
spindle,9 May 2018,15 May 2018,6.0,15.0,4,blockchain,12,N/A,N/A,N/A,0.23,31347,0,23787,-0.905,2379600,3.35,5.8,11.61,11.61,-1.888,-9.5,0.106,0.093
silent-notary,15 Mar 2018,12 Apr 2018,28.0,52.0,2,blockchain,4,N/A,N/A,N/A,0.0,30391,0,6203,0.0,339139,2.27,3.94,7.87,7.97,-0.413,1.675,0.147,-0.021
apis,4 Mar 2018,3 Apr 2018,30.0,57.0,7,blockchain,21,N/A,3600.0,N/A,0.0036,N/A,0,19599,0.028,4766240,1.43,2.48,4.96,4.96,-6.759,13.0,0.071,0.063
tokia,4 Dec 2017,15 Mar 2018,101.0,76.0,4,fintech,7,30000000.0,N/A,N/A,1.0,8293,0,1606,-0.813,641864,1.15,2.0,3.99,3.99,-3.048,-46.5,0.027,0.207
aware,04 Jan 2018,30 Jan 2018,26.0,120.0,12,fintech,N/A,N/A,N/A,N/A,0.063,598,0,N/A,0.495,1391910,-0.31,-0.19,-2.96,-2.96,-0.008,-1.5,-0.003,0.03
patron,27 Mar 2018,9 May 2018,43.0,21.0,8,saas,26,40000000.0,35000000.0,1.0,0.5,14729,0,21639,-0.864,933787,0.78,1.35,2.71,2.71,-1.711,2.5,0.064,-0.14
gems,30 Jan 2018,01 Feb 2018,2.0,118.0,12,fintech,2,N/A,N/A,N/A,0.075,32977,0,19377,-0.689,4746,-0.07,0.01,0.16,0.16,-2.738,-1403.5,0.167,9.51
key,23 Sep 2017,23 Oct 2017,30.0,219.0,12,fintech,N/A,21780000.0,N/A,N/A,0.01,N/A,0,N/A,0.063,496995,-0.18,-1.41,-2.81,-2.81,0.36,-4.5,-0.002,0.007
cfun,18 Dec 2017,19 Dec 2017,1.0,162.0,7,saas,9,15000000.0,15000000.0,1.0,0.03,4570,0,5568,2.506,14156000,-0.17,-0.18,-2.79,-2.79,0.076,-0.5,-0.007,0.043
fidelium,26 Feb 2018,26 Mar 2018,28.0,65.0,1,fintech,18,10000000.0,47000000.0,0.21,-0.07,N/A,0,2454,-4.111,76937,-0.05,-0.37,-0.75,-0.75,-0.246,-5.5,-0.014,-0.127
stockchain,16 Mar 2018,19 Mar 2018,3.0,72.0,7,other,18,2693450.0,N/A,N/A,0.011,89321,0,54483,1.704,271642,0.31,-0.03,-0.52,-0.52,-0.154,-4.5,-0.005,0.02
xyo-network,20 Mar 2018,21 May 2018,62.0,13.0,1,other,25,11951000.0,48000000.0,0.25,0.01,16449,0,7150,-0.398,245464,-1.24,-2.15,-4.31,-4.09,-1.335,-8.4,-0.049,-0.02
eximchain,01 Feb 2018,13 Feb 2018,12.0,106.0,12,blockchain,16,20000000.0,20000000.0,1.0,0.33,10971,0,N/A,1.01,185434,4.24,7.35,14.7,14.7,-1.163,-5.0,0.048,0.04
hero,14 Sep 2017,14 Oct 2017,30.0,228.0,5,entertainment,13,36416517.0,173900000.0,0.21,0.04,1958,0,4494,7.513,88370,1.21,2.09,4.18,4.18,0.355,-2.0,0.061,0.163
naviaddress,1 Mar 2018,31 Mar 2018,30.0,60.0,7,saas,6,16900000.0,20000000.0,0.84,0.05,99994,0,195,-0.518,194240,-0.93,-1.62,-3.24,-3.24,4.133,17.5,-0.058,-0.03
indicoin,30 Sep 2017,1 Nov 2017,32.0,210.0,12,blockchain,9,23000.0,N/A,N/A,0.02,N/A,0,19250,0.711,60496,0.16,0.05,0.73,0.73,-0.951,-127.0,0.035,0.763
faceter,15 Feb 2018,30 Mar 2018,43.0,61.0,11,other,9,28610352.0,40800000.0,0.7,0.0349,2100,0,51,-0.43,135291,1.77,3.06,6.11,6.11,-1.888,-6.5,0.046,0.033
sphre-air,1 Jun 2017,30 Jun 2017,29.0,338.0,4,saas,4,5272732.0,N/A,N/A,0.19,N/A,0,N/A,-0.222,10531,0.17,0.13,2.1,2.36,-0.119,-2.675,0.004,-0.016
etherecash,15 Nov 2017,12 Dec 2017,27.0,169.0,12,fintech,8,40000000.0,100000000.0,0.4,1.0,N/A,0,1169,-0.216,248868,-0.15,-0.12,-1.95,-3.7,-0.394,nan,-0.004,nan
budbo,29 Jan 2018,5 Mar 2018,35.0,86.0,7,blockchain,33,30000000.0,52500000.0,0.57,0.35,3350,0,5295,-0.666,67317,0.1,0.81,1.63,1.27,0.188,nan,0.013,nan
blockmesh,28 Feb 2018,31 Mar 2018,31.0,60.0,12,blockchain,13,3486451.0,10000000.0,0.35,0.05,5141,0,12636,-0.289,87339,-0.5,-0.87,-1.74,-2.9,1.512,nan,-0.001,nan
blockcdn,25 Nov 2016,25 Dec 2016,30.0,521.0,12,other,1,N/A,N/A,N/A,N/A,N/A,0,N/A,0.0,31955,0.47,0.11,1.7,0.54,0.083,nan,0.004,nan
betterbetting,15 Dec 2017,31 Jan 2018,47.0,119.0,5,other,16,5500000.0,30000000.0,0.18,0.1,2981,0,2572,-0.1,196193,-0.04,-0.3,-0.59,-2.15,-0.745,nan,-0.001,nan
amon,4 Mar 2018,4 Apr 2018,31.0,56.0,5,other,8,1332600.0,25000000.0,0.05,0.05,7166,0,2449,0.264,152217,-0.43,-3.39,-6.78,-8.13,-1.377,nan,-0.046,nan
utrum,20 May 2018,20 Jun 2018,31.0,-21.0,12,other,7,N/A,5000000.0,N/A,0.12,7261,0,1327,-0.249,21504,0.85,1.47,2.93,0.0,0.235,nan,0.012,nan
smoke,20 Apr 2018,25 May 2018,35.0,5.0,10,telecommunications,6,25000.0,1900000.0,0.01,0.1,N/A,0,11877,-0.949,1761,0.03,0.12,1.88,1.73,0.979,nan,0.138,nan
sisa,20 Nov 2017,20 Dec 2017,30.0,161.0,12,fintech,5,N/A,N/A,N/A,0.23,726,0,2973,-0.488,32828,-0.02,0.09,1.49,1.05,-0.052,nan,0.027,nan
fapcoin,15 Sep 2017,31 Oct 2017,46.0,211.0,12,entertainment,N/A,N/A,N/A,N/A,0.3,N/A,0,N/A,-0.463,32723,0.1,0.08,1.3,1.02,0.256,nan,0.036,nan
zengold,26 May 2017,9 Jun 2017,14.0,355.0,3,saas,0,1908960.0,N/A,0.63,0.03,N/A,0,N/A,10.473,13093,0.18,0.17,2.64,2.38,0.938,nan,0.159,nan
minex,15 May 2017,13 Jun 2017,29.0,351.0,2,blockchain,9,78985.0,N/A,N/A,6.18,N/A,0,10868,-0.89,8495,0.01,0.06,1.02,0.63,-0.001,nan,0.023,nan
stex,25 Nov 2017,10 Dec 2017,15.0,171.0,2,blockchain,5,6700350.0,55000000.0,0.12,1.0,8102,0,914,-0.835,3009,0.22,0.13,2.02,2.02,-2688.664,nan,89.88,nan
plexcoin,20 Sep 2017,01 Oct 2017,11.0,241.0,12,fintech,N/A,N/A,N/A,N/A,N/A,N/A,0,N/A,0.0,27979,0.04,0.07,1.16,0.76,-0.602,nan,0.011,nan
ox-fina,1 Jul 2017,31 Jul 2017,30.0,307.0,10,blockchain,N/A,N/A,N/A,N/A,0.07,N/A,0,852,-0.505,14630,0.2,0.09,1.39,1.45,-0.552,0.575,0.048,-0.008
anryze,12 Sep 2017,12 Oct 2017,30.0,230.0,2,blockchain,13,1759099.0,6000000.0,0.29,0.02,1051,0,N/A,0.291,670261,0.23,0.14,2.27,1.79,1.198,nan,0.015,nan
solomonexchange,N/A,27 Sep 2017,N/A,N/A,N/A,N/A,N/A,N/A,N/A,N/A,N/A,N/A,N/A,N/A,-1.0,0.0,-100.0,-100.0,-100.0,-100,-100.0,-100.0,-100.0,-100.0
hackspacecapital,N/A,20 Sep 2017,N/A,N/A,N/A,N/A,N/A,N/A,N/A,N/A,N/A,N/A,N/A,N/A,-1.0,0.0,-100.0,-100.0,-100.0,-100,-100.0,-100.0,-100.0,-100.0
impakfinance,N/A,20 Sep 2017,N/A,N/A,N/A,N/A,N/A,N/A,N/A,N/A,N/A,N/A,N/A,N/A,-1.0,0.0,-100.0,-100.0,-100.0,-100,-100.0,-100.0,-100.0,-100.0
modum.io,N/A,22 Sep 2017,N/A,N/A,N/A,N/A,N/A,N/A,N/A,N/A,N/A,N/A,N/A,N/A,-1.0,0.0,-100.0,-100.0,-100.0,-100,-100.0,-100.0,-100.0,-100.0
detectortoken,N/A,20 Sep 2017,N/A,N/A,N/A,N/A,N/A,N/A,N/A,N/A,N/A,N/A,N/A,N/A,-1.0,0.0,-100.0,-100.0,-100.0,-100,-100.0,-100.0,-100.0,-100.0
silentnotary,N/A,18 Sep 2017,N/A,N/A,N/A,N/A,N/A,N/A,N/A,N/A,N/A,N/A,N/A,N/A,-1.0,0.0,-100.0,-100.0,-100.0,-100,-100.0,-100.0,-100.0,-100.0
intelligenttradingtech,N/A,17 Sep 2017,N/A,N/A,N/A,N/A,N/A,N/A,N/A,N/A,N/A,N/A,N/A,N/A,-1.0,0.0,-100.0,-100.0,-100.0,-100,-100.0,-100.0,-100.0,-100.0
kybernetwork,N/A,16 Sep 2017,N/A,N/A,N/A,N/A,N/A,N/A,N/A,N/A,N/A,N/A,N/A,N/A,-1.0,0.0,-100.0,-100.0,-100.0,-100,-100.0,-100.0,-100.0,-100.0
kickico,N/A,16 Sep 2017,N/A,N/A,N/A,N/A,N/A,N/A,N/A,N/A,N/A,N/A,N/A,N/A,-1.0,0.0,-100.0,-100.0,-100.0,-100,-100.0,-100.0,-100.0,-100.0
smartinvestmentfundtoken,N/A,15 Sep 2017,N/A,N/A,N/A,N/A,N/A,N/A,N/A,N/A,N/A,N/A,N/A,N/A,-1.0,0.0,-100.0,-100.0,-100.0,-100,-100.0,-100.0,-100.0,-100.0
trackr,N/A,15 Sep 2017,N/A,N/A,N/A,N/A,N/A,N/A,N/A,N/A,N/A,N/A,N/A,N/A,-1.0,0.0,-100.0,-100.0,-100.0,-100,-100.0,-100.0,-100.0,-100.0
facecoin,N/A,15 Sep 2017,N/A,N/A,N/A,N/A,N/A,N/A,N/A,N/A,N/A,N/A,N/A,N/A,-1.0,0.0,-100.0,-100.0,-100.0,-100,-100.0,-100.0,-100.0,-100.0
icobox,N/A,15 Sep 2017,N/A,N/A,N/A,N/A,N/A,N/A,N/A,N/A,N/A,N/A,N/A,N/A,-1.0,0.0,-100.0,-100.0,-100.0,-100,-100.0,-100.0,-100.0,-100.0
social(scl),N/A,14 Sep 2017,N/A,N/A,N/A,N/A,N/A,N/A,N/A,N/A,N/A,N/A,N/A,N/A,-1.0,0.0,-100.0,-100.0,-100.0,-100,-100.0,-100.0,-100.0,-100.0
enigmacatalyst,N/A,12 Sep 2017,N/A,N/A,N/A,N/A,N/A,N/A,N/A,N/A,N/A,N/A,N/A,N/A,-1.0,0.0,-100.0,-100.0,-100.0,-100,-100.0,-100.0,-100.0,-100.0
ahoolee,N/A,11 Sep 2017,N/A,N/A,N/A,N/A,N/A,N/A,N/A,N/A,N/A,N/A,N/A,N/A,-1.0,0.0,-100.0,-100.0,-100.0,-100,-100.0,-100.0,-100.0,-100.0
stuffgogo,N/A,11 Sep 2017,N/A,N/A,N/A,N/A,N/A,N/A,N/A,N/A,N/A,N/A,N/A,N/A,-1.0,0.0,-100.0,-100.0,-100.0,-100,-100.0,-100.0,-100.0,-100.0
prospector,N/A,10 Sep 2017,N/A,N/A,N/A,N/A,N/A,N/A,N/A,N/A,N/A,N/A,N/A,N/A,-1.0,0.0,-100.0,-100.0,-100.0,-100,-100.0,-100.0,-100.0,-100.0
onegram,N/A,10 Sep 2017,N/A,N/A,N/A,N/A,N/A,N/A,N/A,N/A,N/A,N/A,N/A,N/A,-1.0,0.0,-100.0,-100.0,-100.0,-100,-100.0,-100.0,-100.0,-100.0
filecoin,N/A,10 Sep 2017,N/A,N/A,N/A,N/A,N/A,N/A,N/A,N/A,N/A,N/A,N/A,N/A,-1.0,0.0,-100.0,-100.0,-100.0,-100,-100.0,-100.0,-100.0,-100.0
alpencoin,N/A,10 Sep 2017,N/A,N/A,N/A,N/A,N/A,N/A,N/A,N/A,N/A,N/A,N/A,N/A,-1.0,0.0,-100.0,-100.0,-100.0,-100,-100.0,-100.0,-100.0,-100.0
hubii,N/A,07 Sep 2017,N/A,N/A,N/A,N/A,N/A,N/A,N/A,N/A,N/A,N/A,N/A,N/A,-1.0,0.0,-100.0,-100.0,-100.0,-100,-100.0,-100.0,-100.0,-100.0
worldwideanonymousmessaging,N/A,06 Sep 2017,N/A,N/A,N/A,N/A,N/A,N/A,N/A,N/A,N/A,N/A,N/A,N/A,-1.0,0.0,-100.0,-100.0,-100.0,-100,-100.0,-100.0,-100.0,-100.0
indorse,N/A,06 Sep 2017,N/A,N/A,N/A,N/A,N/A,N/A,N/A,N/A,N/A,N/A,N/A,N/A,-1.0,0.0,-100.0,-100.0,-100.0,-100,-100.0,-100.0,-100.0,-100.0
finshicapital,N/A,31 Aug 2017,N/A,N/A,N/A,N/A,N/A,N/A,N/A,N/A,N/A,N/A,N/A,N/A,-1.0,0.0,-100.0,-100.0,-100.0,-100,-100.0,-100.0,-100.0,-100.0
moeda,N/A,31 Aug 2017,N/A,N/A,N/A,N/A,N/A,N/A,N/A,N/A,N/A,N/A,N/A,N/A,-1.0,0.0,-100.0,-100.0,-100.0,-100,-100.0,-100.0,-100.0,-100.0
xplay,N/A,30 Aug 2017,N/A,N/A,N/A,N/A,N/A,N/A,N/A,N/A,N/A,N/A,N/A,N/A,-1.0,0.0,-100.0,-100.0,-100.0,-100,-100.0,-100.0,-100.0,-100.0
paquarium,N/A,24 Aug 2017,N/A,N/A,N/A,N/A,N/A,N/A,N/A,N/A,N/A,N/A,N/A,N/A,-1.0,0.0,-100.0,-100.0,-100.0,-100,-100.0,-100.0,-100.0,-100.0
monsterbyte,N/A,04 Aug 2017,N/A,N/A,N/A,N/A,N/A,N/A,N/A,N/A,N/A,N/A,N/A,N/A,-1.0,0.0,-100.0,-100.0,-100.0,-100,-100.0,-100.0,-100.0,-100.0
coindash,N/A,04 Aug 2017,N/A,N/A,N/A,N/A,N/A,N/A,N/A,N/A,N/A,N/A,N/A,N/A,-1.0,0.0,-100.0,-100.0,-100.0,-100,-100.0,-100.0,-100.0,-100.0
district0xnetwork,N/A,01 Aug 2017,N/A,N/A,N/A,N/A,N/A,N/A,N/A,N/A,N/A,N/A,N/A,N/A,-1.0,0.0,-100.0,-100.0,-100.0,-100,-100.0,-100.0,-100.0,-100.0
11.97,N/A,31 Jul 2017,N/A,N/A,N/A,N/A,N/A,N/A,N/A,N/A,N/A,N/A,N/A,N/A,-1.0,0.0,-100.0,-100.0,-100.0,-100,-100.0,-100.0,-100.0,-100.0
rootproject,N/A,28 Jul 2017,N/A,N/A,N/A,N/A,N/A,N/A,N/A,N/A,N/A,N/A,N/A,N/A,-1.0,0.0,-100.0,-100.0,-100.0,-100,-100.0,-100.0,-100.0,-100.0
geofounders,N/A,26 Jul 2017,N/A,N/A,N/A,N/A,N/A,N/A,N/A,N/A,N/A,N/A,N/A,N/A,-1.0,0.0,-100.0,-100.0,-100.0,-100,-100.0,-100.0,-100.0,-100.0
primalbase,N/A,26 Jul 2017,N/A,N/A,N/A,N/A,N/A,N/A,N/A,N/A,N/A,N/A,N/A,N/A,-1.0,0.0,-100.0,-100.0,-100.0,-100,-100.0,-100.0,-100.0,-100.0
eros,N/A,23 Jul 2017,N/A,N/A,N/A,N/A,N/A,N/A,N/A,N/A,N/A,N/A,N/A,N/A,-1.0,0.0,-100.0,-100.0,-100.0,-100,-100.0,-100.0,-100.0,-100.0
gilgam,N/A,20 Jul 2017,N/A,N/A,N/A,N/A,N/A,N/A,N/A,N/A,N/A,N/A,N/A,N/A,-1.0,0.0,-100.0,-100.0,-100.0,-100,-100.0,-100.0,-100.0,-100.0
gilgam.es,N/A,20 Jul 2017,N/A,N/A,N/A,N/A,N/A,N/A,N/A,N/A,N/A,N/A,N/A,N/A,-1.0,0.0,-100.0,-100.0,-100.0,-100,-100.0,-100.0,-100.0,-100.0
coindash,N/A,17 Jul 2017,N/A,N/A,N/A,N/A,N/A,N/A,N/A,N/A,N/A,N/A,N/A,N/A,-1.0,0.0,-100.0,-100.0,-100.0,-100,-100.0,-100.0,-100.0,-100.0
sumerchain,N/A,17 Jul 2017,N/A,N/A,N/A,N/A,N/A,N/A,N/A,N/A,N/A,N/A,N/A,N/A,-1.0,0.0,-100.0,-100.0,-100.0,-100,-100.0,-100.0,-100.0,-100.0
bitquence,N/A,16 Jul 2017,N/A,N/A,N/A,N/A,N/A,N/A,N/A,N/A,N/A,N/A,N/A,N/A,-1.0,0.0,-100.0,-100.0,-100.0,-100,-100.0,-100.0,-100.0,-100.0
orocrypt,N/A,14 Jul 2017,N/A,N/A,N/A,N/A,N/A,N/A,N/A,N/A,N/A,N/A,N/A,N/A,-1.0,0.0,-100.0,-100.0,-100.0,-100,-100.0,-100.0,-100.0,-100.0
fuck,N/A,13 Jul 2017,N/A,N/A,N/A,N/A,N/A,N/A,N/A,N/A,N/A,N/A,N/A,N/A,-1.0,0.0,-100.0,-100.0,-100.0,-100,-100.0,-100.0,-100.0,-100.0
tezos,N/A,13 Jul 2017,N/A,N/A,N/A,N/A,N/A,N/A,N/A,N/A,N/A,N/A,N/A,N/A,-1.0,0.0,-100.0,-100.0,-100.0,-100,-100.0,-100.0,-100.0,-100.0
insurex,N/A,13 Jul 2017,N/A,N/A,N/A,N/A,N/A,N/A,N/A,N/A,N/A,N/A,N/A,N/A,-1.0,0.0,-100.0,-100.0,-100.0,-100,-100.0,-100.0,-100.0,-100.0
nimiq,N/A,12 Jul 2017,N/A,N/A,N/A,N/A,N/A,N/A,N/A,N/A,N/A,N/A,N/A,N/A,-1.0,0.0,-100.0,-100.0,-100.0,-100,-100.0,-100.0,-100.0,-100.0
leviarcoin,N/A,09 Jul 2017,N/A,N/A,N/A,N/A,N/A,N/A,N/A,N/A,N/A,N/A,N/A,N/A,-1.0,0.0,-100.0,-100.0,-100.0,-100,-100.0,-100.0,-100.0,-100.0
onplace,N/A,06 Jul 2017,N/A,N/A,N/A,N/A,N/A,N/A,N/A,N/A,N/A,N/A,N/A,N/A,-1.0,0.0,-100.0,-100.0,-100.0,-100,-100.0,-100.0,-100.0,-100.0
santiment,N/A,05 Jul 2017,N/A,N/A,N/A,N/A,N/A,N/A,N/A,N/A,N/A,N/A,N/A,N/A,-1.0,0.0,-100.0,-100.0,-100.0,-100,-100.0,-100.0,-100.0,-100.0
openanx,N/A,04 Jul 2017,N/A,N/A,N/A,N/A,N/A,N/A,N/A,N/A,N/A,N/A,N/A,N/A,-1.0,0.0,-100.0,-100.0,-100.0,-100,-100.0,-100.0,-100.0,-100.0
crypviser,N/A,04 Jul 2017,N/A,N/A,N/A,N/A,N/A,N/A,N/A,N/A,N/A,N/A,N/A,N/A,-1.0,0.0,-100.0,-100.0,-100.0,-100,-100.0,-100.0,-100.0,-100.0
rialto.ai,N/A,03 Jul 2017,N/A,N/A,N/A,N/A,N/A,N/A,N/A,N/A,N/A,N/A,N/A,N/A,-1.0,0.0,-100.0,-100.0,-100.0,-100,-100.0,-100.0,-100.0,-100.0
encryptotel,N/A,01 Jul 2017,N/A,N/A,N/A,N/A,N/A,N/A,N/A,N/A,N/A,N/A,N/A,N/A,-1.0,0.0,-100.0,-100.0,-100.0,-100,-100.0,-100.0,-100.0,-100.0
air,N/A,29 Jun 2017,N/A,N/A,N/A,N/A,N/A,N/A,N/A,N/A,N/A,N/A,N/A,N/A,-1.0,0.0,-100.0,-100.0,-100.0,-100,-100.0,-100.0,-100.0,-100.0
21million,N/A,28 Jun 2017,N/A,N/A,N/A,N/A,N/A,N/A,N/A,N/A,N/A,N/A,N/A,N/A,-1.0,0.0,-100.0,-100.0,-100.0,-100,-100.0,-100.0,-100.0,-100.0
silvercoin,N/A,27 Jun 2017,N/A,N/A,N/A,N/A,N/A,N/A,N/A,N/A,N/A,N/A,N/A,N/A,-1.0,0.0,-100.0,-100.0,-100.0,-100,-100.0,-100.0,-100.0,-100.0
idice,N/A,26 Jun 2017,N/A,N/A,N/A,N/A,N/A,N/A,N/A,N/A,N/A,N/A,N/A,N/A,-1.0,0.0,-100.0,-100.0,-100.0,-100,-100.0,-100.0,-100.0,-100.0
nvo,N/A,25 Jun 2017,N/A,N/A,N/A,N/A,N/A,N/A,N/A,N/A,N/A,N/A,N/A,N/A,-1.0,0.0,-100.0,-100.0,-100.0,-100,-100.0,-100.0,-100.0,-100.0
masknetwork,N/A,24 Jun 2017,N/A,N/A,N/A,N/A,N/A,N/A,N/A,N/A,N/A,N/A,N/A,N/A,-1.0,0.0,-100.0,-100.0,-100.0,-100,-100.0,-100.0,-100.0,-100.0
footballcoin,N/A,23 Jun 2017,N/A,N/A,N/A,N/A,N/A,N/A,N/A,N/A,N/A,N/A,N/A,N/A,-1.0,0.0,-100.0,-100.0,-100.0,-100,-100.0,-100.0,-100.0,-100.0
internetofcoins,N/A,21 Jun 2017,N/A,N/A,N/A,N/A,N/A,N/A,N/A,N/A,N/A,N/A,N/A,N/A,-1.0,0.0,-100.0,-100.0,-100.0,-100,-100.0,-100.0,-100.0,-100.0
bidlend,N/A,14 Jun 2017,N/A,N/A,N/A,N/A,N/A,N/A,N/A,N/A,N/A,N/A,N/A,N/A,-1.0,0.0,-100.0,-100.0,-100.0,-100,-100.0,-100.0,-100.0,-100.0
superdao,N/A,13 Jun 2017,N/A,N/A,N/A,N/A,N/A,N/A,N/A,N/A,N/A,N/A,N/A,N/A,-1.0,0.0,-100.0,-100.0,-100.0,-100,-100.0,-100.0,-100.0,-100.0
aira,N/A,11 Jun 2017,N/A,N/A,N/A,N/A,N/A,N/A,N/A,N/A,N/A,N/A,N/A,N/A,-1.0,0.0,-100.0,-100.0,-100.0,-100,-100.0,-100.0,-100.0,-100.0
embermine,N/A,02 Jun 2017,N/A,N/A,N/A,N/A,N/A,N/A,N/A,N/A,N/A,N/A,N/A,N/A,-1.0,0.0,-100.0,-100.0,-100.0,-100,-100.0,-100.0,-100.0,-100.0
adel,N/A,01 Jun 2017,N/A,N/A,N/A,N/A,N/A,N/A,N/A,N/A,N/A,N/A,N/A,N/A,-1.0,0.0,-100.0,-100.0,-100.0,-100,-100.0,-100.0,-100.0,-100.0
basicattentiontoken,N/A,31 May 2017,N/A,N/A,N/A,N/A,N/A,N/A,N/A,N/A,N/A,N/A,N/A,N/A,-1.0,0.0,-100.0,-100.0,-100.0,-100,-100.0,-100.0,-100.0,-100.0
exscudo,N/A,31 May 2017,N/A,N/A,N/A,N/A,N/A,N/A,N/A,N/A,N/A,N/A,N/A,N/A,-1.0,0.0,-100.0,-100.0,-100.0,-100,-100.0,-100.0,-100.0,-100.0
mysteriumnetwork,N/A,30 May 2017,N/A,N/A,N/A,N/A,N/A,N/A,N/A,N/A,N/A,N/A,N/A,N/A,-1.0,0.0,-100.0,-100.0,-100.0,-100,-100.0,-100.0,-100.0,-100.0
e4row,N/A,22 May 2017,N/A,N/A,N/A,N/A,N/A,N/A,N/A,N/A,N/A,N/A,N/A,N/A,-1.0,0.0,-100.0,-100.0,-100.0,-100,-100.0,-100.0,-100.0,-100.0
vivacoin,N/A,21 May 2017,N/A,N/A,N/A,N/A,N/A,N/A,N/A,N/A,N/A,N/A,N/A,N/A,-1.0,0.0,-100.0,-100.0,-100.0,-100,-100.0,-100.0,-100.0,-100.0
bitcoingrowthfund,N/A,17 May 2017,N/A,N/A,N/A,N/A,N/A,N/A,N/A,N/A,N/A,N/A,N/A,N/A,-1.0,0.0,-100.0,-100.0,-100.0,-100,-100.0,-100.0,-100.0,-100.0
legendsroom,N/A,15 May 2017,N/A,N/A,N/A,N/A,N/A,N/A,N/A,N/A,N/A,N/A,N/A,N/A,-1.0,0.0,-100.0,-100.0,-100.0,-100,-100.0,-100.0,-100.0,-100.0
nexxus,N/A,08 May 2017,N/A,N/A,N/A,N/A,N/A,N/A,N/A,N/A,N/A,N/A,N/A,N/A,-1.0,0.0,-100.0,-100.0,-100.0,-100,-100.0,-100.0,-100.0,-100.0
quantumresistantledger,N/A,07 May 2017,N/A,N/A,N/A,N/A,N/A,N/A,N/A,N/A,N/A,N/A,N/A,N/A,-1.0,0.0,-100.0,-100.0,-100.0,-100,-100.0,-100.0,-100.0,-100.0
creativechain,N/A,01 May 2017,N/A,N/A,N/A,N/A,N/A,N/A,N/A,N/A,N/A,N/A,N/A,N/A,-1.0,0.0,-100.0,-100.0,-100.0,-100,-100.0,-100.0,-100.0,-100.0
apptrade,N/A,30 Apr 2017,N/A,N/A,N/A,N/A,N/A,N/A,N/A,N/A,N/A,N/A,N/A,N/A,-1.0,0.0,-100.0,-100.0,-100.0,-100,-100.0,-100.0,-100.0,-100.0
backtoearth,N/A,28 Apr 2017,N/A,N/A,N/A,N/A,N/A,N/A,N/A,N/A,N/A,N/A,N/A,N/A,-1.0,0.0,-100.0,-100.0,-100.0,-100,-100.0,-100.0,-100.0,-100.0
iex.ec,N/A,19 Apr 2017,N/A,N/A,N/A,N/A,N/A,N/A,N/A,N/A,N/A,N/A,N/A,N/A,-1.0,0.0,-100.0,-100.0,-100.0,-100,-100.0,-100.0,-100.0,-100.0
blockchaincapital,N/A,10 Apr 2017,N/A,N/A,N/A,N/A,N/A,N/A,N/A,N/A,N/A,N/A,N/A,N/A,-1.0,0.0,-100.0,-100.0,-100.0,-100,-100.0,-100.0,-100.0,-100.0
cosmosnetwork,N/A,06 Apr 2017,N/A,N/A,N/A,N/A,N/A,N/A,N/A,N/A,N/A,N/A,N/A,N/A,-1.0,0.0,-100.0,-100.0,-100.0,-100,-100.0,-100.0,-100.0,-100.0
cosmos,N/A,05 Apr 2017,N/A,N/A,N/A,N/A,N/A,N/A,N/A,N/A,N/A,N/A,N/A,N/A,-1.0,0.0,-100.0,-100.0,-100.0,-100,-100.0,-100.0,-100.0,-100.0
equibit,N/A,31 Mar 2017,N/A,N/A,N/A,N/A,N/A,N/A,N/A,N/A,N/A,N/A,N/A,N/A,-1.0,0.0,-100.0,-100.0,-100.0,-100,-100.0,-100.0,-100.0,-100.0
chainofpoints,N/A,31 Mar 2017,N/A,N/A,N/A,N/A,N/A,N/A,N/A,N/A,N/A,N/A,N/A,N/A,-1.0,0.0,-100.0,-100.0,-100.0,-100,-100.0,-100.0,-100.0,-100.0
cashscripter,N/A,30 Mar 2017,N/A,N/A,N/A,N/A,N/A,N/A,N/A,N/A,N/A,N/A,N/A,N/A,-1.0,0.0,-100.0,-100.0,-100.0,-100,-100.0,-100.0,-100.0,-100.0
augmentors,N/A,28 Feb 2017,N/A,N/A,N/A,N/A,N/A,N/A,N/A,N/A,N/A,N/A,N/A,N/A,-1.0,0.0,-100.0,-100.0,-100.0,-100,-100.0,-100.0,-100.0,-100.0
lykke(2ndround),N/A,27 Feb 2017,N/A,N/A,N/A,N/A,N/A,N/A,N/A,N/A,N/A,N/A,N/A,N/A,-1.0,0.0,-100.0,-100.0,-100.0,-100,-100.0,-100.0,-100.0,-100.0
contingency,N/A,27 Feb 2017,N/A,N/A,N/A,N/A,N/A,N/A,N/A,N/A,N/A,N/A,N/A,N/A,-1.0,0.0,-100.0,-100.0,-100.0,-100,-100.0,-100.0,-100.0,-100.0
dfinity,N/A,13 Feb 2017,N/A,N/A,N/A,N/A,N/A,N/A,N/A,N/A,N/A,N/A,N/A,N/A,-1.0,0.0,-100.0,-100.0,-100.0,-100,-100.0,-100.0,-100.0,-100.0
betking,N/A,31 Dec 2016,N/A,N/A,N/A,N/A,N/A,N/A,N/A,N/A,N/A,N/A,N/A,N/A,-1.0,0.0,-100.0,-100.0,-100.0,-100,-100.0,-100.0,-100.0,-100.0
ether.camp,N/A,22 Dec 2016,N/A,N/A,N/A,N/A,N/A,N/A,N/A,N/A,N/A,N/A,N/A,N/A,-1.0,0.0,-100.0,-100.0,-100.0,-100,-100.0,-100.0,-100.0,-100.0
virtualaccelerator,N/A,21 Dec 2016,N/A,N/A,N/A,N/A,N/A,N/A,N/A,N/A,N/A,N/A,N/A,N/A,-1.0,0.0,-100.0,-100.0,-100.0,-100,-100.0,-100.0,-100.0,-100.0
mysterium(1stround),N/A,18 Dec 2016,N/A,N/A,N/A,N/A,N/A,N/A,N/A,N/A,N/A,N/A,N/A,N/A,-1.0,0.0,-100.0,-100.0,-100.0,-100,-100.0,-100.0,-100.0,-100.0
vdice,N/A,15 Dec 2016,N/A,N/A,N/A,N/A,N/A,N/A,N/A,N/A,N/A,N/A,N/A,N/A,-1.0,0.0,-100.0,-100.0,-100.0,-100,-100.0,-100.0,-100.0,-100.0
beyondthevoid,N/A,30 Nov 2016,N/A,N/A,N/A,N/A,N/A,N/A,N/A,N/A,N/A,N/A,N/A,N/A,-1.0,0.0,-100.0,-100.0,-100.0,-100,-100.0,-100.0,-100.0,-100.0
massnetwork,N/A,30 Nov 2016,N/A,N/A,N/A,N/A,N/A,N/A,N/A,N/A,N/A,N/A,N/A,N/A,-1.0,0.0,-100.0,-100.0,-100.0,-100,-100.0,-100.0,-100.0,-100.0
arcadecity,N/A,29 Nov 2016,N/A,N/A,N/A,N/A,N/A,N/A,N/A,N/A,N/A,N/A,N/A,N/A,-1.0,0.0,-100.0,-100.0,-100.0,-100,-100.0,-100.0,-100.0,-100.0
etcwin,N/A,23 Nov 2016,N/A,N/A,N/A,N/A,N/A,N/A,N/A,N/A,N/A,N/A,N/A,N/A,-1.0,0.0,-100.0,-100.0,-100.0,-100,-100.0,-100.0,-100.0,-100.0
kibolotto,N/A,09 Nov 2016,N/A,N/A,N/A,N/A,N/A,N/A,N/A,N/A,N/A,N/A,N/A,N/A,-1.0,0.0,-100.0,-100.0,-100.0,-100,-100.0,-100.0,-100.0,-100.0
lykke(1stround),N/A,09 Oct 2016,N/A,N/A,N/A,N/A,N/A,N/A,N/A,N/A,N/A,N/A,N/A,N/A,-1.0,0.0,-100.0,-100.0,-100.0,-100,-100.0,-100.0,-100.0,-100.0
antshares,N/A,07 Sep 2016,N/A,N/A,N/A,N/A,N/A,N/A,N/A,N/A,N/A,N/A,N/A,N/A,-1.0,0.0,-100.0,-100.0,-100.0,-100,-100.0,-100.0,-100.0,-100.0
metaverse,N/A,05 Sep 2016,N/A,N/A,N/A,N/A,N/A,N/A,N/A,N/A,N/A,N/A,N/A,N/A,-1.0,0.0,-100.0,-100.0,-100.0,-100,-100.0,-100.0,-100.0,-100.0
icoo,N/A,30 Jul 2016,N/A,N/A,N/A,N/A,N/A,N/A,N/A,N/A,N/A,N/A,N/A,N/A,-1.0,0.0,-100.0,-100.0,-100.0,-100,-100.0,-100.0,-100.0,-100.0
breakoutcoin,N/A,07 Jul 2016,N/A,N/A,N/A,N/A,N/A,N/A,N/A,N/A,N/A,N/A,N/A,N/A,-1.0,0.0,-100.0,-100.0,-100.0,-100,-100.0,-100.0,-100.0,-100.0
plutus,N/A,01 Jun 2016,N/A,N/A,N/A,N/A,N/A,N/A,N/A,N/A,N/A,N/A,N/A,N/A,-1.0,0.0,-100.0,-100.0,-100.0,-100,-100.0,-100.0,-100.0,-100.0
mycelium(2ndround),N/A,17 May 2016,N/A,N/A,N/A,N/A,N/A,N/A,N/A,N/A,N/A,N/A,N/A,N/A,-1.0,0.0,-100.0,-100.0,-100.0,-100,-100.0,-100.0,-100.0,-100.0
thedao,N/A,01 May 2016,N/A,N/A,N/A,N/A,N/A,N/A,N/A,N/A,N/A,N/A,N/A,N/A,-1.0,0.0,-100.0,-100.0,-100.0,-100,-100.0,-100.0,-100.0,-100.0
projectdecorum,N/A,01 May 2016,N/A,N/A,N/A,N/A,N/A,N/A,N/A,N/A,N/A,N/A,N/A,N/A,-1.0,0.0,-100.0,-100.0,-100.0,-100,-100.0,-100.0,-100.0,-100.0
ionomy,N/A,01 Apr 2016,N/A,N/A,N/A,N/A,N/A,N/A,N/A,N/A,N/A,N/A,N/A,N/A,-1.0,0.0,-100.0,-100.0,-100.0,-100,-100.0,-100.0,-100.0,-100.0
digixglobal,N/A,29 Mar 2016,N/A,N/A,N/A,N/A,N/A,N/A,N/A,N/A,N/A,N/A,N/A,N/A,-1.0,0.0,-100.0,-100.0,-100.0,-100,-100.0,-100.0,-100.0,-100.0
spellsofgenesis,N/A,01 Sep 2015,N/A,N/A,N/A,N/A,N/A,N/A,N/A,N/A,N/A,N/A,N/A,N/A,-1.0,0.0,-100.0,-100.0,-100.0,-100,-100.0,-100.0,-100.0,-100.0
neucoin,N/A,30 Apr 2015,N/A,N/A,N/A,N/A,N/A,N/A,N/A,N/A,N/A,N/A,N/A,N/A,-1.0,0.0,-100.0,-100.0,-100.0,-100,-100.0,-100.0,-100.0,-100.0
dacplay,N/A,21 Feb 2015,N/A,N/A,N/A,N/A,N/A,N/A,N/A,N/A,N/A,N/A,N/A,N/A,-1.0,0.0,-100.0,-100.0,-100.0,-100,-100.0,-100.0,-100.0,-100.0
getgems,N/A,04 Jan 2015,N/A,N/A,N/A,N/A,N/A,N/A,N/A,N/A,N/A,N/A,N/A,N/A,-1.0,0.0,-100.0,-100.0,-100.0,-100,-100.0,-100.0,-100.0,-100.0
storjcoinx,N/A,17 Aug 2014,N/A,N/A,N/A,N/A,N/A,N/A,N/A,N/A,N/A,N/A,N/A,N/A,-1.0,0.0,-100.0,-100.0,-100.0,-100,-100.0,-100.0,-100.0,-100.0
