coin,start,end,duration,age,region,industry,team,raised,hardcap,success,price,telegram,N_google_news,N_twitter,N_daily_views,N_daily_time,hype,risk,bazaar-rate,ret_ico_to_day_one,vol_day1,sharpe_1,sharpe_3,sharpe_yr,sharpe_yr2,beta_btc,beta_top10,alpha_btc,alpha_top10
ice-rock-mining,20 Mar 2018,25 May 2018,66.0,321.0,12,other,14,6061241.0,6061241.0,1.0,1.2,1179,1,2841,3.45,301.0,N/A,N/A,N/A,-0.75875,6038,-0.012,0.086,1.358,1.33,-0.147,-2.553,0.049,0.049
bitguild-plat,15 Mar 2018,05 Apr 2018,21.0,371.0,12,blockchain,6,13800000.0,13800000.0,1.0,0.008,1179,0,13346,1.4,78.0,High,Medium,N/A,-0.94662,50987,0.307,0.15,2.386,2.359,-0.349,-3.087,0.012,0.012
the-abyss,18 Apr 2018,16 May 2018,28.0,330.0,12,blockchain,12,15362418.0,18073433.0,0.85,0.11,1179,1,16665,3.45,301.0,VeryHigh,Low,N/A,-0.33938,1355170,-0.392,-0.051,-0.806,-0.833,-0.098,-0.848,-0.004,-0.004
nebula-ai,31 Mar 2018,20 Apr 2018,20.0,356.0,12,blockchain,11,1600000.0,17777778.0,0.09,0.0058,1179,0,1317,3.45,301.0,N/A,N/A,N/A,1.07379,155134,-0.015,-0.039,-0.612,-0.638,-0.406,-3.424,-0.002,-0.002
fox-trading,23 May 2018,8 Jun 2018,16.0,307.0,12,other,6,30000.0,3000000.0,0.01,0.49,1179,0,10157,3.45,301.0,N/A,N/A,N/A,-0.89135,86239,0.097,0.121,1.926,1.915,0.129,0.747,0.016,0.016
fire-lotto,15 Mar 2018,15 Apr 2018,31.0,361.0,12,other,9,3740965.0,14963860.0,0.25,0.5,1180,1,2620,3.45,301.0,N/A,N/A,N/A,-0.79832,2462,-0.04,0.041,0.653,0.635,-0.137,0.624,0.001,0.002
fabric-token,15 Feb 2018,1 Apr 2018,45.0,375.0,12,blockchain,3,1035986.0,8633217.0,0.12,0.1125,1180,1,1886,3.45,301.0,Medium,High,N/A,-0.17188,83004,0.081,0.047,0.743,0.723,-0.619,-6.945,0.013,0.013
joint-ventures,7 Apr 2018,30 May 2018,53.0,316.0,12,blockchain,10,2000000.0,10000000.0,0.2,0.071,1179,1,8187,3.45,301.0,Medium,N/A,N/A,-0.92831,41727,0.057,0.085,1.354,1.344,0.024,0.816,0.026,0.026
gold-bits-coin,1 Feb 2018,25 May 2018,113.0,321.0,12,fintech,7,50000000.0,50000000.0,1.0,0.5,1179,0,855,3.45,301.0,Medium,N/A,N/A,0.09355,1527,0.262,0.125,1.979,1.969,-0.246,-0.651,0.091,0.091
karatgold-coin,15 Feb 2018,15 Apr 2018,59.0,361.0,12,blockchain,5,10000000.0,71428571.0,0.14,0.05,1179,0,2480,3.45,301.0,Medium,N/A,N/A,-0.83232,144387,0.148,0.132,2.096,2.07,-0.186,-0.889,0.012,0.012
iryo,11 Apr 2018,17 Apr 2018,6.0,359.0,12,insurance services,7,15800000.0,25901639.0,0.61,0.11,1181,0,1669,3.5,303.0,Medium,Medium,N/A,-1.0,0.0,-100.0,-100.0,-100.0,-100,-100.0,-100.0,-100.0,-100.0
eden,25 May 2018,25 May 2018,0.0,321.0,12,blockchain,15,24000000.0,24000000.0,1.0,0.06,1182,0,727,3.5,303.0,High,N/A,N/A,-0.30798,1356670,-0.124,-0.328,-5.212,-5.257,-0.359,-2.926,-0.005,-0.005
phantasma,27 May 2018,28 May 2018,1.0,318.0,12,other,8,9700000.0,9700000.0,1.0,0.23,1182,0,48,3.5,303.0,N/A,N/A,N/A,1.47572,799685,-0.435,-0.283,-4.487,-4.526,-0.105,-1.149,-0.003,-0.003
localcoinswap,15 Apr 2018,15 Jun 2018,61.0,300.0,12,blockchain,7,12150000.0,19918033.0,0.61,0.4,1182,0,4206,3.5,303.0,High,High,0.72,-1.0,0.0,-100.0,-100.0,-100.0,-100,-100.0,-100.0,-100.0,-100.0
worldwifi,18 Apr 2018,18 May 2018,30.0,328.0,12,blockchain,12,25000000.0,25000000.0,1.0,0.134,1182,7,3137,3.5,303.0,High,Low,N/A,-1.0,0.0,-100.0,-100.0,-100.0,-100,-100.0,-100.0,-100.0,-100.0
fissacoin,15 Feb 2018,25 Jun 2018,130.0,290.0,12,blockchain,4,1710000.0,1710000.0,1.0,0.79,1182,0,77,3.5,303.0,Low,N/A,N/A,-1.0,0.0,-100.0,-100.0,-100.0,-100,-100.0,-100.0,-100.0,-100.0
smoke,20 Apr 2018,25 May 2018,35.0,321.0,12,other,3,25000.0,2500000.0,0.01,0.1,1182,0,9291,3.5,303.0,N/A,N/A,0.5,-0.94943,1761,0.025,0.119,1.885,1.882,0.647,4.117,0.076,0.076
adsigma,20 Apr 2018,20 May 2018,30.0,326.0,12,blockchain,6,735917.0,14718340.0,0.05,0.205,1182,0,4460,3.5,303.0,Medium,Medium,N/A,-1.0,0.0,-100.0,-100.0,-100.0,-100,-100.0,-100.0,-100.0,-100.0
3ccoin,10 May 2018,10 Jun 2018,31.0,305.0,12,other,11,1498000.0,149800000.0,0.01,1.596,1182,0,47,3.5,303.0,N/A,N/A,N/A,-1.0,0.0,-100.0,-100.0,-100.0,-100,-100.0,-100.0,-100.0,-100.0
quantum1net,2 Feb 2018,11 May 2018,98.0,335.0,12,blockchain,7,4152400.0,10647179.0,0.39,0.7174,1182,0,1466,3.5,303.0,Medium,Medium,0.76,-1.0,0.0,-100.0,-100.0,-100.0,-100,-100.0,-100.0,-100.0,-100.0
seal,13 May 2018,27 May 2018,14.0,319.0,12,saas,9,8200000.0,32800000.0,0.25,0.7,1182,0,1709,3.5,303.0,N/A,N/A,N/A,-1.0,0.0,-100.0,-100.0,-100.0,-100,-100.0,-100.0,-100.0,-100.0
fic,27 Mar 2018,25 May 2018,59.0,321.0,12,other,27,4800000.0,16000000.0,0.3,0.17,1182,0,6164,3.5,303.0,N/A,N/A,0.56,-1.0,0.0,-100.0,-100.0,-100.0,-100,-100.0,-100.0,-100.0,-100.0
l-pesa,10 Apr 2018,10 May 2018,30.0,336.0,12,other,21,7961200.0,53074667.0,0.15,0.04,1182,0,3353,3.5,303.0,N/A,N/A,N/A,-1.0,0.0,-100.0,-100.0,-100.0,-100,-100.0,-100.0,-100.0,-100.0
ukit,19 Feb 2018,1 May 2018,71.0,345.0,12,other,20,2500000.0,10000000.0,0.25,0.02,1182,0,3366,3.5,303.0,N/A,N/A,N/A,-1.0,0.0,-100.0,-100.0,-100.0,-100,-100.0,-100.0,-100.0,-100.0
zom,25 May 2018,25 May 2018,0.0,321.0,12,other,6,38688.0,386880.0,0.1,0.1,1182,0,267,3.5,303.0,N/A,N/A,N/A,-1.0,0.0,-100.0,-100.0,-100.0,-100,-100.0,-100.0,-100.0,-100.0
cryptorobotics,20 May 2018,20 Jun 2018,31.0,295.0,12,blockchain,23,2144492.0,4204886.0,0.51,0.0798,1182,0,877,3.5,303.0,Low,N/A,N/A,-1.0,0.0,-100.0,-100.0,-100.0,-100,-100.0,-100.0,-100.0,-100.0
dav,11 Jun 2018,25 Jun 2018,14.0,290.0,12,blockchain,16,28500000.0,38000000.0,0.75,0.046,1182,0,27,3.5,303.0,N/A,N/A,0.8,-1.0,0.0,-100.0,-100.0,-100.0,-100,-100.0,-100.0,-100.0,-100.0
lemochain,2 Apr 2018,15 May 2018,43.0,331.0,12,other,15,7100000.0,7100000.0,1.0,0.0732,1182,0,3996,3.5,303.0,Medium,N/A,N/A,0.38273,1880730,-0.316,-0.266,-4.221,-4.248,0.326,2.472,0.002,0.002
mir,9 Apr 2018,27 May 2018,48.0,319.0,12,other,25,2900000.0,96666667.0,0.03,0.8,1182,0,94,3.5,303.0,N/A,N/A,N/A,-1.0,0.0,-100.0,-100.0,-100.0,-100,-100.0,-100.0,-100.0,-100.0
bittwatt,1 Apr 2018,8 Jun 2018,68.0,307.0,12,fintech,8,20000000.0,30303030.0,0.66,0.1759,1182,0,3151,3.5,303.0,High,N/A,0.72,-0.90781,82763,0.204,0.127,2.019,2.007,-0.244,-2.591,0.009,0.009
docnota,1 Apr 2018,30 Apr 2018,29.0,346.0,12,other,9,10000.0,166667.0,0.06,0.1382,1182,0,1,3.5,303.0,N/A,N/A,N/A,-1.0,0.0,-100.0,-100.0,-100.0,-100,-100.0,-100.0,-100.0,-100.0
eticket4,5 Mar 2018,6 Apr 2018,32.0,370.0,12,blockchain,2,1750000.0,5468750.0,0.32,0.384,1182,0,221,3.5,303.0,Low,Medium,0.66,-1.0,0.0,-100.0,-100.0,-100.0,-100,-100.0,-100.0,-100.0,-100.0
gre,18 May 2018,24 May 2018,6.0,322.0,12,other,2,3858500.0,8769318.0,0.44,0.0058,1182,1,1634,3.5,303.0,N/A,N/A,N/A,-1.0,0.0,-100.0,-100.0,-100.0,-100,-100.0,-100.0,-100.0,-100.0
acudeen,27 May 2018,10 Jun 2018,14.0,305.0,12,fintech,22,35000000.0,35000000.0,1.0,0.01,1182,0,6150,3.5,303.0,Low,N/A,N/A,-1.0,0.0,-100.0,-100.0,-100.0,-100,-100.0,-100.0,-100.0,-100.0
successlife,15 Apr 2018,31 May 2018,46.0,315.0,12,other,23,8000000.0,26666667.0,0.3,0.8,1182,0,305,3.5,303.0,N/A,N/A,N/A,-1.0,0.0,-100.0,-100.0,-100.0,-100,-100.0,-100.0,-100.0,-100.0
thought,1 Mar 2018,30 Apr 2018,60.0,346.0,12,other,18,22300000.0,49555556.0,0.45,0.1364,1182,0,439,3.5,303.0,N/A,N/A,0.66,-1.0,0.0,-100.0,-100.0,-100.0,-100,-100.0,-100.0,-100.0,-100.0
voxxo,1 Nov 2017,6 Jun 2018,217.0,309.0,12,blockchain,5,28200.0,1410000.0,0.02,0.05,1182,0,0,3.5,303.0,Low,N/A,0.72,-1.0,0.0,-100.0,-100.0,-100.0,-100,-100.0,-100.0,-100.0,-100.0
lumenus,14 May 2018,31 May 2018,17.0,315.0,12,blockchain,9,290000.0,29000000.0,0.01,0.286,1182,0,614,3.5,303.0,Low,N/A,N/A,-1.0,0.0,-100.0,-100.0,-100.0,-100,-100.0,-100.0,-100.0,-100.0
0penproductdb,16 Apr 2018,11 Jun 2018,56.0,304.0,12,other,6,2499299.0,27769989.0,0.09,1.0,1182,0,1162,3.5,303.0,N/A,N/A,N/A,-1.0,0.0,-100.0,-100.0,-100.0,-100,-100.0,-100.0,-100.0,-100.0
mingo,18 Apr 2018,31 May 2018,43.0,315.0,12,other,10,700000.0,7000000.0,0.1,0.071,1182,0,1803,3.5,303.0,N/A,N/A,N/A,-1.0,0.0,-100.0,-100.0,-100.0,-100,-100.0,-100.0,-100.0,-100.0
vlb,12 Mar 2018,9 Apr 2018,28.0,367.0,12,fintech,10,2000000.0,11764706.0,0.17,0.611,1182,1,7486,3.5,303.0,N/A,N/A,N/A,-1.0,0.0,-100.0,-100.0,-100.0,-100,-100.0,-100.0,-100.0,-100.0
mtk,1 Apr 2018,29 Apr 2018,28.0,347.0,12,other,4,15000000.0,214285714.0,0.07,7.5,1182,0,0,3.5,303.0,N/A,N/A,N/A,-1.0,0.0,-100.0,-100.0,-100.0,-100,-100.0,-100.0,-100.0,-100.0
auctus,10 Apr 2018,20 Apr 2018,10.0,356.0,12,fintech,12,3770005.0,3770005.0,1.0,0.283,1182,0,8237,3.5,303.0,High,Low,N/A,-1.0,0.0,-100.0,-100.0,-100.0,-100,-100.0,-100.0,-100.0,-100.0
fantom,15 Jun 2018,16 Jun 2018,1.0,299.0,12,blockchain,27,39700000.0,39700000.0,1.0,0.04,1182,0,12387,3.5,303.0,N/A,N/A,N/A,-1.0,0.0,-100.0,-100.0,-100.0,-100,-100.0,-100.0,-100.0,-100.0
edenchain,24 May 2018,25 May 2018,1.0,321.0,12,blockchain,9,24000000.0,24000000.0,1.0,0.06,1182,0,11591,3.5,303.0,N/A,N/A,N/A,-1.0,0.0,-100.0,-100.0,-100.0,-100,-100.0,-100.0,-100.0,-100.0
bubbletone,20 Mar 2018,15 Jun 2018,87.0,300.0,12,blockchain,25,8600000.0,25294118.0,0.34,0.17,1182,1,3429,3.5,303.0,Medium,Medium,N/A,-1.0,0.0,-100.0,-100.0,-100.0,-100,-100.0,-100.0,-100.0,-100.0
vinchain,1 Feb 2018,15 Apr 2018,73.0,361.0,12,blockchain,19,6712883.0,12431265.0,0.54,0.025,1182,1,7023,3.5,303.0,Medium,Low,N/A,-1.0,0.0,-100.0,-100.0,-100.0,-100,-100.0,-100.0,-100.0,-100.0
dreamteam,19 Apr 2018,19 May 2018,30.0,327.0,12,other,19,10106035.0,21054240.0,0.48,0.418,1182,0,18051,3.5,303.0,N/A,N/A,0.86,-1.0,0.0,-100.0,-100.0,-100.0,-100,-100.0,-100.0,-100.0,-100.0
multiversum,1 May 2018,24 Jun 2018,54.0,291.0,12,blockchain,14,21403270.0,35087328.0,0.61,1.0,1182,0,12821,3.5,303.0,VeryHigh,Medium,0.76,-1.0,0.0,-100.0,-100.0,-100.0,-100,-100.0,-100.0,-100.0,-100.0
ceek,16 Apr 2018,4 May 2018,18.0,342.0,12,blockchain,7,17344575.0,49555929.0,0.35,0.5,1182,0,43969,3.5,303.0,Medium,Medium,N/A,-1.0,0.0,-100.0,-100.0,-100.0,-100,-100.0,-100.0,-100.0,-100.0
sapien,3 Mar 2018,3 Apr 2018,31.0,373.0,12,telecommunications,6,10501153.0,30003294.0,0.35,0.1417,1182,0,7162,3.5,303.0,High,Medium,N/A,-0.95471,35054,-0.348,-0.101,-1.596,-1.625,0.149,0.921,0.004,0.004
omnitude,28 Mar 2018,4 Jun 2018,68.0,311.0,12,blockchain,9,8000000.0,15686275.0,0.51,0.46,1182,1,11608,3.5,303.0,VeryHigh,Low,N/A,-0.78433,252012,-0.212,-0.052,-0.821,-0.859,0.053,0.577,0.001,0.001
bitguild,15 Mar 2018,5 Apr 2018,21.0,371.0,12,gaming,4,2147182.0,16516785.0,0.13,0.0047,1183,0,13350,3.5,303.0,High,Medium,N/A,-0.90915,50987,0.307,0.15,2.386,2.359,0.14,1.399,0.01,0.01
saifu,15 Jan 2018,30 Apr 2018,105.0,346.0,12,fintech,5,13593423.0,48547939.0,0.28,0.94,1183,0,21377,3.5,303.0,Medium,Medium,N/A,-0.93541,147659,0.025,0.083,1.321,1.285,-0.199,-1.04,0.004,0.004
egretia,26 May 2018,26 May 2018,0.0,320.0,12,blockchain,4,4803810.0,24019050.0,0.2,0.0083,1183,0,41090,3.5,303.0,High,Low,N/A,-1.0,0.0,-100.0,-100.0,-100.0,-100,-100.0,-100.0,-100.0,-100.0
shivom,03 May 2018,10 May 2018,7.0,336.0,12,blockchain,3,35000000.0,35000000.0,1.0,0.109,1183,0,37825,2.1,79.0,High,Medium,N/A,-0.53323,318348,-0.51,-0.383,-6.076,-6.12,0.093,1.31,-0.008,-0.008
truegame,16 Apr 2018,30 Apr 2018,14.0,346.0,12,blockchain,13,3773000.0,6860000.0,0.55,0.0736,1183,0,2820,3.5,303.0,Medium,Low,0.9,-1.0,0.0,-100.0,-100.0,-100.0,-100,-100.0,-100.0,-100.0,-100.0
pibble,1 Apr 2018,15 Apr 2018,14.0,361.0,12,blockchain,8,21299632.0,23932171.0,0.89,0.0026,1183,0,8124,3.5,303.0,Medium,Low,N/A,-0.79269,53085,0.295,2.34,4.68,4.649,-0.349,-4.095,0.006,0.007
patron,27 Mar 2018,9 May 2018,43.0,337.0,12,blockchain,7,40000000.0,40000000.0,1.0,0.5,1183,1,13278,3.5,303.0,Medium,Medium,N/A,-0.86371,933787,0.033,-0.003,-0.049,-0.063,-0.467,-4.507,0.002,0.001
moneytoken,7 Feb 2018,7 Jun 2018,120.0,308.0,12,fintech,13,37189195.0,41321328.0,0.9,0.005,1183,0,27207,3.5,303.0,High,VeryHigh,N/A,-0.4292,282008,-0.431,-0.213,-3.375,-3.417,0.256,1.969,-0.007,-0.007
boatpilot,1 Apr 2018,30 Apr 2018,29.0,346.0,12,blockchain,6,5025224.0,9853380.0,0.51,0.07,1183,0,608,3.5,303.0,Medium,Medium,N/A,-1.0,0.0,-100.0,-100.0,-100.0,-100,-100.0,-100.0,-100.0,-100.0
moxyone,14 Mar 2018,15 Apr 2018,32.0,361.0,12,blockchain,8,1500000.0,21428571.0,0.07,0.5,1183,0,2162,3.5,303.0,Medium,Low,N/A,-1.0,0.0,-100.0,-100.0,-100.0,-100,-100.0,-100.0,-100.0,-100.0
cryptelo,15 Mar 2018,30 Apr 2018,46.0,346.0,12,other,11,1132488.0,8089200.0,0.14,0.0489,1183,0,4190,3.5,303.0,Medium,Low,N/A,-1.0,0.0,-100.0,-100.0,-100.0,-100,-100.0,-100.0,-100.0,-100.0
vestarin,5 Mar 2018,4 Apr 2018,30.0,372.0,12,blockchain,11,4095000.0,13209677.0,0.31,0.2079,1183,0,0,3.5,303.0,Medium,Low,N/A,-1.0,0.0,-100.0,-100.0,-100.0,-100,-100.0,-100.0,-100.0,-100.0
confideal,1 Mar 2018,30 May 2018,90.0,316.0,12,blockchain,13,600000.0,12000000.0,0.05,0.555,1183,1,1565,3.5,303.0,Low,Medium,0.88,-1.0,0.0,-100.0,-100.0,-100.0,-100,-100.0,-100.0,-100.0,-100.0
tokenlend,26 Mar 2018,10 May 2018,45.0,336.0,12,blockchain,6,1076843.0,26921075.0,0.04,0.288,1183,1,427,3.5,303.0,Low,Medium,N/A,-1.0,0.0,-100.0,-100.0,-100.0,-100,-100.0,-100.0,-100.0,-100.0
arweave,07 Jun 2018,09 Jun 2018,2.0,306.0,12,other,8,8700000.0,8700000.0,1.0,0.73,1183,0,3590,3.5,303.0,Medium,Medium,N/A,-1.0,0.0,-100.0,-100.0,-100.0,-100,-100.0,-100.0,-100.0,-100.0
gochain,1 May 2018,7 May 2018,6.0,339.0,12,blockchain,6,13685000.0,13685000.0,1.0,0.0453,1183,0,9139,3.5,303.0,High,Medium,N/A,-0.48479,1495680,0.315,0.058,0.926,0.902,0.179,1.772,0.005,0.005
befund,16 May 2018,16 Jun 2018,31.0,299.0,12,fintech,13,3000000.0,25000000.0,0.12,0.05,1183,1,872,3.5,303.0,Medium,Medium,0.76,-1.0,0.0,-100.0,-100.0,-100.0,-100,-100.0,-100.0,-100.0,-100.0
merculet,04 May 2018,04 May 2018,0.0,342.0,12,blockchain,10,28700000.0,28700000.0,1.0,0.01138,1183,0,33885,3.5,303.0,High,Medium,N/A,-1.0,0.0,-100.0,-100.0,-100.0,-100,-100.0,-100.0,-100.0,-100.0
databrokerdao,26 Apr 2018,26 May 2018,30.0,320.0,12,other,10,3544538.0,29537817.0,0.12,0.2785,1183,0,2894,3.5,303.0,N/A,N/A,N/A,-1.0,0.0,-100.0,-100.0,-100.0,-100,-100.0,-100.0,-100.0,-100.0
cosmochain,21 Apr 2018,20 May 2018,29.0,326.0,12,blockchain,8,33360000.0,35870968.0,0.93,0.068,1183,0,3025,3.5,303.0,Medium,Low,N/A,-1.0,0.0,-100.0,-100.0,-100.0,-100,-100.0,-100.0,-100.0,-100.0
robet,20 Apr 2018,21 May 2018,31.0,325.0,12,blockchain,11,2111848.0,21118480.0,0.1,8.7,1183,0,41,3.5,303.0,Low,N/A,N/A,-1.0,0.0,-100.0,-100.0,-100.0,-100,-100.0,-100.0,-100.0,-100.0
eligma,17 Apr 2018,10 May 2018,23.0,336.0,12,blockchain,27,11377277.0,24206972.0,0.47,0.1,1183,0,7508,3.5,303.0,Medium,Medium,N/A,-1.0,0.0,-100.0,-100.0,-100.0,-100,-100.0,-100.0,-100.0,-100.0
neurochain,19 Mar 2018,15 Apr 2018,27.0,361.0,12,other,15,25000000.0,25000000.0,1.0,0.116,1183,0,8819,3.5,303.0,Medium,Low,N/A,-0.78511,176867,0.023,-0.058,-0.925,-0.95,-0.023,0.159,-0.001,-0.001
giftcoin,20 Mar 2018,19 Apr 2018,30.0,357.0,12,blockchain,5,10000000.0,10000000.0,1.0,0.1,1183,0,1321,3.5,303.0,Medium,Medium,N/A,-1.0,0.0,-100.0,-100.0,-100.0,-100,-100.0,-100.0,-100.0,-100.0
sunmoney,15 Mar 2018,30 Apr 2018,46.0,346.0,12,blockchain,18,4000000.0,22222222.0,0.18,4.5571,1183,0,4008,3.5,303.0,Medium,Medium,N/A,-1.0,0.0,-100.0,-100.0,-100.0,-100,-100.0,-100.0,-100.0,-100.0
thrive,10 Mar 2018,5 Apr 2018,26.0,371.0,12,saas,15,26000000.0,26000000.0,1.0,0.28,1183,0,35,3.5,303.0,Medium,Medium,N/A,-1.0,0.0,-100.0,-100.0,-100.0,-100,-100.0,-100.0,-100.0,-100.0
acutecoin,25 Jun 2018,29 Jun 2018,4.0,287.0,12,fintech,7,1300000.0,11818182.0,0.11,0.6,1182,0,3315,3.5,303.0,Medium,N/A,N/A,-1.0,0.0,-100.0,-100.0,-100.0,-100,-100.0,-100.0,-100.0,-100.0
internationalcryptox,11 Jun 2018,15 Jun 2018,4.0,301.0,12,other,6,4262280.0,9912279.0,0.43,0.0167,1183,0,13413,3.5,303.0,N/A,N/A,N/A,-1.0,0.0,-100.0,-100.0,-100.0,-100,-100.0,-100.0,-100.0,-100.0
atonomi,06 Jun 2018,06 Jun 2018,0.0,310.0,12,blockchain,5,25000000.0,25000000.0,1.0,0.06301,1183,0,12256,3.5,303.0,High,Low,N/A,-0.5229,1273630,-0.102,-0.239,-3.798,-3.833,0.241,1.824,-0.009,-0.009
quarkchain,2 Jun 2018,3 Jun 2018,1.0,313.0,12,blockchain,9,20000000.0,20000000.0,1.0,0.0187,1183,0,47697,3.5,303.0,Medium,High,0.96,-1.0,0.0,-100.0,-100.0,-100.0,-100,-100.0,-100.0,-100.0,-100.0
ternio,1 Jun 2018,15 Jun 2018,14.0,301.0,12,saas,3,3000000.0,42857143.0,0.07,0.1,1183,0,3479,3.5,303.0,High,Medium,N/A,-0.20493,673687,0.043,-0.1,-1.585,-1.611,-0.11,-0.888,0.003,0.003
rightmesh,30 May 2018,31 May 2018,1.0,316.0,12,other,10,30000000.0,30000000.0,1.0,1.0,1183,0,26471,3.5,303.0,Medium,Medium,N/A,-1.0,0.0,-100.0,-100.0,-100.0,-100,-100.0,-100.0,-100.0,-100.0
pchain,28 May 2018,28 May 2018,0.0,319.0,12,blockchain,10,26700000.0,26700000.0,1.0,0.05335,1183,0,38050,3.5,303.0,Medium,N/A,N/A,-1.0,0.0,-100.0,-100.0,-100.0,-100,-100.0,-100.0,-100.0,-100.0
bidium,25 May 2018,23 Jun 2018,29.0,293.0,12,fintech,6,3600000.0,12857143.0,0.28,0.02,7246,0,3399,3.5,303.0,Medium,N/A,N/A,-1.0,0.0,-100.0,-100.0,-100.0,-100,-100.0,-100.0,-100.0,-100.0
hybridblock,23 May 2018,6 Jun 2018,14.0,310.0,12,fintech,17,47800000.0,49791667.0,0.96,0.3,1184,0,3846,3.5,303.0,N/A,N/A,N/A,-1.0,0.0,-100.0,-100.0,-100.0,-100,-100.0,-100.0,-100.0,-100.0
vexanium,17 Jun 2018,28 Jun 2018,11.0,288.0,12,blockchain,4,8757600.0,12163333.0,0.72,0.029,1185,0,4412,3.5,303.0,High,Medium,N/A,-1.0,0.0,-100.0,-100.0,-100.0,-100,-100.0,-100.0,-100.0,-100.0
mvlchain,15 May 2018,24 May 2018,9.0,323.0,12,blockchain,14,3000000.0,21428571.0,0.14,0.0024,1185,0,1340,3.5,303.0,Low,N/A,N/A,-1.0,0.0,-100.0,-100.0,-100.0,-100,-100.0,-100.0,-100.0,-100.0
synth,11 May 2018,11 Jun 2018,31.0,305.0,12,blockchain,6,2000000.0,5000000.0,0.4,0.05,1184,0,14,3.5,303.0,Low,N/A,N/A,-1.0,0.0,-100.0,-100.0,-100.0,-100,-100.0,-100.0,-100.0,-100.0
cryde,7 May 2018,12 Jun 2018,36.0,304.0,12,blockchain,4,2427000.0,12135000.0,0.2,0.26,1184,0,1391,3.5,303.0,Medium,High,N/A,-1.0,0.0,-100.0,-100.0,-100.0,-100,-100.0,-100.0,-100.0,-100.0
likecoin,7 May 2018,21 May 2018,14.0,326.0,12,blockchain,23,5323604.0,8727220.0,0.61,0.017,1184,0,3079,3.5,303.0,High,Medium,N/A,-1.0,0.0,-100.0,-100.0,-100.0,-100,-100.0,-100.0,-100.0,-100.0
bitxoxo,1 May 2018,31 May 2018,30.0,316.0,12,fintech,10,20000000.0,27397260.0,0.73,2.0,1184,0,5910,3.5,303.0,VeryHigh,Medium,N/A,-1.0,0.0,-100.0,-100.0,-100.0,-100,-100.0,-100.0,-100.0,-100.0
reanimator,5 May 2018,4 Jun 2018,30.0,312.0,12,blockchain,2,2673249.0,2673249.0,1.0,0.2,1184,0,70,3.5,303.0,Low,N/A,N/A,-1.0,0.0,-100.0,-100.0,-100.0,-100,-100.0,-100.0,-100.0,-100.0
coinjanitor,1 May 2018,31 May 2018,30.0,316.0,12,blockchain,16,2500000.0,7575758.0,0.33,0.16,1184,0,1932,3.5,303.0,Medium,High,N/A,-1.0,0.0,-100.0,-100.0,-100.0,-100,-100.0,-100.0,-100.0,-100.0
sint,1 May 2018,21 May 2018,20.0,326.0,12,blockchain,2,2797000.0,12160870.0,0.23,0.003,4694,0,6183,3.5,303.0,Medium,Medium,N/A,-1.0,0.0,-100.0,-100.0,-100.0,-100,-100.0,-100.0,-100.0,-100.0
pointium,1 May 2018,29 May 2018,28.0,318.0,12,blockchain,4,1987132.0,1987132.0,1.0,0.006,1184,0,9319,3.5,303.0,Medium,N/A,N/A,-1.0,0.0,-100.0,-100.0,-100.0,-100,-100.0,-100.0,-100.0,-100.0
traxia,1 May 2018,2 Jun 2018,32.0,314.0,12,blockchain,11,15000000.0,15151515.0,0.99,0.055,1184,0,3277,3.5,303.0,Medium,N/A,N/A,0.00893,622114,-0.288,-0.175,-2.772,-2.802,0.058,0.418,-0.006,-0.006
peur,24 Apr 2018,28 May 2018,34.0,319.0,12,blockchain,10,2900000.0,24166667.0,0.12,0.07,1184,0,2920,3.5,303.0,High,High,N/A,-1.0,0.0,-100.0,-100.0,-100.0,-100,-100.0,-100.0,-100.0,-100.0
inspem,1 May 2018,28 May 2018,27.0,319.0,12,blockchain,9,3894060.0,15576240.0,0.25,0.134,1321,0,1163,3.5,303.0,Low,N/A,N/A,-1.0,0.0,-100.0,-100.0,-100.0,-100,-100.0,-100.0,-100.0,-100.0
daostack,8 May 2018,7 Jun 2018,30.0,309.0,12,blockchain,9,8000000.0,29629630.0,0.27,1.0,1184,0,5116,3.5,303.0,High,Medium,N/A,-1.0,0.0,-100.0,-100.0,-100.0,-100,-100.0,-100.0,-100.0,-100.0
ambit,1 May 2018,10 Jun 2018,40.0,306.0,12,blockchain,19,4000000.0,40000000.0,0.1,0.5,1184,0,1620,3.5,303.0,High,Medium,N/A,-1.0,0.0,-100.0,-100.0,-100.0,-100,-100.0,-100.0,-100.0,-100.0
zuflo,1 May 2018,20 Jun 2018,50.0,296.0,12,blockchain,7,6829000.0,75877778.0,0.09,0.36,1184,0,7756,3.5,303.0,Medium,Medium,N/A,-1.0,0.0,-100.0,-100.0,-100.0,-100,-100.0,-100.0,-100.0,-100.0
orbs,01 May 2018,15 May 2018,14.0,332.0,12,blockchain,19,118000000.0,132584270.0,0.89,0.1,1185,0,4282,3.5,303.0,Medium,N/A,N/A,-1.0,0.0,-100.0,-100.0,-100.0,-100,-100.0,-100.0,-100.0,-100.0
racoin,28 Apr 2018,28 May 2018,30.0,319.0,12,blockchain,11,27740932.0,35115104.0,0.79,0.0056,1185,0,1232,3.5,303.0,High,N/A,N/A,-1.0,0.0,-100.0,-100.0,-100.0,-100,-100.0,-100.0,-100.0,-100.0
intimate,26 Apr 2018,7 Jun 2018,42.0,309.0,12,blockchain,12,12500000.0,16891892.0,0.74,0.997,1185,0,3782,3.5,303.0,Medium,N/A,N/A,-1.0,0.0,-100.0,-100.0,-100.0,-100,-100.0,-100.0,-100.0,-100.0
dynatiq,25 Apr 2018,9 Jun 2018,45.0,307.0,12,blockchain,3,100000.0,3333333.0,0.03,0.297,1185,0,594,3.5,303.0,Low,High,0.66,-1.0,0.0,-100.0,-100.0,-100.0,-100,-100.0,-100.0,-100.0,-100.0
bunnytoken,25 Apr 2018,25 May 2018,30.0,322.0,12,blockchain,21,8488950.0,8488950.0,1.0,0.0566,1185,0,1776,3.5,303.0,Medium,Medium,N/A,-1.0,0.0,-100.0,-100.0,-100.0,-100,-100.0,-100.0,-100.0,-100.0
faxport,25 Apr 2018,10 Jun 2018,46.0,306.0,12,blockchain,4,190000.0,19000000.0,0.01,0.193,1185,0,748,3.5,303.0,Low,N/A,N/A,-1.0,0.0,-100.0,-100.0,-100.0,-100,-100.0,-100.0,-100.0,-100.0
zper,27 Apr 2018,16 May 2018,19.0,331.0,12,fintech,25,23211600.0,27632857.0,0.84,0.0429,1185,0,5306,3.5,303.0,Medium,Medium,N/A,-1.0,0.0,-100.0,-100.0,-100.0,-100,-100.0,-100.0,-100.0,-100.0
tesoro,22 Mar 2018,20 May 2018,59.0,327.0,12,blockchain,3,5000000.0,31250000.0,0.16,0.35,1185,0,492,3.5,303.0,Low,N/A,N/A,-1.0,0.0,-100.0,-100.0,-100.0,-100,-100.0,-100.0,-100.0,-100.0
aitheon,20 Apr 2018,5 Jun 2018,46.0,311.0,12,blockchain,14,25352867.0,87423679.0,0.29,0.35,1185,0,6349,3.5,303.0,Medium,N/A,N/A,-1.0,0.0,-100.0,-100.0,-100.0,-100,-100.0,-100.0,-100.0,-100.0
consentium,15 Apr 2018,30 Apr 2018,15.0,347.0,12,blockchain,4,42000000.0,42000000.0,1.0,0.25,1185,0,6515,3.5,303.0,Medium,High,N/A,7.12,12992300,-0.234,-0.012,-0.19,-0.232,0.203,1.752,0.001,0.001
ysign,19 Apr 2018,4 May 2018,15.0,343.0,12,blockchain,9,68000.0,6800000.0,0.01,0.6684,1185,0,754,3.5,303.0,Low,High,N/A,-1.0,0.0,-100.0,-100.0,-100.0,-100,-100.0,-100.0,-100.0,-100.0
cryptaldash,19 Apr 2018,19 Jun 2018,61.0,297.0,12,blockchain,9,15287911.0,31199818.0,0.49,0.04,1185,0,17626,3.5,303.0,High,High,0.7,-0.7391,104,0.05,-0.005,-0.079,-0.098,-0.761,-7.4,0.017,0.017
rusgas,17 Apr 2018,11 Jun 2018,55.0,305.0,12,blockchain,5,2207397.0,55184925.0,0.04,0.03,1185,0,974,3.5,303.0,Medium,N/A,N/A,-1.0,0.0,-100.0,-100.0,-100.0,-100,-100.0,-100.0,-100.0,-100.0
playbunk,16 Apr 2018,30 May 2018,44.0,317.0,12,blockchain,13,2800000.0,31111111.0,0.09,0.27,1185,0,61,3.5,303.0,VeryLow,N/A,N/A,-1.0,0.0,-100.0,-100.0,-100.0,-100,-100.0,-100.0,-100.0,-100.0
whyral,15 Apr 2018,31 May 2018,46.0,316.0,12,blockchain,16,600000.0,5000000.0,0.12,0.121,1185,0,484,3.5,303.0,Low,Medium,N/A,-1.0,0.0,-100.0,-100.0,-100.0,-100,-100.0,-100.0,-100.0,-100.0
proximax,15 Apr 2018,25 Apr 2018,10.0,352.0,12,blockchain,8,28700000.0,110384615.0,0.26,0.0094,1185,0,3320,3.5,303.0,Medium,N/A,N/A,-1.0,0.0,-100.0,-100.0,-100.0,-100,-100.0,-100.0,-100.0,-100.0
lendingblock,15 Apr 2018,22 Apr 2018,7.0,355.0,12,fintech,6,10000000.0,10000000.0,1.0,0.02,1185,0,5113,3.5,303.0,Medium,Medium,N/A,0.54845,458040,-0.225,-0.173,-2.74,-2.773,0.204,1.748,0.001,0.001
qompass,5 Apr 2018,30 May 2018,55.0,317.0,12,blockchain,11,2000000.0,10000000.0,0.2,0.673,1185,0,17531,3.5,303.0,High,High,N/A,-1.0,0.0,-100.0,-100.0,-100.0,-100,-100.0,-100.0,-100.0,-100.0
xchangerate,6 Apr 2018,9 Jun 2018,64.0,307.0,12,fintech,18,10629000.0,12078409.0,0.88,0.059,1185,0,11986,3.5,303.0,Medium,N/A,N/A,-1.0,0.0,-100.0,-100.0,-100.0,-100,-100.0,-100.0,-100.0,-100.0
bitrewards,12 Apr 2018,31 May 2018,49.0,316.0,12,saas,25,6583400.0,14962273.0,0.44,0.0198,1185,0,13072,3.5,303.0,High,Medium,N/A,-0.78505,130010,-0.183,-0.045,-0.712,-0.733,0.451,3.471,-0.002,-0.002
berith,11 Apr 2018,27 Apr 2018,16.0,350.0,12,blockchain,17,9484767.0,39519862.0,0.24,0.0237,1185,0,2837,3.5,303.0,Medium,N/A,N/A,-1.0,0.0,-100.0,-100.0,-100.0,-100,-100.0,-100.0,-100.0,-100.0
blok,10 Apr 2018,10 May 2018,30.0,337.0,12,blockchain,6,550000.0,27500000.0,0.02,0.1343,1185,0,21538,3.5,303.0,High,High,N/A,-1.0,0.0,-100.0,-100.0,-100.0,-100,-100.0,-100.0,-100.0,-100.0
marginless,11 Apr 2018,31 May 2018,50.0,316.0,12,blockchain,16,4990150.0,12171098.0,0.41,0.055,1185,0,8193,3.5,303.0,High,Medium,N/A,-1.0,0.0,-100.0,-100.0,-100.0,-100,-100.0,-100.0,-100.0,-100.0
unibright,20 Apr 2018,20 May 2018,30.0,327.0,12,blockchain,7,12604551.0,13553281.0,0.93,0.14,1185,8,5361,3.5,303.0,High,N/A,0.78,0.38368,2400200,-0.305,-0.173,-2.743,-2.768,0.163,1.429,-0.002,-0.002
welltrado,30 Apr 2018,25 Jun 2018,56.0,291.0,12,fintech,6,2750000.0,30555556.0,0.09,0.458,1185,0,2365,3.5,303.0,Medium,N/A,N/A,-0.71659,529192,0.091,0.049,0.782,0.767,-0.139,0.328,0.02,0.02
otppay,4 Apr 2018,8 Jun 2018,65.0,308.0,12,fintech,7,1344700.0,44823333.0,0.03,0.037,1185,0,2724,3.5,303.0,Medium,Medium,N/A,-1.0,0.0,-100.0,-100.0,-100.0,-100,-100.0,-100.0,-100.0,-100.0
bulltoken,03 Apr 2018,19 May 2018,46.0,328.0,12,blockchain,21,1585116.0,158511600.0,0.01,1.664,1186,0,417,3.5,303.0,Low,Medium,N/A,-1.0,0.0,-100.0,-100.0,-100.0,-100,-100.0,-100.0,-100.0,-100.0
kelta,5 Mar 2018,21 May 2018,77.0,326.0,12,saas,8,37378158.0,39763998.0,0.94,3.97,1186,0,17617,3.5,303.0,Medium,High,N/A,-1.0,0.0,-100.0,-100.0,-100.0,-100,-100.0,-100.0,-100.0,-100.0
synexcoin,1 Apr 2018,1 Jun 2018,61.0,315.0,12,blockchain,2,37012.0,1850600.0,0.02,0.38,1186,0,155,3.5,303.0,Low,High,N/A,-1.0,0.0,-100.0,-100.0,-100.0,-100,-100.0,-100.0,-100.0,-100.0
amchart,1 Apr 2018,30 Apr 2018,29.0,347.0,12,blockchain,3,14500000.0,120833333.0,0.12,1.0,1186,0,484,3.5,303.0,Low,N/A,0.72,-1.0,0.0,-100.0,-100.0,-100.0,-100,-100.0,-100.0,-100.0,-100.0
paymon,10 May 2018,13 Jun 2018,34.0,303.0,12,blockchain,14,1092514.0,3034761.0,0.36,0.015,1186,0,6491,3.5,303.0,Medium,Medium,0.88,-1.0,0.0,-100.0,-100.0,-100.0,-100,-100.0,-100.0,-100.0,-100.0
shopin,30 Mar 2018,29 Apr 2018,30.0,348.0,12,other,11,42500000.0,50000000.0,0.85,0.1,1186,0,5599,3.5,303.0,Low,Medium,N/A,-0.68021,70971,-0.294,-2.33,-4.66,-4.683,-0.464,-4.785,-0.032,-0.032
datecoin,30 Mar 2018,30 May 2018,61.0,317.0,12,blockchain,6,19000000.0,20000000.0,0.95,0.141,1186,0,7701,3.5,303.0,High,Medium,N/A,-1.0,0.0,-100.0,-100.0,-100.0,-100,-100.0,-100.0,-100.0,-100.0
hycon,30 Mar 2018,11 May 2018,42.0,336.0,12,blockchain,14,3648100.0,60801667.0,0.06,0.9,1186,0,3569,3.5,303.0,Medium,N/A,N/A,-0.95123,19141500,-0.335,-0.169,-2.68,-2.721,0.297,2.912,-0.003,-0.003
holo,29 Mar 2018,28 Apr 2018,30.0,349.0,12,saas,10,19389382.0,19389382.0,1.0,0.0001,1186,0,20392,3.5,303.0,High,N/A,0.56,-1.0,0.0,-100.0,-100.0,-100.0,-100,-100.0,-100.0,-100.0,-100.0
assetereum,1 Mar 2018,11 May 2018,71.0,336.0,12,other,10,4191365.0,46570722.0,0.09,0.3007,1186,0,109,3.5,303.0,N/A,N/A,N/A,-1.0,0.0,-100.0,-100.0,-100.0,-100,-100.0,-100.0,-100.0,-100.0
appics,28 Mar 2018,28 Apr 2018,31.0,349.0,12,blockchain,12,4202372.0,16162969.0,0.26,0.15,1186,0,3917,3.5,303.0,Medium,Medium,N/A,-1.0,0.0,-100.0,-100.0,-100.0,-100,-100.0,-100.0,-100.0,-100.0
meetngreetme,27 Mar 2018,21 May 2018,55.0,326.0,12,blockchain,11,250000.0,8333333.0,0.03,0.274,1186,0,2013,3.5,303.0,Low,Medium,0.86,-1.0,0.0,-100.0,-100.0,-100.0,-100,-100.0,-100.0,-100.0,-100.0
trustedhealth,27 Mar 2018,27 Apr 2018,31.0,350.0,12,blockchain,19,1250000.0,4807692.0,0.26,0.0376,1186,0,9580,3.5,303.0,Medium,Medium,N/A,-1.0,0.0,-100.0,-100.0,-100.0,-100,-100.0,-100.0,-100.0,-100.0
robotina,21 Mar 2018,30 Apr 2018,40.0,347.0,12,blockchain,16,10000000.0,28571429.0,0.35,0.05,1186,0,38,3.5,303.0,Medium,Medium,0.8,-1.0,0.0,-100.0,-100.0,-100.0,-100,-100.0,-100.0,-100.0,-100.0
mossland,21 Mar 2018,18 Apr 2018,28.0,359.0,12,gaming,16,6000000.0,12765957.0,0.47,0.0513,1186,0,3913,3.5,303.0,Medium,N/A,N/A,-1.0,0.0,-100.0,-100.0,-100.0,-100,-100.0,-100.0,-100.0,-100.0
fresco,21 Mar 2018,15 Apr 2018,25.0,362.0,12,blockchain,5,45000000.0,125000000.0,0.36,0.102,1186,1,69389,3.5,303.0,Low,High,N/A,-1.0,0.0,-100.0,-100.0,-100.0,-100,-100.0,-100.0,-100.0,-100.0
iolite,12 Apr 2018,1 May 2018,19.0,346.0,12,blockchain,9,2226746.0,12370811.0,0.18,0.0221,1186,0,881,3.5,303.0,Medium,Medium,N/A,-1.0,0.0,-100.0,-100.0,-100.0,-100,-100.0,-100.0,-100.0,-100.0
beonbox,20 Mar 2018,15 May 2018,56.0,332.0,12,blockchain,6,3000000.0,3000000.0,1.0,0.279,1186,0,854,3.5,303.0,Low,High,N/A,-1.0,0.0,-100.0,-100.0,-100.0,-100,-100.0,-100.0,-100.0,-100.0
joytoken,20 Mar 2018,21 Apr 2018,32.0,356.0,12,other,14,3340000.0,47714286.0,0.07,0.14,1186,0,37,3.5,303.0,N/A,N/A,0.76,-1.0,0.0,-100.0,-100.0,-100.0,-100,-100.0,-100.0,-100.0,-100.0
suchapp,25 May 2018,25 Jun 2018,31.0,291.0,12,blockchain,7,14513770.0,40316028.0,0.36,0.05,1186,0,0,3.5,303.0,Medium,High,N/A,-1.0,0.0,-100.0,-100.0,-100.0,-100,-100.0,-100.0,-100.0,-100.0
betrium,28 Feb 2018,14 May 2018,75.0,333.0,12,blockchain,12,1482000.0,148200000.0,0.01,0.6,1186,0,1178,3.5,303.0,Low,N/A,N/A,-1.0,0.0,-100.0,-100.0,-100.0,-100,-100.0,-100.0,-100.0,-100.0
nexo,1 Apr 2018,1 Apr 2018,0.0,376.0,12,fintech,14,52500000.0,52500000.0,1.0,0.1,1186,0,38648,3.5,303.0,Medium,N/A,0.8,-1.0,0.0,-100.0,-100.0,-100.0,-100,-100.0,-100.0,-100.0,-100.0
glitzkoin,16 Mar 2018,25 Jun 2018,101.0,291.0,12,blockchain,6,18000000.0,40000000.0,0.45,0.2,1186,0,2026,3.5,303.0,Medium,N/A,N/A,-1.0,0.0,-100.0,-100.0,-100.0,-100,-100.0,-100.0,-100.0,-100.0
ishook,12 Mar 2018,22 May 2018,71.0,325.0,12,blockchain,5,4309615.0,430961500.0,0.01,0.68,1186,0,7889,3.5,303.0,Low,N/A,N/A,-1.0,0.0,-100.0,-100.0,-100.0,-100,-100.0,-100.0,-100.0,-100.0
signals,12 Mar 2018,30 Apr 2018,49.0,347.0,12,fintech,9,2397062.0,18438938.0,0.13,0.3627,1186,0,16955,3.5,303.0,High,Medium,N/A,-1.0,0.0,-100.0,-100.0,-100.0,-100,-100.0,-100.0,-100.0,-100.0
cashbag,12 Mar 2018,30 Apr 2018,49.0,347.0,12,blockchain,8,3010478.0,30104780.0,0.1,0.1133,1186,0,4210,3.5,303.0,Low,Medium,N/A,-1.0,0.0,-100.0,-100.0,-100.0,-100,-100.0,-100.0,-100.0,-100.0
invacio,05 Mar 2018,30 Apr 2018,56.0,347.0,7,blockchain,1,1912074.0,19120740.0,0.1,0.3,1186,0,2514,2.3,180.0,Low,Medium,N/A,-0.52284,336316,-0.21,-0.13,-2.066,-2.085,-0.393,-2.928,0.005,0.005
akaiito,13 Mar 2018,16 May 2018,64.0,331.0,12,fintech,20,900000.0,30000000.0,0.03,0.68,1186,0,7810,3.5,303.0,Low,Medium,N/A,-1.0,0.0,-100.0,-100.0,-100.0,-100,-100.0,-100.0,-100.0,-100.0
repux,6 Mar 2018,5 Apr 2018,30.0,372.0,12,other,11,4700000.0,33571429.0,0.14,0.2,1186,0,2075,3.5,303.0,Medium,Low,0.76,-1.0,0.0,-100.0,-100.0,-100.0,-100,-100.0,-100.0,-100.0,-100.0
docademic,29 Jan 2018,15 Apr 2018,76.0,362.0,12,blockchain,10,1100000.0,1294118.0,0.85,0.0177,1186,0,340,3.5,303.0,Medium,High,0.9,-0.72458,140898,0.239,1.896,3.793,3.781,-0.255,-2.514,0.04,0.04
amon,4 Mar 2018,4 Apr 2018,31.0,373.0,12,other,8,1332600.0,26652000.0,0.05,0.05,1186,0,2230,3.5,303.0,N/A,N/A,N/A,-1.0,0.0,-100.0,-100.0,-100.0,-100,-100.0,-100.0,-100.0,-100.0
apis,4 Mar 2018,3 Apr 2018,30.0,374.0,12,blockchain,21,1700000.0,9444444.0,0.18,0.0029,1186,0,14702,3.5,303.0,Medium,Medium,N/A,0.27655,4766240,0.218,0.127,2.014,2.0,-0.111,-0.442,0.007,0.007
alttex,3 Mar 2018,1 Jun 2018,90.0,315.0,12,fintech,20,5740800.0,19795862.0,0.29,0.64,1186,0,5936,3.5,303.0,Medium,Medium,0.84,-0.99282,3555,0.135,0.136,2.155,2.144,-0.79,-8.215,0.032,0.032
betex,1 Mar 2018,15 Apr 2018,45.0,362.0,12,fintech,6,10233480.0,10233480.0,1.0,3.0,1186,0,2168,3.5,303.0,Medium,Medium,N/A,-1.0,0.0,-100.0,-100.0,-100.0,-100,-100.0,-100.0,-100.0,-100.0
domuscoins,31 Jan 2018,30 Apr 2018,89.0,347.0,12,blockchain,4,1000000.0,10000000.0,0.1,1.0,1186,0,420,3.5,303.0,Medium,High,N/A,-1.0,0.0,-100.0,-100.0,-100.0,-100,-100.0,-100.0,-100.0,-100.0
ipstock,1 Mar 2018,30 Apr 2018,60.0,347.0,12,blockchain,10,5979060.0,24912750.0,0.24,0.8337,1186,0,1282,3.5,303.0,Medium,N/A,N/A,-1.0,0.0,-100.0,-100.0,-100.0,-100,-100.0,-100.0,-100.0,-100.0
birdchain,1 Mar 2018,31 May 2018,91.0,316.0,12,blockchain,21,1534291.0,6137164.0,0.25,0.013,1186,0,7109,3.5,303.0,High,N/A,N/A,-1.0,0.0,-100.0,-100.0,-100.0,-100,-100.0,-100.0,-100.0,-100.0
medichain,1 Mar 2018,30 Apr 2018,60.0,347.0,12,blockchain,20,19703656.0,40211543.0,0.49,1.0,1186,0,3224,3.5,303.0,Medium,Medium,N/A,-1.0,0.0,-100.0,-100.0,-100.0,-100,-100.0,-100.0,-100.0,-100.0
kickcity,1 Mar 2018,8 May 2018,68.0,339.0,12,blockchain,9,1000000.0,12500000.0,0.08,0.1,1186,0,4518,3.5,303.0,Medium,Medium,0.78,-1.0,0.0,-100.0,-100.0,-100.0,-100,-100.0,-100.0,-100.0,-100.0
blockbank,28 Feb 2018,1 Jun 2018,93.0,315.0,12,other,10,12520000.0,313000000.0,0.04,0.6,1186,0,724,3.5,303.0,N/A,N/A,0.78,-1.0,0.0,-100.0,-100.0,-100.0,-100,-100.0,-100.0,-100.0,-100.0
startions,16 Mar 2018,11 Apr 2018,26.0,366.0,12,blockchain,7,1636313.0,2597322.0,0.63,0.12,1186,0,492,3.5,303.0,Low,High,N/A,-1.0,0.0,-100.0,-100.0,-100.0,-100,-100.0,-100.0,-100.0,-100.0
jiocoin,7 Apr 2018,17 May 2018,40.0,330.0,12,blockchain,9,30000000.0,120000000.0,0.25,0.3,1186,0,1470,3.5,303.0,Low,High,0.8,-1.0,0.0,-100.0,-100.0,-100.0,-100,-100.0,-100.0,-100.0,-100.0
equitybase,28 Feb 2018,30 Apr 2018,61.0,347.0,12,blockchain,5,5831278.0,20107855.0,0.29,0.28,1186,0,9166,3.5,303.0,Medium,Medium,N/A,-1.0,0.0,-100.0,-100.0,-100.0,-100,-100.0,-100.0,-100.0,-100.0
synthestech,1 Feb 2018,31 May 2018,119.0,316.0,12,blockchain,4,73726.0,7372600.0,0.01,1.5,1186,0,2078,3.5,303.0,Medium,High,0.76,-1.0,0.0,-100.0,-100.0,-100.0,-100,-100.0,-100.0,-100.0,-100.0
healthureum,26 Feb 2018,1 Apr 2018,34.0,376.0,12,blockchain,4,15400000.0,110000000.0,0.14,3.95,1186,0,758,3.5,303.0,Medium,N/A,N/A,-1.0,0.0,-100.0,-100.0,-100.0,-100,-100.0,-100.0,-100.0,-100.0
skychain,26 Feb 2018,8 Apr 2018,41.0,369.0,12,blockchain,7,9815000.0,11969512.0,0.82,1.0,1186,0,2982,3.5,303.0,Medium,Medium,N/A,-0.78917,6004,0.012,0.063,0.993,0.972,0.062,0.374,0.006,0.006
bitrace,25 Feb 2018,15 Apr 2018,49.0,362.0,12,blockchain,12,1822144.0,60738133.0,0.03,0.1,1186,0,2910,3.5,303.0,Low,N/A,N/A,-1.0,0.0,-100.0,-100.0,-100.0,-100,-100.0,-100.0,-100.0,-100.0
gohelpfund,24 Feb 2018,24 Apr 2018,59.0,353.0,12,blockchain,6,11414.0,570700.0,0.02,0.139,1186,0,1234,3.5,303.0,Medium,High,N/A,-0.83444,6224,0.233,0.182,2.883,2.878,0.002,-0.243,0.039,0.039
receiptcoin,22 Feb 2018,22 May 2018,89.0,325.0,12,blockchain,6,25000000.0,25000000.0,1.0,0.2,1186,1,22,3.5,303.0,Low,N/A,N/A,-1.0,0.0,-100.0,-100.0,-100.0,-100,-100.0,-100.0,-100.0,-100.0
clinicoin,21 Feb 2018,1 Jun 2018,100.0,315.0,12,blockchain,16,13624000.0,26200000.0,0.52,0.03,1186,0,1605,3.5,303.0,Medium,N/A,N/A,-1.0,0.0,-100.0,-100.0,-100.0,-100,-100.0,-100.0,-100.0,-100.0
rxeal,12 Mar 2018,11 May 2018,60.0,336.0,12,blockchain,7,279180.0,27918000.0,0.01,0.594,1186,0,1024,3.5,303.0,Medium,N/A,N/A,-1.0,0.0,-100.0,-100.0,-100.0,-100,-100.0,-100.0,-100.0,-100.0
hashgains,17 Feb 2018,30 Apr 2018,72.0,347.0,12,saas,6,9100000.0,30333333.0,0.3,0.72,1186,0,1233,3.5,304.0,Medium,N/A,N/A,-1.0,0.0,-100.0,-100.0,-100.0,-100,-100.0,-100.0,-100.0,-100.0
exenium,14 Feb 2018,15 Apr 2018,60.0,362.0,12,blockchain,6,1081000.0,54050000.0,0.02,25.5095,1187,0,741,3.5,304.0,Medium,Medium,N/A,-1.0,0.0,-100.0,-100.0,-100.0,-100,-100.0,-100.0,-100.0,-100.0
luckbox,4 Apr 2018,11 Apr 2018,7.0,366.0,12,blockchain,23,2000000.0,20000000.0,0.1,0.0687,1187,0,9,3.5,304.0,Medium,High,0.8,-1.0,0.0,-100.0,-100.0,-100.0,-100,-100.0,-100.0,-100.0,-100.0
connectjob,12 Feb 2018,30 Apr 2018,77.0,347.0,12,blockchain,24,10437623.0,11997268.0,0.87,0.283,1187,0,3987,3.5,304.0,Medium,High,N/A,-0.65001,173329,-0.341,-0.196,-3.105,-3.127,-0.481,-6.061,0.038,0.037
knowledge,26 Feb 2018,21 Apr 2018,54.0,356.0,12,other,13,5000000.0,19230769.0,0.26,1.0,1187,1,72,3.5,304.0,Medium,N/A,0.8,-1.0,0.0,-100.0,-100.0,-100.0,-100,-100.0,-100.0,-100.0,-100.0
flashmoni,10 Apr 2018,10 May 2018,30.0,337.0,12,fintech,20,72000000.0,72000000.0,1.0,0.13,1187,0,6509,3.5,304.0,Low,Medium,0.76,-1.0,0.0,-100.0,-100.0,-100.0,-100,-100.0,-100.0,-100.0,-100.0
etheera,10 Feb 2018,3 Jun 2018,113.0,313.0,12,blockchain,6,5206197.0,74374243.0,0.07,0.0012,1187,0,1726,3.5,304.0,Medium,High,N/A,-0.95333,5941,0.297,0.245,3.882,3.882,-0.408,-4.683,1.166,1.166
kryll,07 Feb 2018,20 Apr 2018,72.0,357.0,5,blockchain,8,3800000.0,29230769.0,0.13,0.2,1187,2,6991,3.9,390.0,Medium,Medium,0.88,-0.58498,97079,-0.342,-0.175,-2.775,-2.841,-0.053,-0.395,0.002,0.002
dorado,7 Feb 2018,16 May 2018,98.0,331.0,12,blockchain,23,21000000.0,53846154.0,0.39,0.1,1187,0,2415,3.5,304.0,Medium,Medium,N/A,-1.0,0.0,-100.0,-100.0,-100.0,-100,-100.0,-100.0,-100.0,-100.0
synapse,21 Oct 2017,14 Jun 2018,236.0,302.0,12,blockchain,5,7000000.0,14893617.0,0.47,0.045,1187,0,16938,3.5,304.0,Medium,High,0.74,-1.0,0.0,-100.0,-100.0,-100.0,-100,-100.0,-100.0,-100.0,-100.0
bitnation,25 Mar 2018,25 Apr 2018,31.0,352.0,12,blockchain,21,1339855.0,33496375.0,0.04,0.0021,1187,0,7874,3.5,304.0,Medium,N/A,0.74,-0.89619,25774,-0.195,-0.264,-4.187,-4.21,-0.013,-0.269,-0.005,-0.005
astorgame,29 Jan 2018,29 Apr 2018,90.0,348.0,12,blockchain,5,11200000.0,58947368.0,0.19,1.0,1187,0,1054,3.5,304.0,Low,N/A,N/A,-1.0,0.0,-100.0,-100.0,-100.0,-100,-100.0,-100.0,-100.0,-100.0
keyrpto,25 Mar 2018,25 May 2018,61.0,322.0,12,blockchain,8,4800000.0,5106383.0,0.94,0.01,1187,0,1750,3.5,304.0,Medium,Medium,0.88,-1.0,0.0,-100.0,-100.0,-100.0,-100,-100.0,-100.0,-100.0,-100.0
bitcoinus,22 Jan 2018,10 May 2018,108.0,337.0,12,fintech,8,20534500.0,50084146.0,0.41,0.69,1187,0,5237,3.5,304.0,Medium,Medium,N/A,-1.0,0.0,-100.0,-100.0,-100.0,-100,-100.0,-100.0,-100.0,-100.0
node,15 Feb 2018,15 Apr 2018,59.0,362.0,12,blockchain,13,1149220.0,10447455.0,0.11,1.0,1187,0,0,3.5,304.0,Low,Medium,N/A,-0.99948,16918,-0.269,0.01,0.153,0.132,-0.05,-1.681,0.017,0.022
rucoin,15 Jan 2018,15 Apr 2018,90.0,362.0,12,blockchain,5,1168995.0,116899500.0,0.01,2.0,1187,0,290,3.5,304.0,Low,N/A,N/A,-1.0,0.0,-100.0,-100.0,-100.0,-100,-100.0,-100.0,-100.0,-100.0
edgecoin,6 Jan 2018,6 Apr 2018,90.0,371.0,12,blockchain,6,397916.0,3060892.0,0.13,0.077,1188,0,922,3.5,304.0,Medium,Medium,N/A,-1.0,0.0,-100.0,-100.0,-100.0,-100,-100.0,-100.0,-100.0,-100.0
armpack,31 Jan 2018,30 Apr 2018,89.0,347.0,12,blockchain,8,6200000.0,20000000.0,0.31,0.034,1187,0,1811,3.5,304.0,Low,Medium,N/A,-1.0,0.0,-100.0,-100.0,-100.0,-100,-100.0,-100.0,-100.0,-100.0
coinhealth,10 Dec 2017,22 Apr 2018,133.0,355.0,12,blockchain,8,7000000.0,350000000.0,0.02,0.95,1188,0,8640,3.5,304.0,Low,Medium,0.7,-1.0,0.0,-100.0,-100.0,-100.0,-100,-100.0,-100.0,-100.0,-100.0
goldea,1 Dec 2017,5 Jun 2018,186.0,311.0,12,blockchain,15,1501239.0,4549209.0,0.33,21.0,1188,0,260,3.5,304.0,Low,High,N/A,-1.0,0.0,-100.0,-100.0,-100.0,-100,-100.0,-100.0,-100.0,-100.0
africunia,1 Jan 2018,31 May 2018,150.0,316.0,12,fintech,4,2500000.0,50000000.0,0.05,0.1,1188,0,1452,2.0,154.0,Medium,High,N/A,-1.0,0.0,-100.0,-100.0,-100.0,-100,-100.0,-100.0,-100.0,-100.0
pulsar,13 Nov 2017,13 May 2018,181.0,334.0,12,blockchain,9,15628725.0,50415242.0,0.31,1.0,1188,0,1348,3.5,304.0,Low,N/A,N/A,-1.0,0.0,-100.0,-100.0,-100.0,-100,-100.0,-100.0,-100.0,-100.0
hackspace,19 Sep 2017,28 Apr 2018,221.0,349.0,12,blockchain,7,9036705.0,100407833.0,0.09,0.019,1188,0,3614,3.5,304.0,Medium,N/A,N/A,-1.0,0.0,-100.0,-100.0,-100.0,-100,-100.0,-100.0,-100.0,-100.0
smartgold,25 Jan 2018,25 Apr 2018,90.0,352.0,12,blockchain,13,4274582.0,14248607.0,0.3,20.0,1189,0,445,3.5,304.0,Low,N/A,N/A,-1.0,0.0,-100.0,-100.0,-100.0,-100,-100.0,-100.0,-100.0,-100.0
current,14 Mar 2018,14 Apr 2018,31.0,363.0,12,other,15,36000000.0,36000000.0,1.0,0.24,1189,0,16,3.5,304.0,Medium,Low,N/A,-1.0,0.0,-100.0,-100.0,-100.0,-100,-100.0,-100.0,-100.0,-100.0
funfair,22 Jun 2018,22 Jun 2018,0.0,294.0,12,blockchain,21,26000000.0,26000000.0,1.0,0.0067,1188,0,36610,3.5,304.0,High,N/A,0.78,-1.0,0.0,-100.0,-100.0,-100.0,-100,-100.0,-100.0,-100.0,-100.0
rate3,16 Apr 2018,21 May 2018,35.0,326.0,12,blockchain,10,17500000.0,17500000.0,1.0,0.04375,1188,0,24215,3.5,304.0,High,N/A,N/A,-1.0,0.0,-100.0,-100.0,-100.0,-100,-100.0,-100.0,-100.0,-100.0
bitcar,31 Jan 2018,20 Apr 2018,79.0,357.0,12,blockchain,12,9230000.0,21976190.0,0.42,0.1,1188,0,5118,3.5,304.0,Medium,N/A,0.78,-1.0,0.0,-100.0,-100.0,-100.0,-100,-100.0,-100.0,-100.0,-100.0
buzzshow,12 Feb 2018,04 Apr 2018,51.0,373.0,12,blockchain,10,15000000.0,20000000.0,0.75,0.25,1188,0,4213,3.5,304.0,Medium,High,N/A,-1.0,0.0,-100.0,-100.0,-100.0,-100,-100.0,-100.0,-100.0,-100.0
shard,26 Mar 2018,23 Apr 2018,28.0,354.0,12,saas,6,5400000.0,5400000.0,1.0,0.6113,1188,0,4288,3.5,304.0,Low,N/A,N/A,-0.90366,1249,-0.034,0.007,0.108,0.087,0.312,2.847,0.007,0.007
hold,4 May 2018,31 May 2018,27.0,316.0,12,fintech,12,11300000.0,11300000.0,1.0,0.023,1188,0,8241,3.5,304.0,Medium,N/A,N/A,-1.0,0.0,-100.0,-100.0,-100.0,-100,-100.0,-100.0,-100.0,-100.0
bezant,03 May 2018,11 May 2018,8.0,336.0,12,fintech,23,27500000.0,39855072.0,0.69,0.1,1187,0,3160,3.5,304.0,Medium,N/A,N/A,-1.0,0.0,-100.0,-100.0,-100.0,-100,-100.0,-100.0,-100.0,-100.0
