coin,start,end,duration,age,region,industry,team,raised,hardcap,success,price,telegram,N_google_news,N_twitter,ret_ico_to_day_one,vol_day1,sharpe_1,sharpe_3,sharpe_yr,sharpe_yr2,beta_btc,beta_top10,alpha_btc,beta_top10
eos,11 Jun 2017,26 Jun 2017,15.0,342.0,1,blockchain,4,185000000.0,N/A,N/A,0.99,57364,55,N/A,0.62,N/A,0.02,13613000,0.19,0.09,1.35,1.32,0.076,1.315
iota,24 Nov 2017,20 Dec 2017,26.0,165.0,12,saas,N/A,N/A,N/A,N/A,N/A,2,7,N/A,0.32,N/A,0.0,25425600,-0.2,0.12,1.83,1.76,0.069,-0.201
tron,07 Sep 2017,08 Sep 2017,1.0,268.0,12,other,1,58098000.0,N/A,N/A,0.002,396,31,N/A,0.62,N/A,-0.006,48512,0.15,0.09,1.5,1.46,-0.072,2.193
neo,8 Aug 2017,7 Sep 2017,30.0,269.0,3,blockchain,16,28056944.0,N/A,N/A,0.03,4,32,319099,0.76,N/A,17.616,1349,0.12,0.08,1.33,1.3,0.04,-0.67
qtum,12 Mar 2017,17 Mar 2017,5.0,443.0,7,blockchain,18,15000000.0,N/A,1.0,0.3,14088,11,164320,N/A,N/A,19.633,11221600,0.23,0.06,0.98,0.93,0.072,0.616
omisego,23 Jun 2017,23 Jul 2017,30.0,315.0,7,fintech,5,25000000.0,25000000.0,1.0,0.23,N/A,13,276319,N/A,N/A,1.533,750698,0.37,0.31,4.86,4.82,-0.059,-1.107
icon,22 Sep 2017,22 Sep 2017,0.0,254.0,8,transportation,41,45000000.0,N/A,1.0,0.11,21040,30,102908,0.5,N/A,3.519,71509,0.34,0.32,5.1,5.05,-0.086,-1.847
zilliqa,27 Dec 2017,04 Jan 2018,8.0,150.0,12,other,N/A,2000000.0,N/A,N/A,0.008,30189,13,N/A,0.74,N/A,16.005,4921770,-0.37,-0.14,-2.21,-2.21,-0.356,-0.5
aeternity,29 May 2017,19 Jun 2017,21.0,349.0,5,saas,15,24426689.0,N/A,N/A,0.28,N/A,5,277,N/A,N/A,1.484,1518,0.39,0.09,1.42,1.42,0.027,0.393
0x,15 Aug 2017,15 Sep 2017,31.0,261.0,1,saas,6,24000000.0,N/A,N/A,0.07,N/A,8,44155,N/A,N/A,2.206,5232600,0.23,0.12,1.97,1.97,-0.256,-1.107
bytom,20 Jun 2017,20 Jul 2017,30.0,318.0,3,saas,5,22554000.0,N/A,N/A,0.05,N/A,2,17847,N/A,N/A,1.256,7543670,0.18,0.05,0.77,0.77,-0.084,-1.893
golem,13 Nov 2016,13 Nov 2016,0.0,567.0,5,saas,15,8000000.0,N/A,1.0,0.01,313,0,138560,N/A,N/A,79.101,106960000,-0.55,-4.34,-8.68,-8.68,0.459,1.261
wanchain,01 Oct 2017,01 Nov 2017,31.0,214.0,12,blockchain,6,35658000.0,N/A,N/A,0.34,N/A,0,N/A,0.54,N/A,11.382,189439000,0.18,0.06,0.96,1.08,-0.584,-5.477
populous,24 Jul 2017,24 Jul 2017,0.0,314.0,4,fintech,5,10220400.0,991001144.0,0.01,0.25,N/A,0,22920,0.82,N/A,12.32,2704070,0.2,0.11,1.69,1.75,-0.059,-4.818
augur,17 Aug 2015,1 Oct 2015,45.0,976.0,1,saas,13,5000000.0,N/A,0.8,0.6,N/A,0,434,N/A,N/A,1.45,728,0.09,0.14,2.18,2.34,0.027,-0.625
status,20 Jun 2017,20 Jun 2017,0.0,348.0,6,saas,12,10000000.0,N/A,N/A,0.04,N/A,0,101269,N/A,N/A,0.404,13747700,-0.21,0.04,0.66,0.72,0.158,-0.5
nebulas,8 Dec 2017,16 Dec 2017,8.0,171.0,1,saas,19,60000000.0,60000000.0,1.0,2.0,12053,2,22523,0.0,N/A,N/A,N/A,N/A,N/A,N/A,N/A,N/A,1.315
aion,24 Nov 2017,24 Dec 2017,30.0,161.0,12,blockchain,N/A,N/A,N/A,N/A,N/A,11280,0,N/A,N/A,N/A,0.0,20958,0.12,0.22,3.46,3.5,-0.134,-5.023
loopring,1 Aug 2017,16 Aug 2017,15.0,291.0,3,saas,3,45000000.0,N/A,1.0,0.06,N/A,0,30634,0.6,N/A,0.747,200829,-0.05,0.12,1.93,1.99,-0.144,-0.034
digixdao,29 Mar 2016,30 Mar 2016,1.0,795.0,7,saas,N/A,55000004.0,N/A,N/A,4.2,N/A,0,15136,N/A,N/A,6.543,1900,-0.05,-0.01,-0.14,-0.07,0.031,-1.943
komodo,15 Oct 2016,16 Nov 2016,32.0,564.0,12,saas,N/A,1983781.0,N/A,N/A,0.38,N/A,0,88942,N/A,N/A,-0.708,22487,0.02,0.12,1.88,1.89,-0.003,-2.898
ark,05 Nov 2016,09 Dec 2016,34.0,541.0,12,blockchain,N/A,22000000.0,N/A,N/A,0.1,43,0,N/A,N/A,N/A,-0.657,133793,0.32,0.26,4.19,4.25,-0.167,-2.057
cybermiles,21 Nov 2017,21 Dec 2017,30.0,164.0,1,saas,9,30000000.0,36680000.0,0.82,0.052,69079,0,237173,0.62,N/A,2.473,12580000,-0.09,0.01,0.22,0.28,-0.015,-4.886
bancor,12 Jun 2017,12 Jun 2017,0.0,356.0,12,saas,6,15300000.0,N/A,N/A,3.92,6617,0,814,N/A,N/A,4.097,16871,-0.16,-0.07,-1.04,-0.97,-0.003,-1.42
dentacoin,1 Oct 2017,1 Nov 2017,31.0,214.0,5,insurance services,19,2100000.0,N/A,N/A,0.0,N/A,0,110,0.6,N/A,0.0,228296,0.04,0.06,0.94,0.98,-0.189,-1.091
elastos,01 Jan 2018,22 Jan 2018,21.0,132.0,12,blockchain,N/A,57891000.0,N/A,N/A,N/A,17174,0,N/A,0.62,N/A,0.0,33745700,0.19,-0.02,-0.34,-0.24,-0.434,1.807
kyber-network,15 Sep 2017,17 Sep 2017,2.0,259.0,7,other,7,N/A,N/A,N/A,N/A,N/A,0,N/A,N/A,N/A,0.0,16343900,-0.15,-0.08,-1.21,-1.06,-0.127,-2.386
cryptonex,01 Sep 2017,30 Sep 2017,29.0,246.0,12,other,N/A,N/A,N/A,N/A,N/A,2314,0,N/A,N/A,N/A,0.0,79554,-0.03,0.12,1.88,1.95,-0.224,-0.466
veritaseum,25 Apr 2017,26 May 2017,31.0,373.0,1,blockchain,2,6480882.0,N/A,N/A,12.0,1818,0,23266,N/A,N/A,3.047,450758,0.22,0.13,2.02,2.02,-261.85,-1.909
fusion,1 Feb 2018,10 Feb 2018,9.0,113.0,7,fintech,20,108394802.0,N/A,N/A,2.06,10865,0,7719,0.4,N/A,0.592,1440790,-0.04,0.12,1.87,1.98,-0.209,-4.5
substratum,14 Aug 2017,14 Sep 2017,31.0,262.0,1,blockchain,6,13800000.0,N/A,N/A,0.07,62,0,1159,0.4,N/A,-0.333,41819,0.29,0.28,4.47,4.54,-0.246,-4.216
theta-token,07 Jan 2018,07 Jan 2018,0.0,147.0,12,telecommunications,N/A,20000000.0,N/A,N/A,0.15,13256,0,N/A,0.6,N/A,0.222,10023000,0.05,0.06,0.99,1.07,-0.116,7.364
dragonchain,2 Oct 2017,2 Nov 2017,31.0,213.0,1,saas,8,13700000.0,16689535.8,0.82,0.07,N/A,0,73929,0.3,N/A,2.853,1142060,0.37,0.26,4.08,4.14,0.111,-3.545
kin,12 Sep 2017,26 Sep 2017,14.0,250.0,1,saas,7,98000000.0,N/A,N/A,0.0,N/A,0,24638,0.58,N/A,0.0,372049,-0.08,-0.01,-0.17,-0.07,-0.144,-2.341
electroneum,14 Sep 2017,20 Oct 2017,36.0,226.0,4,blockchain,15,40000000.0,40000000.0,1.0,0.01,49435,0,124009,0.44,N/A,6.736,2464330,-0.13,0.08,1.26,1.31,0.093,-3.148
storm,07 Nov 2017,07 Dec 2017,30.0,178.0,1,fintech,8,32000000.0,N/A,N/A,0.0113,5,0,26733,N/A,N/A,0.43,330757,0.68,0.15,2.39,2.45,-0.238,-2.193
bnktothefuture,16 Feb 2018,16 Mar 2018,28.0,79.0,12,fintech,10,33000000.0,N/A,N/A,0.1,N/A,0,N/A,0.58,N/A,-0.22,40890,0.31,0.2,3.11,3.21,0.017,0.568
holo,29 Mar 2018,28 Apr 2018,30.0,36.0,7,telecommunications,8,15000000.0,5000.0,1.0,0.0,N/A,0,4838,N/A,N/A,0.0,5764530,0.26,2.05,4.1,4.17,0.632,1.511
dropil,7 Feb 2018,7 Mar 2018,28.0,88.0,1,fintech,6,60000000.0,31679999.999999996,1.0,0.00317,726,0,6725,N/A,N/A,0.985,78904,-0.05,0.06,0.99,1.1,0.037,1.091
gifto,14 Dec 2017,14 Dec 2017,0.0,171.0,3,entertainment,13,30000000.0,30000000.0,1.0,0.1,55887,0,16569,0.48,N/A,2.489,44959800,0.32,0.12,1.93,1.98,-0.068,-4.466
iexec-rlc,17 Apr 2017,10 May 2017,23.0,389.0,12,other,8,12000000.0,N/A,N/A,0.178,N/A,0,N/A,N/A,N/A,0.0,N/A,N/A,N/A,N/A,N/A,N/A,N/A
power-ledger,8 Sep 2017,6 Oct 2017,28.0,240.0,9,energy,17,13232290.0,N/A,N/A,0.09,16590,0,917,0.4,N/A,-0.381,1017460,0.51,0.32,5.09,5.14,0.057,-2.045
salt,01 Aug 2017,15 Aug 2017,14.0,292.0,12,other,N/A,N/A,N/A,N/A,N/A,791,0,N/A,N/A,N/A,0.0,4174650,-0.17,0.0,0.08,0.16,-0.081,-3.602
deepbrain-chain,15 Dec 2017,15 Dec 2017,0.0,170.0,12,other,N/A,N/A,N/A,N/A,N/A,12825,0,N/A,N/A,N/A,0.0,18387700,0.29,0.09,1.36,1.42,-0.284,1.057
monaco,18 May 2017,18 Jun 2017,31.0,350.0,6,fintech,4,26700000.0,N/A,0.1,2.88,7401,0,64606,0.78,N/A,-0.142,1549870,-0.1,0.2,3.1,3.14,0.047,-1.75
storj,19 May 2017,25 May 2017,6.0,374.0,1,saas,15,30000000.0,N/A,1.0,0.5,N/A,0,83040,N/A,N/A,0.097,211542,0.08,0.11,1.71,1.76,-0.012,-0.42
civic,21 Jun 2017,22 Jun 2017,1.0,346.0,1,saas,2,33000000.0,33000000.0,1.0,0.1,8910,0,86563,N/A,N/A,0.767,9750800,0.18,0.14,2.26,2.33,-0.244,-1.761
decentraland,8 Aug 2017,8 Aug 2017,0.0,299.0,10,entertainment,13,24000000.0,600000.0,1.0,0.02,N/A,0,3,0.7,N/A,0.237,688849,-0.21,-0.01,-0.19,-0.12,-0.12,-1.466
quantstamp,17 Nov 2017,16 Dec 2017,29.0,169.0,1,fintech,10,30000000.0,30000000.0,1.0,0.07,24147,0,N/A,0.56,N/A,0.304,28481900,0.18,0.23,3.59,3.64,-0.322,-1.443
neblio,6 Aug 2017,20 Aug 2017,14.0,287.0,1,fintech,2,14834923.0,N/A,0.07,0.2,N/A,0,N/A,0.44,N/A,2.146,257746,0.2,0.24,3.77,3.83,-0.109,0.523
nexo,17 Mar 2018,15 Apr 2018,29.0,49.0,6,fintech,18,52500000.0,52500000.0,1.0,0.1,64045,0,N/A,0.68,N/A,0.85,3226150,0.04,0.34,0.68,0.76,-0.704,0.716
request-network,13 Oct 2017,17 Oct 2017,4.0,229.0,5,fintech,7,32895000.0,N/A,N/A,0.06,13882,0,765,0.36,N/A,0.013,5914220,0.13,0.27,4.23,4.31,-0.187,-2.239
tenx,24 Jun 2017,24 Jun 2017,0.0,344.0,7,fintech,10,80000000.0,N/A,N/A,0.87,116,0,1718,N/A,N/A,53.943,303595,0.05,0.16,2.47,2.51,-0.135,-0.193
singularitynet,19 Dec 2017,19 Dec 2017,0.0,166.0,6,saas,9,36000000.0,N/A,N/A,0.1,15621,0,16561,N/A,N/A,14.2,17465100,0.09,0.0,0.08,0.12,-0.129,-9.227
iconomi,25 Aug 2016,29 Sep 2016,35.0,612.0,5,saas,26,10000000.0,N/A,0.85,0.11,N/A,0,918,N/A,N/A,1.433,14652,0.13,0.1,1.6,1.65,-0.096,-0.307
dent,12 Jul 2017,26 Jul 2017,14.0,312.0,3,telecommunications,8,43000000.0,N/A,0.14,0.0,8123,0,35843,N/A,N/A,0.0,71565,0.16,0.1,1.65,1.69,-0.168,-3.159
bottos,31 Dec 2017,30 Jan 2018,30.0,124.0,12,other,N/A,N/A,N/A,N/A,0.1,N/A,0,N/A,0.42,N/A,2.296,18592600,-0.1,-0.12,-1.97,-1.88,-0.16,-2.932
time-new-bank,18 Nov 2017,23 Nov 2017,5.0,192.0,7,saas,10,8000000.0,N/A,N/A,0.02,26383,0,14820,N/A,N/A,0.761,10625600,0.34,0.2,3.17,3.22,-0.147,-0.818
cindicator,12 Sep 2017,12 Oct 2017,30.0,234.0,2,blockchain,12,15000000.0,15000000.0,1.0,0.01,7954,0,38894,0.68,N/A,1.258,971989,-0.44,0.06,0.89,0.98,-0.143,-1.943
arcblock,3 Feb 2018,3 Feb 2018,0.0,120.0,1,blockchain,4,11000000.0,N/A,N/A,0.5,38378,0,32764,0.72,N/A,1.54,94865600,-0.38,0.07,1.09,1.23,-0.066,-1.091
revain,21 Aug 2017,4 Sep 2017,14.0,272.0,2,saas,11,12513346.0,400.0,1.0,0.05,2358,0,6412,0.46,N/A,0.558,107140,0.26,0.38,6.0,6.08,0.09,0.045
lympo,17 Feb 2018,28 Feb 2018,11.0,95.0,5,entertainment,11,8366627.0,N/A,N/A,0.0217,13172,0,6438,N/A,N/A,-0.258,176692,0.26,0.21,3.41,3.49,-0.087,4.068
aragon,17 May 2017,17 May 2017,0.0,382.0,5,saas,2,25000000.0,N/A,N/A,0.74,N/A,0,6791,N/A,N/A,1.054,2745280,0.28,0.09,1.43,1.51,0.011,0.466
storiqa,28 Nov 2017,29 Jan 2018,62.0,125.0,3,saas,11,25000000.0,25000000.0,1.0,0.0,34291,0,12374,0.2,N/A,0.0,271889,-0.09,0.11,1.8,1.91,-0.044,10.989
particl,16 Mar 2017,12 Apr 2017,27.0,417.0,12,other,N/A,750000.0,N/A,N/A,1.0,N/A,0,N/A,N/A,N/A,5.95,983921,-0.06,0.08,1.26,1.36,-0.211,-1.409
enjin-coin,3 Oct 2017,31 Oct 2017,28.0,215.0,7,entertainment,8,23000000.0,N/A,N/A,0.03,N/A,0,N/A,N/A,N/A,-0.332,742008,0.02,0.28,4.4,4.47,-0.144,0.205
poa-network,17 Nov 2017,17 Nov 2017,0.0,198.0,1,saas,19,12500000.0,12500000.0,1.0,0.0724,10900,0,305,N/A,N/A,7.763,79376200,-0.34,0.06,0.99,1.08,-0.35,0.557
gnosis,24 Apr 2017,24 Apr 2017,0.0,405.0,5,saas,10,12500000.0,N/A,1.0,29.85,N/A,0,68106,N/A,N/A,-1.0,22984,-0.01,-0.02,-0.32,-0.29,0.179,15.875
bluzelle,18 Jan 2018,2 Feb 2018,15.0,121.0,7,saas,10,19500000.0,19500000.0,1.0,0.12,23268,0,32480,0.96,N/A,4.648,41214300,0.11,-0.0,-0.02,0.07,-0.652,-4.693
docademic,29 Jan 2018,15 Apr 2018,76.0,49.0,10,insurance services,13,1100000.0,N/A,N/A,0.017,7036,0,11481,0.26,N/A,0.388,716822,0.42,3.36,6.72,6.74,3.583,6.463
credits,15 Feb 2018,28 Feb 2018,13.0,95.0,7,saas,9,20000000.0,20000000.0,1.0,0.17,27429,0,18681,0.88,N/A,1.4,3014620,0.28,0.17,2.64,2.78,0.027,-3.364
smartmesh,29 Nov 2017,28 Dec 2017,29.0,157.0,7,saas,9,15000000.0,N/A,N/A,0.0167,21638,0,3735,N/A,N/A,0.868,1131310,0.39,0.15,2.32,2.41,0.05,1.322
sophiatx,7 Dec 2017,17 Dec 2017,10.0,168.0,6,saas,21,7300000.0,N/A,N/A,0.0716,5509,0,15637,0.72,N/A,5.361,2148170,0.35,0.08,1.19,1.31,-0.123,-1.0
sonm,15 Jun 2017,19 Jun 2017,4.0,349.0,2,saas,13,42000000.0,N/A,N/A,0.59,7965,0,274,N/A,N/A,-0.116,86186,-0.56,-0.1,-1.66,-1.54,-0.08,-3.0
ignis,5 Aug 2017,14 Oct 2017,70.0,232.0,5,other,3,21600000.0,60562000.0,0.3566592913047786,1.05,N/A,0,27024,0.52,N/A,1.2,18762,0.26,0.07,1.16,1.19,-1.219,-3.388
boscoin,09 May 2017,10 May 2017,1.0,389.0,12,blockchain,17,17920000.0,N/A,N/A,0.044,N/A,0,N/A,N/A,N/A,18.93,27934,0.19,0.19,3.05,3.15,-0.05,-4.719
metal,9 Jun 2017,9 Jun 2017,0.0,359.0,1,blockchain,7,N/A,N/A,1.0,0.18,201,0,32757,N/A,N/A,8.278,2843520,0.35,0.3,4.71,4.82,-0.237,0.033
thekey,15 Jan 2018,15 Jan 2018,0.0,139.0,3,other,14,22000000.0,22000000.0,1.0,0.0352,74243,0,29251,0.7,N/A,-0.186,9008350,0.0,-0.07,-1.09,-0.88,-0.278,-3.165
ambrosus,22 Sep 2017,22 Oct 2017,30.0,226.0,6,insurance services,20,32507330.0,97800000.0,0.33,0.29,4222,6,16868,0.0,N/A,N/A,N/A,N/A,N/A,N/A,N/A,N/A,2.193
blockv,19 Oct 2017,25 Oct 2017,6.0,221.0,1,saas,18,21500000.0,40000000.0,0.54,0.42,3716,0,6389,0.6,N/A,-0.948,492028,0.34,0.23,3.6,3.7,-0.018,-3.372
genesis-vision,15 Oct 2017,15 Nov 2017,31.0,200.0,2,fintech,10,2836724.0,33000000.0,0.09,1.0,8047,0,19029,0.5,N/A,1.68,683667,0.39,0.27,4.32,4.42,-0.038,-3.05
origintrail,15 Jan 2018,17 Jan 2018,2.0,137.0,5,saas,11,22500000.0,22000000.0,1.0,0.1,10088,0,541,0.42,N/A,1.364,3901170,0.19,0.06,0.93,1.06,-0.181,-3.14
crypterium,31 Oct 2017,14 Jan 2018,75.0,140.0,5,fintech,15,51656963.0,21750.0,1.0,1.5,34071,0,16313,0.82,N/A,0.54,183715,-0.38,-0.05,-0.75,-0.75,-0.295,-11.0
jibrel-network,27 Nov 2017,1 Jan 2018,35.0,153.0,6,blockchain,9,50000000.0,N/A,N/A,0.25,2174,0,6394,0.68,N/A,0.689,10089800,0.06,-0.1,-1.64,-1.64,-0.511,-4.5
cube,16 Feb 2018,15 Mar 2018,27.0,80.0,4,saas,12,N/A,N/A,N/A,N/A,1637,0,5956,0.26,N/A,0.0,6757530,-0.13,0.0,0.04,0.04,-0.125,-3.5
apex,01 Jan 2018,28 Jan 2018,27.0,126.0,12,other,N/A,25000000.0,N/A,N/A,0.16,15931,0,N/A,0.4,N/A,0.055,9262900,0.4,3.21,6.42,6.42,-0.447,-7.5
crypto20,16 Oct 2017,30 Nov 2017,45.0,187.0,1,fintech,6,37698373.0,75000000.0,0.5,1.1,N/A,6,9575,0.0,N/A,N/A,N/A,N/A,N/A,N/A,N/A,N/A,-0.67
pillar,15 Jul 2017,17 Jul 2017,2.0,321.0,4,saas,30,20000000.0,N/A,N/A,0.1,755,0,12581,N/A,N/A,-0.256,101274,0.24,0.07,1.03,1.03,-0.152,-5.0
tokenpay,7 Dec 2017,17 Jan 2018,41.0,137.0,7,blockchain,10,24243811.0,N/A,N/A,5.46,12,0,N/A,N/A,N/A,-0.626,1515520,0.43,3.43,6.86,6.86,-0.363,-8.5
ethlend,25 Nov 2017,30 Nov 2017,5.0,185.0,5,blockchain,25,16200000.0,N/A,N/A,0.02,N/A,0,45949,0.5,N/A,-0.069,728686,0.43,0.26,4.09,4.09,-0.297,-7.5
bread,16 Dec 2017,24 Dec 2017,8.0,161.0,6,blockchain,6,32000000.0,20000000.0,1.0,0.79,N/A,0,53939,0.6,N/A,1.392,56455400,0.23,-0.03,-0.47,-0.47,-0.063,-5.5
telcoin,11 Dec 2017,30 Dec 2017,19.0,155.0,8,blockchain,19,25000000.0,25000000.0,1.0,0.001,20999,0,25009,0.4,N/A,5.031,842193,0.04,-0.05,-0.81,-0.81,-0.287,-8.0
zebi,05 Mar 2018,31 Mar 2018,26.0,64.0,7,fintech,17,10000000.0,N/A,N/A,0.0333,15242,0,16269,0.46,N/A,2.483,5412550,0.14,1.11,2.22,2.22,-0.314,-7.5
red-pulse,8 Oct 2017,8 Oct 2017,0.0,238.0,3,fintech,11,15000000.0,N/A,N/A,0.03,6387,0,32651,N/A,N/A,0.849,5395350,-0.05,0.23,3.57,3.57,-0.243,-8.5
airswap,10 Oct 2017,10 Nov 2017,31.0,205.0,12,other,14,N/A,N/A,N/A,N/A,8009,0,N/A,N/A,N/A,0.0,3654270,-0.15,0.06,0.95,0.95,-0.067,-7.0
adex,30 Jun 2017,30 Jun 2017,0.0,338.0,2,fintech,16,10000000.0,N/A,1.0,0.24,4559,0,55918,N/A,N/A,3.5,6138100,-0.44,-3.48,-6.96,-6.96,-0.05,-6.0
medibloc,27 Nov 2017,15 Dec 2017,18.0,170.0,7,saas,17,30000000.0,N/A,N/A,0.009,5566,0,10627,0.6,N/A,1.209,645796,0.53,0.13,1.99,1.99,-0.383,-5.5
paypie,15 Oct 2017,16 Oct 2017,1.0,230.0,1,saas,11,26000000.0,N/A,N/A,0.37,4231,0,7700,N/A,N/A,-0.02,256062,0.06,0.15,2.35,2.35,0.009,-25.0
babb,6 Feb 2018,6 Mar 2018,28.0,89.0,4,fintech,13,20000000.0,N/A,N/A,0.0,14279,0,10136,0.66,N/A,0.0,286765,-0.01,0.23,3.64,3.64,-0.369,-3.5
eidoo,4 Oct 2017,16 Oct 2017,12.0,230.0,6,saas,5,28000000.0,N/A,N/A,2.3,5410,0,25470,N/A,N/A,0.035,39128,-0.02,0.15,2.37,2.37,-0.163,-7.5
edgeless,28 Feb 2017,21 Mar 2017,21.0,439.0,12,saas,0,2000000.0,N/A,N/A,0.04,1253,0,39740,N/A,N/A,-0.23,18692,0.26,0.18,2.87,2.87,0.031,-5.0
banca,26 Feb 2018,26 Feb 2018,0.0,97.0,7,other,17,20000000.0,20000000.0,1.0,0.002,9028,0,7004,0.42,N/A,-0.655,856596,0.06,0.27,4.21,4.21,-0.722,-3.0
singulardtv,2 Oct 2016,2 Oct 2016,0.0,609.0,1,saas,0,7500000.0,N/A,N/A,0.02,288,0,36487,N/A,N/A,-0.067,165271,-0.14,-0.11,-1.72,-1.72,-0.098,-7.0
district0x,18 Jul 2017,1 Aug 2017,14.0,306.0,1,saas,8,9000000.0,N/A,N/A,0.02,N/A,0,58666,N/A,N/A,-0.22,30593,0.46,0.16,2.56,2.56,-0.163,-8.0
wings,18 Nov 2016,6 Jan 2017,49.0,513.0,6,saas,14,1706156.0,N/A,0.75,0.03,N/A,0,637,N/A,N/A,-0.287,1601,0.34,0.21,3.4,3.4,-0.019,-6.0
wepower,1 Feb 2018,2 Feb 2018,1.0,121.0,7,saas,20,40000000.0,40000000.0,1.0,0.13,51861,0,35743,0.84,N/A,0.35,782690,-0.0,-0.04,-0.7,-0.7,-0.038,-1.0
wabi,28 Nov 2017,1 Dec 2017,3.0,184.0,2,ecommerce,10,11500000.0,11500000.0,1.0,0.25,8429,0,34783,0.42,N/A,4.56,26744800,0.21,0.1,1.56,1.56,-0.176,-8.0
minexcoin,15 May 2017,13 Jun 2017,29.0,355.0,12,fintech,N/A,N/A,N/A,N/A,N/A,2984,0,N/A,N/A,N/A,0.0,17365,0.51,0.32,5.01,5.01,0.076,-1.0
ins-ecosystem,04 Dec 2017,25 Dec 2017,21.0,160.0,2,other,11,45253000.0,N/A,N/A,N/A,17599,0,N/A,0.86,N/A,0.0,373749,-0.06,-0.1,-1.55,-1.55,-0.259,-4.5
odyssey,21 Jan 2018,22 Jan 2018,1.0,132.0,7,blockchain,21,50000000.0,N/A,N/A,0.0119,14190,0,840,0.54,N/A,1.093,12284200,0.09,0.01,0.2,0.2,-0.161,-17.0
appcoins,13 Dec 2017,20 Dec 2017,7.0,165.0,7,saas,18,15300000.0,15300000.0,1.0,0.1,11810,0,27212,0.58,N/A,34.3,124119000,-0.07,-0.12,-1.97,-1.97,-0.107,-1.5
tokenomy,15 Jan 2018,5 Feb 2018,21.0,118.0,12,blockchain,17,22869000.0,N/A,N/A,0.18,2263,0,43,0.64,N/A,1.3,2372070,-0.57,-0.12,-1.94,-1.94,-0.022,-10.0
tokencard,2 May 2017,2 May 2017,0.0,397.0,4,fintech,8,12782000.0,N/A,1.0,0.54,3,0,18781,N/A,N/A,0.926,416619,0.06,0.01,0.19,0.19,-0.104,-9.0
utrust,2 Nov 2017,20 Nov 2017,18.0,195.0,6,saas,26,20000000.0,21000000.0,0.95,0.07,4894,0,28163,0.92,N/A,1.993,3956620,0.34,0.08,1.25,1.25,-0.545,-5.5
tierion,27 Jul 2017,28 Jul 2017,1.0,310.0,1,saas,11,25000000.0,N/A,N/A,0.07,N/A,0,N/A,0.94,N/A,2.332,1142210,-0.11,-0.15,-2.38,-2.38,-0.242,-4.0
havven,28 Feb 2018,7 Mar 2018,7.0,88.0,9,blockchain,27,30000000.0,30000000.0,1.0,0.5,N/A,0,10789,0.26,N/A,-0.039,1203240,-0.09,0.12,1.92,1.92,-0.121,-9.0
wagerr,1 Jun 2017,25 Jun 2017,24.0,343.0,10,saas,6,10000000.0,N/A,N/A,0.06,N/A,0,17053,N/A,N/A,0.141,120805,0.14,0.12,1.87,1.87,-0.231,-1.0
legolas-exchange,1 Feb 2018,15 Feb 2018,14.0,108.0,5,blockchain,9,18856000.0,N/A,N/A,N/A,N/A,0,11645,N/A,N/A,0.0,682912,-0.21,-0.02,-0.3,-0.3,-0.226,-3.0
datx,11 Feb 2018,11 Mar 2018,28.0,84.0,7,other,9,N/A,N/A,N/A,0.0353,26236,0,47273,0.46,N/A,-0.22,612568,-0.28,0.09,1.45,1.45,0.301,-3.0
decentbet,21 Sep 2017,19 Oct 2017,28.0,229.0,12,other,N/A,N/A,N/A,N/A,0.1,N/A,34,N/A,0.0,N/A,N/A,N/A,N/A,N/A,N/A,N/A,N/A,0.616
naga,1 Dec 2017,15 Dec 2017,14.0,170.0,12,fintech,28,50020960.0,400000000.0,0.13,1.0,N/A,0,25,N/A,N/A,0.55,3010670,0.22,0.03,0.47,0.47,-0.049,-3.0
modum,1 Sep 2017,22 Oct 2017,51.0,224.0,6,saas,17,1050000.0,N/A,N/A,1.0,2324,0,14281,0.4,N/A,-0.373,119265,0.35,0.25,3.9,3.9,-0.157,-6.0
zeepin,17 Jan 2018,17 Jan 2018,0.0,137.0,12,other,N/A,62600000.0,N/A,N/A,0.17,20549,0,N/A,0.86,N/A,0.155,14383200,-0.01,-0.1,-1.55,-1.55,-0.225,-10.5
datawallet,5 Feb 2018,7 Mar 2018,30.0,88.0,1,other,13,40000000.0,30000000.0,1.0,0.18,6270,0,5647,0.42,N/A,-0.226,122971,-0.14,-0.14,-2.24,-2.24,0.321,-9.5
bitrent,1 Dec 2017,31 Mar 2018,120.0,64.0,4,saas,19,14627210.0,N/A,N/A,0.06,12901,0,6432,0.74,N/A,-0.336,156399,0.27,0.05,0.75,0.75,-0.032,-1.0
presearch,25 Jul 2017,31 Oct 2017,98.0,215.0,1,saas,10,16000000.0,N/A,N/A,0.25,N/A,0,1169,N/A,N/A,-0.151,98499,0.26,0.13,2.08,2.08,0.153,-13.5
qlink,27 Dec 2017,27 Jan 2018,31.0,127.0,7,transportation,14,19000000.0,N/A,N/A,0.1,9445,0,334,0.64,N/A,1.901,9911000,0.18,0.03,0.42,0.42,-0.406,-6.5
mobilego,25 Apr 2017,25 May 2017,30.0,374.0,1,saas,6,53000000.0,N/A,N/A,0.76,2558,0,316,N/A,N/A,2.539,187166,-0.05,-0.01,-0.2,-0.2,-0.143,-4.5
lunyr,29 Mar 2017,28 Apr 2017,30.0,401.0,1,saas,3,3400000.0,N/A,N/A,1.61,N/A,0,33531,N/A,N/A,0.59,309766,0.07,0.08,1.22,1.22,-0.21,-4.5
etherparty,1 Oct 2017,29 Oct 2017,28.0,217.0,1,blockchain,26,33000000.0,N/A,N/A,0.1,6072,0,2,0.68,N/A,-0.565,180346,0.13,0.24,3.75,3.75,0.022,-12.0
yoyow,21 May 2017,24 May 2017,3.0,375.0,3,saas,N/A,4364760.0,N/A,0.3,0.02,3287,0,N/A,N/A,N/A,5.154,8194,-0.04,-0.01,-0.09,-0.09,-0.003,-4.5
decent,11 Sep 2016,6 Nov 2016,56.0,574.0,6,telecommunications,31,15000000.0,N/A,N/A,N/A,N/A,0,29919,N/A,N/A,0.0,121,0.2,0.17,2.72,2.72,0.155,-4.5
cashaa,6 Nov 2017,6 Dec 2017,30.0,179.0,4,fintech,11,18530000.0,N/A,N/A,0.1,7579,0,388,0.58,N/A,0.182,34753,-0.23,-0.13,-2.14,-2.14,0.198,10.5
universa,27 Oct 2017,27 Nov 2017,31.0,188.0,2,saas,25,28800000.0,99000000.0,0.29,0.01,14255,0,1124,0.62,N/A,4.161,763454,-0.49,-0.13,-1.99,-1.99,-0.294,-6.5
odem,17 Feb 2018,18 Mar 2018,29.0,77.0,6,social services,12,4000000.0,N/A,N/A,N/A,N/A,0,3098,N/A,N/A,0.0,18548,0.47,3.75,7.5,7.5,0.469,-0.5
taas,27 Mar 2017,28 Apr 2017,32.0,401.0,7,fintech,4,7500000.0,N/A,0.74,1.0,N/A,0,141,N/A,N/A,-0.18,1571,0.08,0.22,3.54,3.54,0.054,-7.0
cobinhood,13 Sep 2017,22 Oct 2017,39.0,224.0,12,blockchain,5,13200000.0,N/A,N/A,0.07,12266,0,45237,0.2,N/A,-0.262,41446,0.22,0.25,3.91,3.91,0.157,-9.0
alphacat,12 Jan 2018,12 Jan 2018,0.0,142.0,12,fintech,N/A,N/A,N/A,N/A,N/A,8663,0,N/A,N/A,N/A,0.0,474748,-0.19,-0.07,-1.14,-1.14,-0.091,2.0
coss,8 Aug 2017,6 Sep 2017,29.0,270.0,7,saas,24,3200000.0,N/A,N/A,0.56,N/A,0,197,0.48,N/A,-0.919,116130,0.39,0.12,1.9,1.9,0.093,3.0
melon,15 Feb 2017,16 Feb 2017,1.0,472.0,6,other,2,N/A,N/A,N/A,N/A,42,0,N/A,N/A,N/A,0.0,57957,0.21,0.07,1.13,1.13,-0.098,-3.5
datum,29 Oct 2017,29 Nov 2017,31.0,186.0,6,saas,19,7200000.0,N/A,N/A,0.02,7966,0,36502,0.34,N/A,0.397,160521,0.6,0.18,2.92,2.92,-0.116,-5.0
viberate,5 Sep 2017,5 Sep 2017,0.0,271.0,5,entertainment,34,10714285.0,N/A,1.0,0.1,5606,0,32874,0.56,N/A,1.75,1490480,-0.19,-0.08,-1.24,-1.24,-0.157,-6.5
medicalchain,1 Feb 2018,1 Feb 2018,0.0,124.0,4,insurance services,10,23991953.0,24000000.0,1.0,0.2,26990,11,15703,0.0,N/A,N/A,N/A,N/A,N/A,N/A,N/A,N/A,-1.107
refereum,12 Feb 2018,12 Mar 2018,28.0,83.0,1,saas,14,40000000.0,N/A,N/A,0.01,99846,0,54068,0.32,N/A,1.043,1161020,-0.26,-0.04,-0.56,-0.56,0.032,-4.5
propy,15 Aug 2017,15 Sep 2017,31.0,261.0,1,real estate,11,15077000.0,N/A,0.15,1.0,N/A,0,N/A,0.98,N/A,-0.255,26854,-0.1,-0.03,-0.52,-0.52,-0.048,-3.5
humaniq,6 Apr 2017,27 Apr 2017,21.0,402.0,4,saas,19,5163000.0,N/A,N/A,0.06,N/A,0,30580,N/A,N/A,0.178,420384,0.19,0.13,2.0,2.0,0.038,-1.0
bloom,30 Nov 2017,1 Jan 2018,32.0,155.0,1,saas,11,41420705.0,80500000.0,0.51,0.7,13588,4,440,0.0,N/A,N/A,N/A,N/A,N/A,N/A,N/A,N/A,-1.847
firstblood,25 Sep 2016,26 Sep 2016,1.0,615.0,1,blockchain,13,5500000.0,N/A,N/A,0.08,14,0,31584,N/A,N/A,0.991,1255030,-0.2,-0.23,-3.61,-3.61,0.127,-6.0
bankex,28 Nov 2017,28 Dec 2017,30.0,157.0,1,fintech,9,70600000.0,140000.0,1.0,1.47,6275,0,7662,0.82,N/A,0.932,371912,-0.43,-0.22,-3.5,-3.5,-0.125,-5.5
stk,31 Jan 2018,14 Feb 2018,14.0,109.0,1,blockchain,16,17000000.0,N/A,N/A,0.2,7273,0,10033,N/A,N/A,0.262,12919500,-0.23,-0.23,-3.68,-3.68,-0.296,-11.0
mothership,7 Jul 2017,21 Jul 2017,14.0,317.0,5,saas,10,5406897.0,N/A,0.7,0.04,N/A,0,484,0.6,N/A,0.006,88727,0.49,0.24,3.74,3.74,-0.054,-3.0
stox,2 Aug 2017,4 Aug 2017,2.0,303.0,7,fintech,20,33000000.0,N/A,1.0,1.1,8984,0,13618,0.48,N/A,0.1,1294120,0.4,0.04,0.7,0.7,-0.088,-5.5
hive-project,3 Jul 2017,14 Aug 2017,42.0,293.0,5,fintech,18,8949421.0,N/A,N/A,0.02,N/A,0,3043,0.82,N/A,0.045,216,0.17,0.12,1.84,1.84,-0.045,-11.0
suncontract,28 Jun 2017,1 Aug 2017,34.0,306.0,5,energy,31,2000000.0,N/A,N/A,0.02,2,0,15081,0.76,N/A,1.128,35660,0.05,0.14,2.3,2.3,0.089,-6.5
cofound.it,31 May 2017,07 Jun 2017,7.0,370.0,5,fintech,9,14820030.0,12500000.0,1.0,0.12,1093,6,N/A,0.0,N/A,N/A,N/A,N/A,N/A,N/A,N/A,N/A,-0.5
synereo,18 Sep 2016,18 Oct 2016,30.0,593.0,12,saas,0,4700000.0,38.0,1.0,0.19,N/A,0,26675,N/A,N/A,-0.988,241,0.23,0.24,3.83,3.83,-0.096,-7.0
adtoken,26 Jun 2017,26 Jun 2017,0.0,342.0,12,saas,N/A,10000000.0,N/A,N/A,0.02,N/A,0,6576,N/A,N/A,2.26,334,-0.07,0.05,0.87,0.87,-0.239,-4.0
everex,24 Jul 2017,31 Aug 2017,38.0,276.0,7,fintech,9,26700000.0,N/A,N/A,2.13,4651,0,14027,N/A,N/A,-0.103,1389230,0.12,0.04,0.62,0.62,0.108,-4.0
sentinel-chain,1 Mar 2018,10 Mar 2018,9.0,85.0,7,fintech,23,14400000.0,14400000.0,1.0,0.08,9410,0,4032,0.36,N/A,-0.184,1945280,0.52,4.14,8.29,8.29,-0.094,-7.0
chronobank,15 Dec 2016,15 Feb 2017,62.0,473.0,2,saas,1,5400000.0,N/A,N/A,10.0,N/A,0,19791,N/A,N/A,-0.06,42133,-0.26,0.03,0.44,0.44,-0.153,-68.5
lamden,1 Dec 2017,3 Jan 2018,33.0,151.0,6,fintech,15,10000000.0,10000000.0,1.0,0.091,9198,0,N/A,0.36,N/A,6.346,937600,0.03,-0.05,-0.83,-0.83,-0.338,-17.0
karma,29 Nov 2017,15 Dec 2017,16.0,170.0,2,fintech,15,10000000.0,10000000.0,1.0,0.01,1226,0,4208,0.44,N/A,5.911,150439,-0.01,-0.17,-2.67,-2.67,-0.365,21.0
dmarket,14 Nov 2017,01 Dec 2017,17.0,184.0,2,entertainment,4,19069000.0,N/A,N/A,0.18,1127,0,7220,0.68,N/A,4.398,18992,-0.03,0.06,1.02,1.02,0.118,-3.0
polybius,31 May 2017,30 Jun 2017,30.0,338.0,5,fintech,11,31000000.0,N/A,0.15,10.0,3547,0,9,N/A,N/A,-0.192,506294,-0.02,0.07,1.03,1.03,-0.364,-4.5
unibright,20 Apr 2018,20 May 2018,30.0,14.0,5,fintech,13,12604551.0,13542375.0,0.93,0.14,10419,0,5243,0.24,N/A,0.384,2400200,-0.72,-1.24,-2.49,-2.49,-1.284,-10.0
morpheus-network,22 Mar 2018,22 Apr 2018,31.0,42.0,12,other,12,7500000.0,18000000.0,0.42,0.5,11928,0,5621,0.64,N/A,-0.193,193829,1.14,1.97,3.94,3.94,0.01,3.5
dadi,29 Jan 2018,29 Jan 2018,0.0,125.0,4,fintech,15,28750000.0,28750000.0,1.0,0.5,22236,0,30927,0.38,N/A,-0.112,2381560,-0.21,-0.05,-0.8,-0.8,0.025,-3.5
monetha,31 Aug 2017,31 Aug 2017,0.0,276.0,5,fintech,11,37000000.0,N/A,1.0,0.19,4658,0,18938,0.68,N/A,0.502,2743890,-0.15,-0.11,-1.76,-1.76,-0.165,-4.5
aeron,19 Sep 2017,30 Oct 2017,41.0,216.0,10,transportation,11,56888532.0,N/A,N/A,0.5,19721,0,29747,0.5,N/A,-0.189,8757,0.13,0.16,2.58,2.58,0.116,-7.5
matchpool,2 Apr 2017,4 Apr 2017,2.0,427.0,12,saas,7,5800000.0,N/A,N/A,0.1,2218,12,N/A,0.0,N/A,N/A,N/A,N/A,N/A,N/A,N/A,N/A,0.393
agrello,16 Jul 2017,17 Aug 2017,32.0,292.0,5,saas,13,30100000.0,43200000.0,0.7,0.56,4819,2,14799,0.0,N/A,N/A,N/A,N/A,N/A,N/A,N/A,N/A,-1.107
maecenas,7 Sep 2017,8 Oct 2017,31.0,238.0,4,saas,8,15750000.0,N/A,N/A,0.64,N/A,0,2275,0.38,N/A,-0.279,11868,0.09,0.17,2.68,2.68,-0.231,-18.5
daostack,01 May 2018,07 Jun 2018,37.0,-4.0,7,transportation,9,8000000.0,30000000.0,0.27,1.0,24392,0,5712,0.32,N/A,0.31,1927100,-0.36,-2.88,-5.75,-5.75,0.458,-8.5
uptoken,16 Oct 2017,15 Dec 2017,60.0,170.0,1,fintech,9,18934021.0,100000000.0,0.19,0.1,21,0,3025,N/A,N/A,2.021,21597500,-0.43,-0.08,-1.21,-1.21,0.819,-3.5
dimcoin,1 Jul 2017,27 Aug 2017,57.0,280.0,11,fintech,N/A,14005746.0,N/A,N/A,0.01,3081,0,N/A,0.68,N/A,23.562,1409400,-0.49,-0.22,-3.44,-3.44,0.118,-1.5
bitclave,29 Nov 2017,29 Nov 2017,0.0,186.0,1,saas,19,25500000.0,25500000.0,1.0,0.1,7053,0,22627,0.66,N/A,0.505,957302,0.12,-0.01,-0.23,-0.23,-0.005,-2.5
blocktix,7 Jul 2017,25 Jul 2017,18.0,313.0,5,entertainment,7,6981328.0,7500000.0,0.93,0.24,N/A,0,5965,N/A,N/A,-0.174,11878,0.29,0.07,1.17,1.17,0.052,-5.0
incent,1 Sep 2016,1 Sep 2016,0.0,640.0,9,blockchain,7,1000000.0,N/A,N/A,0.1,N/A,0,13232,N/A,N/A,-0.918,43,0.22,0.14,2.19,2.19,-0.027,0.5
cappasity,22 Feb 2018,22 Mar 2018,28.0,73.0,1,saas,5,2301451.0,20000000.0,0.12,0.01,58839,0,37586,0.62,N/A,2.315,887638,0.12,0.17,2.68,2.68,0.469,-3.0
peerplays,26 Feb 2017,14 May 2017,77.0,385.0,1,entertainment,7,5000000.0,N/A,N/A,4.6,1441,0,5443,N/A,N/A,1.446,10275,0.25,0.07,1.13,1.13,-0.347,29.0
carvertical,26 Dec 2017,4 Apr 2018,99.0,60.0,5,saas,20,6256586.0,N/A,N/A,0.0055,13365,0,N/A,N/A,N/A,1.65,451064,-0.05,-0.07,-1.18,-1.18,-0.734,-4.0
sharder,22 Feb 2018,22 Mar 2018,28.0,73.0,12,other,N/A,N/A,N/A,N/A,0.044,10639,0,N/A,0.26,N/A,1.315,3209300,-0.17,-1.36,-2.71,-2.71,-0.422,-3.0
envion,15 Dec 2017,14 Jan 2018,30.0,140.0,6,blockchain,12,10001227.0,105000000.0,0.1,1.0,22288,0,21263,0.66,N/A,-0.036,168394,-0.22,-0.13,-2.0,-2.0,-0.294,-4.0
lala-world,5 Jan 2018,5 Feb 2018,31.0,118.0,7,saas,5,20000000.0,N/A,N/A,0.13,824,0,10035,0.34,N/A,-0.253,28433,-0.44,0.0,0.04,0.04,0.225,-5.5
indahash,29 Nov 2017,20 Dec 2017,21.0,165.0,5,saas,15,42000000.0,76800000.0,0.55,0.24,11698,0,9842,0.84,N/A,1.561,3113160,-0.2,-0.11,-1.73,-1.73,-0.327,-11.0
covesting,24 Nov 2017,15 Jan 2018,52.0,139.0,7,saas,12,33241750.0,N/A,N/A,2.56,8956,0,10107,0.82,N/A,0.207,328108,-0.21,-0.12,-1.95,-1.95,-0.247,-4.5
sureremit,10 Jan 2018,10 Feb 2018,31.0,113.0,1,saas,11,10000000.0,10000000.0,1.0,1.0,2052,0,4417,0.34,N/A,-0.963,35294,-0.22,0.02,0.31,0.31,-0.559,-6.0
selfkey,14 Jan 2018,14 Jan 2018,0.0,140.0,7,fintech,48,21780000.0,21780000.0,1.0,0.02,11338,0,0,0.74,N/A,2.327,31248100,-0.52,-0.26,-4.06,-4.06,-0.261,-2.5
blockport,27 Jan 2018,31 Jan 2018,4.0,127.0,12,other,N/A,15000000.0,N/A,N/A,N/A,28427,0,N/A,0.42,N/A,0.0,1024180,-0.0,0.07,1.04,1.04,-0.183,4.5
coinpoker,19 Jan 2018,26 Jan 2018,7.0,128.0,7,entertainment,15,52712179.0,N/A,N/A,0.05,4876,0,5219,0.86,N/A,0.95,350963,-0.38,-0.01,-0.18,-0.18,-0.515,3.0
quantum,15 Apr 2017,15 May 2017,30.0,384.0,5,blockchain,5,4122700.0,N/A,N/A,0.05,N/A,0,9193,N/A,N/A,5.732,136233,0.19,0.06,0.93,0.93,-0.076,-8.5
hubii-network,17 Aug 2017,31 Aug 2017,14.0,276.0,7,other,15,6500000.0,N/A,N/A,N/A,N/A,0,4596,N/A,N/A,0.0,N/A,N/A,N/A,N/A,N/A,N/A,N/A
lendingblock,15 Apr 2018,22 Apr 2018,7.0,42.0,4,blockchain,6,10000000.0,10000000.0,1.0,0.02,7743,0,6107,0.4,N/A,0.548,458040,-0.24,-1.88,-3.76,-3.76,-0.497,-6.5
wetrust,2 Mar 2017,14 Apr 2017,43.0,417.0,1,saas,9,4978366.0,N/A,N/A,0.06,N/A,5,10,0.0,N/A,N/A,N/A,N/A,N/A,N/A,N/A,N/A,1.261
bounty0x,1 Dec 2017,15 Dec 2017,14.0,170.0,12,saas,8,N/A,10000000.0,N/A,0.04,N/A,0,14472,N/A,N/A,0.899,1059090,0.37,0.13,2.06,2.06,0.689,-6.0
investfeed,23 Jul 2017,7 Aug 2017,15.0,300.0,1,saas,11,3400000.0,N/A,N/A,0.0,N/A,0,N/A,N/A,N/A,0.0,78892,0.1,0.1,1.55,1.55,-0.331,-3.0
worldcore,14 Oct 2017,15 Dec 2017,62.0,170.0,5,saas,14,25000000.0,100000000.0,0.25,0.1,3034,0,N/A,0.52,N/A,0.146,151573,0.41,0.14,2.23,2.23,0.08,-5.0
leadcoin,1 Mar 2018,11 Mar 2018,10.0,84.0,7,fintech,17,50000000.0,50000000.0,1.0,0.08,11596,0,1385,0.36,N/A,0.487,6963540,-0.02,-0.0,-0.0,-0.0,-0.215,-8.5
encrypgen,1 Jun 2017,18 Jul 2017,47.0,320.0,1,saas,7,10000005.0,N/A,N/A,0.03,N/A,0,4634,N/A,N/A,0.928,22870,0.44,0.24,3.78,3.78,-0.123,-11.5
mysterium,30 May 2017,30 May 2017,0.0,369.0,1,saas,8,13325693.0,N/A,N/A,0.89,2660,0,11968,N/A,N/A,1.461,1632900,-0.13,0.03,0.43,0.43,-0.259,-4.5
ip-exchange,28 Feb 2018,05 Mar 2018,5.0,90.0,12,saas,N/A,7904000.0,N/A,N/A,N/A,6390,0,N/A,0.48,N/A,0.0,539393,0.11,0.07,1.08,1.08,0.169,-1.5
helbiz,15 Feb 2018,4 Mar 2018,17.0,91.0,7,fintech,13,38646754.0,N/A,N/A,0.14,2106,0,37312,0.44,N/A,-0.907,756160,0.16,1.31,2.61,2.61,0.606,-8.5
aventus,6 Sep 2017,6 Sep 2017,0.0,270.0,4,entertainment,7,18780000.0,18800000.0,1.0,3.66,255,0,N/A,0.6,N/A,0.202,950718,-0.32,-0.01,-0.18,-0.18,0.081,-4.0
dovu,3 Oct 2017,17 Oct 2017,14.0,229.0,4,saas,6,6644682.0,28400000.0,0.23,0.11,125,0,N/A,0.54,N/A,-0.169,106502,0.09,0.14,2.24,2.24,0.303,-12.5
aidcoin,16 Jan 2018,1 Feb 2018,16.0,122.0,6,blockchain,36,18632900.0,18600000.0,1.0,0.65,4385,0,3101,N/A,N/A,0.236,1717320,-0.36,-0.23,-3.59,-3.59,-0.128,0.0
spectiv,8 Dec 2017,31 Dec 2017,23.0,156.0,1,entertainment,8,7605767.0,10600000.0,0.72,0.5,N/A,4,3278,0.0,N/A,N/A,N/A,N/A,N/A,N/A,N/A,N/A,-5.477
connectjob,12 Feb 2018,30 Apr 2018,77.0,34.0,7,saas,24,10437623.0,12000000.0,0.87,0.25,7852,0,6378,0.62,N/A,-0.604,173329,-0.35,-2.76,-5.52,-5.52,0.074,-7.0
adshares,7 Jul 2017,12 Jan 2018,189.0,142.0,12,fintech,2,11900000.0,N/A,N/A,5.26,1130,0,2245,0.3,N/A,-0.927,7590,0.19,0.09,1.48,1.48,-0.028,-11.0
atbcoin,15 Jul 2017,13 Sep 2017,60.0,263.0,12,other,N/A,20400000.0,N/A,N/A,0.9,2156,0,N/A,0.66,N/A,0.289,558166,-0.08,-0.02,-0.26,-0.26,-0.078,-0.5
ink-protocol,01 Feb 2018,28 Feb 2018,27.0,95.0,1,blockchain,14,15000000.0,15000000.0,1.0,0.13,10353,0,N/A,0.42,N/A,-0.303,280064,-0.21,-0.04,-0.66,-0.66,-0.141,-0.5
alis,1 Sep 2017,1 Oct 2017,30.0,245.0,8,saas,5,3705000.0,35600000.0,0.1,0.15,N/A,0,1753,0.6,N/A,0.413,337890,0.2,0.18,2.92,2.92,-0.1,-4.0
insights-network,28 Jan 2018,14 Feb 2018,17.0,109.0,7,blockchain,3,17376260.0,17400000.0,1.0,0.15,20936,0,N/A,0.3,N/A,-0.051,693393,-0.33,-0.04,-0.71,-0.71,-0.076,-5.5
eroscoin,11 Oct 2017,15 Nov 2017,35.0,202.0,12,other,7,N/A,N/A,N/A,0.05,N/A,3,N/A,1.938,8548340,0.08,-0.07,-1.15,-1.22,0.011,-1.759,-0.003,-4.818
commerceblock,28 Nov 2017,19 Dec 2017,21.0,166.0,4,fintech,7,8820470.0,25000000.0,0.35,0.06,1770,0,260,N/A,N/A,-0.338,85105,0.17,1.32,2.64,2.64,-0.738,-6.5
bitcrystals,4 Aug 2015,3 Sep 2015,30.0,1004.0,6,blockchain,7,20510.0,N/A,0.14,0.02,N/A,0,6102,N/A,N/A,-0.131,5586,-0.06,0.09,1.43,1.43,-0.066,-5.0
target-coin,15 Jul 2017,31 Aug 2017,47.0,276.0,12,blockchain,4,20711412.0,N/A,0.3,0.05,N/A,0,1625,0.4,N/A,-0.164,69996,0.03,0.09,1.46,1.46,-0.24,5.0
sportyco,21 Nov 2017,8 Dec 2017,17.0,177.0,5,fintech,19,5087896.0,16000000.0,0.32,0.12,12370,0,8910,N/A,N/A,0.812,31692,0.0,0.07,1.16,1.16,0.086,-11.0
airtoken,19 Sep 2017,19 Oct 2017,30.0,227.0,1,telecommunications,14,15000000.0,15000000.0,1.0,0.02,837,0,6303,0.72,N/A,-0.313,303295,-0.25,0.02,0.38,0.38,0.03,5.0
linker-coin,25 Nov 2017,31 Dec 2017,36.0,154.0,6,blockchain,20,10133235.0,10100000.0,1.0,0.22,2255,0,N/A,N/A,N/A,-0.588,164191,0.02,0.18,0.36,0.36,-0.098,-11.5
peculium,21 Dec 2017,24 Jan 2018,34.0,130.0,5,fintech,52,9917634.0,2000000.0,1.0,0.01,N/A,0,16197,0.64,N/A,-0.583,69616,0.0,0.05,0.78,0.78,0.152,6.0
travelflex,13 Dec 2017,11 Jan 2018,29.0,143.0,12,other,N/A,N/A,N/A,N/A,0.28,104,0,N/A,0.5,N/A,-0.267,29538,-0.18,-0.03,-0.52,-0.52,-0.064,-2.0
bitdice,15 Aug 2017,15 Sep 2017,31.0,261.0,10,other,1,8748793.0,25000000.0,0.35,0.1,737,0,3499,N/A,N/A,0.495,60084,0.1,0.18,2.83,2.83,-0.136,13.5
payfair,1 Nov 2017,30 Nov 2017,29.0,185.0,2,saas,8,18291.0,N/A,N/A,0.0,2762,0,2331,0.32,N/A,0.0,41498,0.16,0.22,3.56,3.56,0.668,-15.0
fidentiax,6 Nov 2017,5 Dec 2017,29.0,180.0,7,saas,8,1566283.0,2900000.0,0.54,0.93,2482,0,3906,0.22,N/A,-0.701,77268,0.26,0.07,1.06,1.06,-0.217,3.0
biocoin,1 Nov 2017,18 Feb 2018,109.0,105.0,2,other,18,16000000.0,15000000.0,1.0,16.0,324,0,1258,0.38,N/A,-0.999,41016,-0.11,-0.18,-2.92,-2.92,0.079,-3.0
jet8,28 Feb 2018,14 Mar 2018,14.0,81.0,7,telecommunications,51,32700000.0,36000000.0,0.91,0.0974,29449,0,2057,N/A,N/A,-0.683,871036,-0.47,-0.03,-0.4,-0.4,0.415,-6.5
privatix,19 Oct 2017,16 Nov 2017,28.0,199.0,12,saas,16,2391939.0,15000000.0,0.16,3.3,1934,0,706,0.48,N/A,-0.055,99333,0.11,0.15,2.41,2.41,-0.128,0.5
publica,1 Nov 2017,16 Nov 2017,15.0,199.0,1,saas,21,1046210.0,1000000.0,1.0,0.1,1517,0,2273,N/A,N/A,1.547,1317120,-0.07,0.18,2.82,2.82,-0.038,-6.5
fintrux-network,07 Feb 2018,28 Feb 2018,21.0,95.0,7,other,6,N/A,N/A,N/A,N/A,N/A,0,N/A,N/A,N/A,0.0,102017,-0.04,-0.35,-0.69,-0.69,0.229,12.0
fundrequest,20 Nov 2017,01 Dec 2017,11.0,184.0,5,blockchain,11,12121040.0,15000000.0,0.81,0.48,11577,0,13058,0.54,N/A,-0.491,55032,-2.4,-4.16,-8.32,-8.32,0.849,2.5
aditus,30 Nov 2017,19 Dec 2017,19.0,166.0,7,saas,15,7100193.0,22500000.0,0.32,0.05,13525,0,N/A,0.44,N/A,-0.735,300285,0.4,3.16,6.32,6.32,0.282,-7.0
amlt,11 Dec 2017,29 Jan 2018,49.0,125.0,12,blockchain,18,19042042.0,16000000.0,1.0,0.39,4962,0,6591,0.38,N/A,-0.798,263017,-0.16,-0.01,-0.1,-0.1,0.026,-7.5
clearcoin,16 Nov 2017,31 Mar 2018,135.0,64.0,1,other,17,4350000.0,N/A,N/A,0.01,25175,0,N/A,0.52,N/A,0.551,93524,0.07,0.54,1.08,1.08,0.472,-0.5
clearpoll,2 Oct 2017,26 Oct 2017,24.0,220.0,9,saas,9,N/A,1300000.0,N/A,0.13,890,0,120127,N/A,N/A,2.341,94539,-0.13,0.19,3.04,3.04,-0.129,-3.0
adhive,28 Feb 2018,14 Mar 2018,14.0,81.0,5,entertainment,17,17491749.0,17500000.0,1.0,0.17,16166,0,5535,0.82,N/A,-0.675,772548,0.12,0.93,1.86,1.86,-1.431,-3.0
real,31 Aug 2017,30 Sep 2017,30.0,246.0,7,real estate,4,10604571.0,33000000.0,0.32,1.38,2014,0,4500,0.52,N/A,-0.268,13785,0.0,-0.02,-0.34,-0.34,0.105,-5.0
b2bx,2 Oct 2017,17 Nov 2017,46.0,198.0,2,saas,22,8078602.0,29500000.0,0.27,0.74,1971,0,3959,N/A,N/A,1.378,144393,-0.29,0.02,0.3,0.3,-0.252,-18.5
viuly,1 Nov 2017,15 Nov 2017,14.0,200.0,5,entertainment,3,N/A,30000000.0,N/A,0.17,6625,0,6230,0.74,N/A,-0.967,14913,0.32,0.25,4.03,4.03,0.119,-6.0
voise,6 May 2017,6 Jun 2017,31.0,362.0,5,saas,N/A,64651.0,N/A,N/A,N/A,9055,0,23937,N/A,N/A,0.0,3629,0.29,0.2,3.11,3.11,-2.08,41.5
auctus,10 Apr 2018,20 Apr 2018,10.0,44.0,7,blockchain,12,3865575.0,3900000.0,0.99,0.28,8626,0,9707,0.72,N/A,1.642,1413630,0.16,1.29,2.59,2.59,0.121,-12.0
1world,5 Oct 2017,6 Nov 2017,32.0,209.0,1,blockchain,66,5000000.0,N/A,N/A,1.2,6943,0,7395,0.42,N/A,-0.657,357311,-0.08,-0.01,-0.12,-0.12,-0.223,6.5
zrcoin,11 May 2017,9 Jun 2017,29.0,359.0,2,blockchain,11,7000000.0,N/A,N/A,1.55,931,0,N/A,N/A,N/A,47.348,2303,0.08,0.03,0.5,0.5,-0.097,-3.5
opus,24 Jul 2017,24 Aug 2017,31.0,283.0,12,entertainment,11,5737250.0,20000000.0,0.29,0.04,1630,0,3648,0.86,N/A,0.299,37435,-0.08,-0.0,-0.01,-0.01,-0.102,15.0
tokes,2 Dec 2016,16 Jan 2017,45.0,503.0,1,blockchain,3,N/A,N/A,N/A,5.06,N/A,0,8521,N/A,N/A,-0.897,15471,0.25,0.19,2.96,2.96,-0.12,-1.5
dether,07 Feb 2018,07 Mar 2018,28.0,88.0,5,saas,8,13444650.0,13400000.0,1.0,0.23,6821,0,1281,0.5,N/A,-0.337,40103,-0.32,-0.11,-1.69,-1.69,0.575,-2.5
cryptopay,2 Oct 2017,30 Oct 2017,28.0,216.0,4,blockchain,3,18148220.0,64300000.0,0.28,0.31,361,0,8553,0.48,N/A,0.243,380453,0.1,0.07,1.04,1.04,-0.311,-15.5
atlant,7 Sep 2017,1 Nov 2017,55.0,214.0,2,real estate,12,6663530.0,69200000.0,0.1,0.57,5161,0,4047,0.56,N/A,-0.308,323580,-0.27,0.04,0.68,0.68,-0.221,-8.0
hoqu,27 Nov 2017,26 Feb 2018,91.0,97.0,4,fintech,5,18782400.0,33200000.0,0.57,0.17,14795,0,6137,0.84,N/A,-0.564,29097,-0.15,-0.04,-0.63,-0.63,0.045,-10.0
internxt,7 Sep 2017,28 Sep 2017,21.0,248.0,5,saas,5,220800.0,41000000.0,0.01,1.01,10566,0,0,N/A,N/A,2.129,294867,0.16,0.18,2.87,2.87,-0.083,-11.0
sether,15 Jan 2018,15 Jan 2018,0.0,139.0,5,saas,14,28000000.0,N/A,N/A,3.9,6925,0,10884,0.32,N/A,-0.672,46969,-0.1,-0.05,-0.81,-0.81,-0.258,4.0
lampix,9 Aug 2017,18 Aug 2017,9.0,289.0,1,saas,13,14200000.0,60000000.0,0.24,0.26,1663,0,3360,0.4,N/A,-0.634,29039,0.07,0.06,0.89,0.89,-0.12,-1.0
gatcoin,17 Dec 2017,5 Jan 2018,19.0,149.0,3,saas,17,14500000.0,14500000.0,1.0,0.2,3982,0,4359,0.54,N/A,-0.604,681451,-0.3,-0.23,-3.69,-3.69,-0.031,-8.0
invacio,12 Mar 2018,30 Apr 2018,49.0,34.0,4,fintech,15,1912074.0,30000000.0,0.06,1.0,12,0,4127,0.3,N/A,-0.857,336316,-1.82,-3.14,-6.29,-6.29,-2.623,-15.5
herocoin,14 Sep 2017,14 Oct 2017,30.0,232.0,5,other,7,2021034.0,16000000.0,0.13,0.0267,1952,0,N/A,0.52,N/A,-0.241,852325,0.3,0.16,2.55,2.55,-0.528,-6.0
vezt,4 Nov 2017,3 Dec 2017,29.0,182.0,1,entertainment,19,1378806.0,15000000.0,0.09,0.5,2831,0,5366,0.54,N/A,5.32,2379180,-0.14,-0.13,-2.04,-2.04,-0.545,3.5
eboost,13 Sep 2016,25 Oct 2016,42.0,588.0,12,other,N/A,N/A,N/A,N/A,0.2,N/A,0,N/A,0.0,N/A,N/A,N/A,N/A,N/A,N/A,N/A,N/A,-0.625
hellogold,28 Aug 2017,2 Oct 2017,35.0,244.0,12,saas,19,5208991.0,N/A,N/A,0.05,1500,0,1974,0.3,N/A,-0.516,28580,-0.0,0.14,2.29,2.29,-0.138,-23.5
starbase,9 Nov 2017,24 Nov 2017,15.0,191.0,8,saas,5,8842000.0,10000000.0,0.88,0.1,N/A,0,181,0.64,N/A,0.078,11977,0.31,0.15,2.32,2.32,1.811,0.0
cryptoping,25 May 2017,24 Jun 2017,30.0,344.0,12,saas,0,2742420.0,N/A,N/A,0.28,2,0,10431,N/A,N/A,0.425,407237,-0.19,0.03,0.48,0.48,-0.084,-2.5
autonio,22 Sep 2017,22 Oct 2017,30.0,224.0,12,fintech,9,N/A,10000000.0,N/A,0.1,4214,0,6761,N/A,N/A,-0.955,11004,0.36,0.27,4.26,4.26,-0.804,2.0
upfiring,3 Oct 2017,31 Oct 2017,28.0,215.0,12,saas,N/A,25848.0,N/A,N/A,0.05,N/A,0,N/A,0.38,N/A,7.382,362421,-0.26,0.21,3.33,3.33,-0.268,3.0
iungo,7 Dec 2017,31 Jan 2018,55.0,123.0,5,saas,14,45978800.0,46000000.0,1.0,1.15,10716,0,4968,0.72,N/A,-0.587,885373,-0.17,-0.2,-3.17,-3.17,-0.058,-9.0
experty,25 Jan 2018,25 Feb 2018,31.0,98.0,6,telecommunications,15,9468000.0,9500000.0,1.0,1.05,14003,0,15613,0.82,N/A,-0.373,1742640,-0.58,-0.12,-1.85,-1.85,-0.055,6.0
digipulse,1 Oct 2017,31 Oct 2017,30.0,215.0,5,other,6,N/A,N/A,N/A,1.21,25428,0,6216,N/A,N/A,-0.116,4092,0.12,0.24,3.77,3.77,-0.131,3.0
hush,02 May 2018,10 Jun 2018,39.0,-7.0,5,blockchain,12,N/A,N/A,0.0,0.817,627,0,776,0.54,N/A,-0.949,69,0.01,0.16,2.51,2.51,-0.123,-1.0
blockcat,15 Jul 2017,14 Aug 2017,30.0,293.0,1,saas,7,6284400.0,5000000.0,1.0,1.0,N/A,0,7861,0.42,N/A,0.08,28777,0.19,0.06,0.96,0.96,-0.192,-3.5
copytrack,10 Dec 2017,10 Feb 2018,62.0,113.0,5,fintech,4,11087368.0,62900000.0,0.18,1.19,8444,0,N/A,N/A,N/A,-0.648,85931,-0.1,-0.02,-0.35,-0.35,0.282,4.5
mywish,25 Oct 2017,25 Nov 2017,31.0,190.0,2,other,8,2670000.0,2700000.0,0.99,0.23,2353,0,4003,N/A,N/A,0.354,305113,0.14,0.18,2.8,2.8,0.27,-1.5
parkgene,15 Jan 2018,19 Mar 2018,63.0,76.0,7,fintech,5,24335000.0,35000000.0,0.7,0.1,6970,0,775,0.6,N/A,-0.874,58791,-0.13,-1.05,-2.1,-2.1,-0.53,11.5
verime,1 Mar 2018,31 Mar 2018,30.0,64.0,7,saas,18,21720000.0,30000000.0,0.72,0.165,39290,0,9019,0.48,N/A,-0.167,95404,-0.3,-2.41,-4.82,-4.82,-0.138,-2.0
chainium,25 Dec 2017,12 Jan 2018,18.0,142.0,5,fintech,6,3434946.0,5500000.0,0.62,0.0664,N/A,0,63,0.54,N/A,0.594,70198,0.07,0.52,1.04,1.04,0.673,-10.5
aigang,15 Nov 2017,15 Dec 2017,30.0,170.0,7,fintech,7,4228920.0,31100000.0,0.14,0.31,4698,0,7835,0.7,N/A,12.097,16206500,-0.22,-0.26,-4.06,-4.06,-0.224,-4.0
syncfab,15 Feb 2018,15 Mar 2018,28.0,80.0,1,saas,9,9155717.0,19700000.0,0.46,0.12,10146,0,N/A,0.58,N/A,-0.612,48703,0.02,0.14,0.28,0.28,-0.613,-6.0
reftoken,17 Nov 2017,17 Dec 2017,30.0,168.0,5,fintech,8,N/A,48000000.0,N/A,14.0,2871,0,4186,N/A,N/A,-0.506,129535,0.22,0.1,1.57,1.57,-0.112,6.5
fabric-token,15 Feb 2018,1 Apr 2018,45.0,63.0,5,blockchain,11,1035986.0,9000000.0,0.12,0.1125,5382,0,1525,0.42,N/A,-0.172,83004,1.54,2.67,5.33,5.33,-4.584,-18.0
authorship,15 Aug 2017,14 Sep 2017,30.0,262.0,1,telecommunications,1,N/A,7000000.0,N/A,0.04,156,0,11711,N/A,N/A,-0.287,12714,0.1,0.11,1.74,1.74,-0.106,-2.5
mercury-protocol,23 Oct 2017,23 Nov 2017,31.0,192.0,1,saas,16,4749479.0,20000000.0,0.24,0.043,737,0,5428,0.68,N/A,-0.07,42740,0.15,0.09,1.47,1.47,-0.046,6.0
bonpay,31 Oct 2017,28 Nov 2017,28.0,187.0,4,fintech,4,10000000.0,N/A,N/A,0.9,964,0,10037,N/A,N/A,1.144,4834,-0.02,0.0,0.04,0.04,-0.099,-21.0
ethorse,10 Jan 2018,17 Jan 2018,7.0,137.0,7,other,N/A,4800000.0,N/A,N/A,0.052,N/A,0,1286,0.34,N/A,1.613,523864,0.01,0.03,0.4,0.4,-0.081,-23.0
verify,29 Nov 2017,06 Dec 2017,7.0,179.0,7,saas,9,2500000.0,2500000.0,1.0,0.23,3545,0,508,N/A,N/A,1.44,803439,0.32,0.12,1.86,1.86,0.172,-6.0
daneel,29 Jan 2018,5 Mar 2018,35.0,90.0,5,fintech,15,2830400.0,16000000.0,0.18,0.29,6238,0,N/A,0.68,N/A,-0.833,130556,0.37,2.97,5.94,5.94,2.836,-3.5
ethbits,15 Apr 2017,13 May 2017,28.0,386.0,4,saas,3,1216178.0,N/A,N/A,1.14,6171,0,5561,N/A,N/A,0.921,3027,0.06,0.25,3.94,3.94,30.736,2.5
coinlancer,14 Oct 2017,15 Nov 2017,32.0,200.0,12,saas,36,11860153.0,50000000.0,0.24,0.25,7203,0,2272,0.5,N/A,0.691,3536710,0.03,-0.09,-1.49,-1.49,-0.22,-5.5
signals-network,12 Mar 2018,09 Apr 2018,28.0,55.0,12,other,11,N/A,N/A,N/A,N/A,N/A,0,N/A,N/A,N/A,0.0,233052,0.03,0.05,0.1,0.1,0.349,-6.5
micromoney,18 Oct 2017,18 Nov 2017,31.0,197.0,12,fintech,18,10541585.0,30000000.0,0.35,1.0,5165,0,165959,N/A,N/A,-0.326,452417,0.31,0.09,1.47,1.47,-0.167,-1.0
pylon-network,4 Oct 2017,24 Oct 2017,20.0,222.0,5,energy,11,N/A,N/A,N/A,1.79,1514,0,4018,N/A,N/A,12.201,69585,0.11,0.02,0.25,0.25,-0.39,-2.5
blitzpredict,22 Jan 2018,22 Feb 2018,31.0,101.0,12,other,5,4374000.0,7300000.0,0.6,0.0292,13795,0,N/A,0.52,N/A,-0.677,48405,-0.04,0.08,1.21,1.21,0.366,-2.5
eventchain,13 Sep 2017,14 Oct 2017,31.0,232.0,1,entertainment,8,772896.0,13500000.0,0.06,1.47,N/A,0,26844,0.44,N/A,-0.887,1884,0.21,0.17,2.74,2.74,-0.528,-22.0
tokenstars,31 Aug 2017,31 Oct 2017,61.0,215.0,7,other,4,4901220.0,7500000.0,0.65,0.42,17759,0,N/A,0.56,N/A,-0.165,409248,-0.28,-2.18,-4.37,-4.37,0.024,1.0
goldmint,20 Sep 2017,11 Nov 2017,52.0,204.0,2,fintech,11,7300000.0,40000000.0,0.18,7.0,11108,0,2600,0.46,N/A,-0.634,74776,0.24,0.16,2.47,2.47,0.159,35.5
trakinvest,8 Feb 2018,7 Mar 2018,27.0,88.0,7,fintech,14,50000000.0,N/A,N/A,0.85,38445,0,471,N/A,N/A,-0.849,262810,-0.01,-0.1,-0.2,-0.2,-0.35,-19.5
hirematch,1 Oct 2017,15 Feb 2018,137.0,108.0,1,fintech,4,16000000.0,N/A,N/A,0.17,N/A,0,1936,0.28,N/A,-0.832,98386,0.03,0.16,2.52,2.52,-0.05,-2.5
emphy,7 Oct 2017,5 Nov 2017,29.0,210.0,5,real estate,5,44500.0,7260000.0,0.01,0.1,13667,0,13012,N/A,N/A,1.42,100754,0.14,0.24,3.84,3.84,0.057,-7.0
obsidian,12 Aug 2017,26 Aug 2017,14.0,281.0,4,saas,6,1566332.0,8820000.0,0.18,0.15,801,0,8829,0.62,N/A,1.49,262223,0.12,0.15,2.45,2.45,-0.033,-0.5
live-stars,15 Jan 2018,15 Feb 2018,31.0,108.0,5,saas,6,2518564.0,5000000.0,0.5,0.2,2737,0,7813,0.5,N/A,-0.602,144179,-0.06,-0.46,-0.92,-0.92,-0.1,-2.5
ethersportz,9 Jan 2018,10 Jan 2018,1.0,144.0,1,entertainment,6,3500000.0,3500000.0,1.0,0.5,1777,0,N/A,N/A,N/A,0.123,71545,0.12,0.04,0.57,0.57,1.06,1.5
chronologic,25 Aug 2017,25 Sep 2017,31.0,251.0,12,fintech,3,7400000.0,N/A,N/A,0.1,N/A,0,N/A,0.3,N/A,108.4,23084,-0.02,-0.0,-0.02,-0.02,-0.011,7.5
crycash,12 Dec 2017,31 Jan 2018,50.0,123.0,5,blockchain,6,N/A,N/A,N/A,1.1,3120,0,1433,0.42,N/A,-0.574,50581,0.07,0.57,1.14,1.14,0.135,4.0
darcrus,21 Dec 2016,26 Dec 2016,5.0,524.0,12,saas,1,29742.0,N/A,0.23,0.02,1544,0,9389,N/A,N/A,0.05,6268,0.36,0.17,2.66,2.66,-0.502,-15.5
skincoin,21 Jun 2017,21 Jul 2017,30.0,317.0,2,blockchain,5,3292183.0,10000000.0,0.33,0.04,731,0,6712,N/A,N/A,-0.08,9042,-0.18,0.0,0.0,0.0,-0.348,-6.0
qvolta,10 Oct 2017,20 Oct 2017,10.0,226.0,7,blockchain,4,729652.0,4700000.0,0.16,0.3,1599,0,1,N/A,N/A,0.064,40141,0.06,0.14,2.28,2.28,0.104,-18.0
farad,1 Oct 2017,31 Oct 2017,30.0,215.0,12,energy,11,N/A,N/A,N/A,0.13,76,0,3419,0.56,N/A,-0.395,39680,0.05,0.12,1.95,1.95,-0.126,8.0
transcodium,1 Mar 2018,30 Apr 2018,60.0,34.0,4,saas,7,10977534.0,30000000.0,0.37,0.376,6174,0,N/A,0.52,N/A,-0.625,488145,-0.19,-1.5,-3.0,-3.0,-0.92,-20.5
biotron,27 Mar 2018,05 Apr 2018,9.0,59.0,12,other,N/A,N/A,N/A,N/A,0.22,2438,0,N/A,0.46,N/A,-0.814,955,0.16,1.3,2.61,2.61,0.328,-0.5
earth-token,15 Dec 2017,15 Mar 2018,90.0,80.0,11,saas,11,N/A,N/A,N/A,0.16,13052,0,20266,0.22,N/A,-0.699,509033,-0.36,-2.82,-5.64,-5.64,-0.269,-1.0
tigereum,8 Dec 2017,18 Dec 2017,10.0,167.0,4,saas,15,N/A,12000000.0,N/A,0.067,N/A,0,3585,N/A,N/A,1.166,195263,0.29,0.14,2.27,2.27,-0.129,-16.5
phi-token,8 Mar 2018,21 Mar 2018,13.0,74.0,5,other,16,3800000.0,N/A,N/A,1.61803,26276,0,3815,0.2,N/A,-0.631,58338,-0.09,-0.69,-1.38,-1.38,0.162,-1.5
bitjob,12 Sep 2017,13 Oct 2017,31.0,235.0,12,saas,26,2726424.0,12000000.0,0.23,0.39,2181,4,6866,0.0,N/A,N/A,N/A,N/A,N/A,N/A,N/A,N/A,-0.5
soma,27 Sep 2017,14 Nov 2017,48.0,201.0,5,ecommerce,11,6049621.0,39800000.0,0.15,0.74,2133,0,4962,0.54,N/A,-0.686,6114,0.39,0.15,2.37,2.37,-0.246,33.0
wild-crypto,05 Sep 2017,11 Sep 2017,6.0,265.0,12,other,N/A,N/A,N/A,N/A,N/A,611,0,N/A,N/A,N/A,0.0,4468,0.03,0.13,2.08,2.08,-0.282,-3.0
blocklancer,16 Jan 2018,16 Feb 2018,31.0,107.0,5,fintech,5,30000010.0,90000000.0,0.33,0.09,N/A,0,50,0.68,N/A,-0.795,34683,0.24,0.1,1.62,1.62,0.984,-1.0
boutspro,11 Mar 2018,25 Mar 2018,14.0,70.0,4,blockchain,32,N/A,7000000.0,N/A,0.007,13017,0,9845,N/A,N/A,2.189,100240,0.04,0.3,0.6,0.6,-0.422,-4.5
fundyourselfnow,13 Jun 2017,31 Jul 2017,48.0,307.0,12,other,9,N/A,N/A,N/A,N/A,5173,0,N/A,N/A,N/A,0.0,27307,0.24,0.14,2.2,2.2,0.174,-7.5
nitro,30 Nov 2017,26 Dec 2017,26.0,159.0,3,saas,11,2694156.0,58000000.0,0.05,0.97,16090,0,3739,0.84,N/A,0.577,131540,0.07,0.07,1.18,1.18,-0.378,3.5
plancoin,24 Jan 2018,23 Feb 2018,30.0,100.0,12,blockchain,N/A,1700000.0,N/A,N/A,0.6,N/A,0,1909,N/A,N/A,-0.584,282642,0.03,0.21,0.41,0.41,0.801,16.0
elcoin,08 Jan 2018,05 Feb 2018,28.0,118.0,5,saas,18,N/A,30000000.0,N/A,N/A,690,0,4519,N/A,N/A,0.0,11,-0.12,0.16,2.61,2.61,98.761,-15.0
suretly,11 Jul 2017,11 Aug 2017,31.0,296.0,2,fintech,6,28000001.0,N/A,N/A,30.93,N/A,0,1292,0.54,N/A,-0.578,12585,-0.12,-0.04,-0.67,-0.67,-0.024,-8.0
mcap,27 Apr 2017,7 May 2017,10.0,392.0,1,blockchain,N/A,44287318.0,N/A,N/A,4.0,N/A,0,152,N/A,N/A,0.635,3797,-0.1,-0.14,-2.3,-2.3,0.035,-1.5
oceanlab,07 Aug 2017,31 Aug 2017,24.0,276.0,12,blockchain,N/A,N/A,N/A,N/A,N/A,N/A,0,N/A,N/A,N/A,0.0,29066,0.34,0.17,2.64,2.64,-0.144,-2.0
pluscoin,26 Sep 2017,10 Oct 2017,14.0,236.0,8,blockchain,13,9598000.0,N/A,N/A,1.49,117,0,247,0.22,N/A,-0.999,67444,-0.11,0.08,1.23,1.23,-0.737,-35.0
bitair,17 Sep 2017,31 Oct 2017,44.0,215.0,12,other,N/A,21510000.0,N/A,N/A,0.019,N/A,0,N/A,0.4,N/A,-0.239,209739,0.14,-0.02,-0.32,-0.32,-0.219,1.5
regalcoin,22 Aug 2017,22 Sep 2017,31.0,254.0,12,blockchain,N/A,N/A,N/A,N/A,0.97,5521,0,9579,N/A,N/A,10.742,3808740,0.4,0.22,3.52,3.52,-0.253,7.0
crystal-clear,8 Sep 2017,8 Oct 2017,30.0,238.0,2,transportation,7,3377550.0,N/A,N/A,3.09,N/A,0,4524,N/A,N/A,-0.1,21319,-0.14,-0.02,-0.39,-0.39,-0.499,-8.5
ccore,9 Nov 2017,30 Nov 2017,21.0,185.0,12,fintech,8,1400000.0,N/A,N/A,0.45,2042,0,3928,0.26,N/A,1.163,15228,0.11,0.12,1.84,1.84,0.253,15.5
fujinto,10 Aug 2017,10 Sep 2017,31.0,266.0,8,blockchain,4,17566200.0,N/A,0.6,0.07,N/A,0,943,0.24,N/A,4.452,580241,-0.34,-0.24,-3.74,-3.74,0.353,38.0
peerguess,28 Oct 2017,09 Dec 2017,42.0,178.0,12,saas,13,N/A,N/A,N/A,0.06,1064,0,2036,0.0,N/A,N/A,N/A,N/A,N/A,N/A,N/A,N/A,N/A
hedge,15 Sep 2017,15 Oct 2017,30.0,231.0,5,blockchain,9,2100000.0,15000000.0,0.14,0.67,N/A,0,3781,N/A,N/A,0.063,35573,0.16,0.13,2.06,2.06,-0.663,-30.5
srcoin,1 Mar 2018,31 Mar 2018,30.0,64.0,12,insurance services,11,4000000.0,N/A,N/A,0.006,1236,0,953,0.26,N/A,-0.185,132146,0.04,0.31,0.63,0.63,4.41,-1.0
ecobit,9 Apr 2017,15 Jun 2017,67.0,353.0,12,other,N/A,N/A,N/A,N/A,0.03,286,0,1126,N/A,N/A,0.078,41297,-0.03,-0.0,-0.0,-0.0,0.212,4.0
apx,1 May 2017,21 May 2017,20.0,378.0,12,blockchain,N/A,2749185.0,900.0,1.0,0.6,N/A,0,5255,N/A,N/A,4.267,714525,0.21,0.07,1.18,1.18,0.055,1.0
blockpool,01 May 2017,30 Jun 2017,60.0,338.0,12,other,10,N/A,N/A,N/A,N/A,N/A,0,N/A,N/A,N/A,0.0,39542,-0.11,0.18,2.93,2.93,-0.065,3.0
starta,4 Jul 2017,3 Aug 2017,30.0,304.0,2,fintech,13,50000009.0,N/A,N/A,1.0,N/A,0,N/A,N/A,N/A,-0.204,6482,0.17,0.05,0.73,0.73,0.25,0.5
tokenbox,14 Nov 2017,28 Nov 2017,14.0,187.0,2,saas,8,8000000.0,20000000.0,0.4,1.0,1964,0,2412,0.76,N/A,0.5,116601,-0.15,-0.12,-1.91,-1.91,0.139,-26.0
sense,7 Nov 2017,21 Nov 2017,14.0,194.0,1,telecommunications,7,15000000.0,15000000.0,1.0,0.1,2437,0,9019,0.44,N/A,-0.433,13019,0.03,-0.16,-2.58,-2.58,-0.061,3.0
flypme,19 Sep 2017,26 Sep 2017,7.0,257.0,5,other,1,1610000.0,N/A,N/A,0.07,22,0,N/A,0.38,N/A,1.578,15603,0.1,0.21,3.3,3.3,0.098,-2.0
dcorp,01 Jun 2017,29 Jun 2017,28.0,339.0,12,fintech,4,N/A,N/A,N/A,N/A,1724,0,N/A,N/A,N/A,0.0,199375,-0.09,0.13,2.12,2.12,0.174,26.5
neverdie,30 Jun 2017,1 Sep 2017,63.0,275.0,1,entertainment,2,5800000.0,10000000.0,0.58,0.25,10,0,1484,N/A,N/A,-0.193,43022,-0.08,-0.16,-2.59,-2.59,0.17,2.0
centra,03 Aug 2017,02 Oct 2017,60.0,244.0,1,fintech,19,26100000.0,26100000.0,1.0,0.73,1188,0,48,0.56,N/A,-0.527,2484,0.24,0.14,2.22,2.22,-0.203,28.5
wandx,27 Oct 2017,21 Nov 2017,25.0,194.0,7,other,6,86654.0,N/A,N/A,0.09,2368,0,6390,0.34,N/A,4.727,90663,0.3,0.04,0.6,0.6,-0.008,6.0
monster-byte,6 Jul 2017,4 Aug 2017,29.0,303.0,10,entertainment,2,10000002.0,N/A,1.0,0.11,N/A,0,2202,0.44,N/A,-0.271,16860,0.13,0.13,2.1,2.1,-0.382,7.5
musiconomi,27 Aug 2017,27 Sep 2017,31.0,249.0,12,other,6,N/A,N/A,N/A,0.01,N/A,0,N/A,0.46,N/A,10.468,735,0.09,0.12,1.87,1.87,0.93,3.5
etheriya,21 Jun 2017,10 Aug 2017,50.0,297.0,12,saas,N/A,30000.0,N/A,0.85,0.25,N/A,0,595,N/A,N/A,5.4,23481,0.18,0.02,0.34,0.34,1.004,-7.0
global-jobcoin,28 Oct 2017,6 Dec 2017,39.0,179.0,6,saas,4,N/A,N/A,N/A,1.31,N/A,0,12061,N/A,N/A,-0.817,14648,0.14,0.13,2.13,2.13,-0.964,62.0
bitpark-coin,15 Sep 2016,20 Oct 2016,35.0,591.0,8,fintech,1,29195.0,N/A,N/A,0.1,N/A,0,1110,N/A,N/A,-0.817,103,-0.02,0.08,1.2,1.2,0.117,-8.0
newbium,1 May 2016,31 May 2016,30.0,733.0,12,saas,N/A,38180.0,600000.0,0.06,N/A,N/A,0,3274,N/A,N/A,0.0,11,0.27,0.22,3.51,3.51,0.299,9.0
blockpay,23 Aug 2016,15 Sep 2016,23.0,626.0,6,saas,1,53836010.0,N/A,N/A,0.12,N/A,0,N/A,N/A,N/A,0.762,483,-0.17,-0.01,-0.13,-0.13,0.267,-13.5
escroco,30 Oct 2017,28 Nov 2017,29.0,189.0,12,fintech,N/A,N/A,N/A,N/A,0.1,N/A,0,N/A,0.0,N/A,N/A,N/A,N/A,N/A,N/A,N/A,N/A,-5.023
tigercoin,25 Feb 2018,25 Mar 2018,28.0,70.0,12,fintech,N/A,N/A,N/A,N/A,N/A,504,0,N/A,0.32,N/A,0.0,0.0,-0.24,-0.13,-2.12,-2.12,-1.074,5.5
bankcoin,5 Nov 2016,19 Dec 2016,44.0,531.0,10,fintech,2,1000000.0,N/A,0.16,0.25,20,0,2529,N/A,N/A,0.998,47742,0.11,0.23,3.65,3.65,0.431,-2.0
300-token,30 Jun 2017,6 Jul 2017,6.0,332.0,12,blockchain,N/A,16724.0,N/A,0.7,79.76,N/A,0,822,N/A,N/A,7.334,22581,-0.15,0.03,0.48,0.48,-0.14,2.0
abjcoin,1 Sep 2017,30 Oct 2017,59.0,216.0,12,blockchain,10,N/A,1290000.0,N/A,0.5,1816,0,N/A,0.28,N/A,0.183,87523,0.09,0.23,3.57,3.57,0.667,-41.0
libra-credit,01 May 2018,01 Jun 2018,31.0,2.0,7,fintech,10,26400000.0,26400000.0,1.0,0.12,97530,0,N/A,0.3,N/A,1.488,4569100,-1.07,-1.86,-3.72,-3.72,1.12,10.5
skrumble-network,05 May 2018,07 May 2018,2.0,27.0,12,fintech,31,16472800.0,16500000.0,1.0,0.0515,55048,0,1945,0.3,N/A,0.873,32789700,-0.17,-1.35,-2.69,-2.69,-0.27,5.0
pundi-x,21 Jan 2018,21 Jan 2018,0.0,133.0,12,saas,4,35000000.0,35000000.0,1.0,2.1,22960,0,5257,0.86,N/A,-1.0,970635,-0.19,0.29,4.53,4.53,0.173,-2.0
educoin,18 Mar 2018,25 Mar 2018,7.0,70.0,7,social services,4,N/A,N/A,N/A,N/A,374,0,7,N/A,N/A,0.0,4,0.22,0.16,2.51,2.51,15.831,0.0
apis,4 Mar 2018,3 Apr 2018,30.0,61.0,7,blockchain,21,N/A,3600.0,N/A,0.0036,N/A,0,N/A,0.2,N/A,0.028,4766240,1.75,3.03,6.06,6.06,-3.345,21.5
aware,04 Jan 2018,30 Jan 2018,26.0,124.0,12,fintech,N/A,N/A,N/A,N/A,0.063,600,0,N/A,0.32,N/A,0.495,1391910,-0.31,-0.19,-2.96,-2.96,0.074,0.5
crowd-machine,01 Apr 2018,22 May 2019,416.0,-353.0,7,saas,13,30795000.0,100000000.0,0.30795,N/A,6098,0,5078,0.62,N/A,0.0,220487,-0.28,-2.2,-4.39,-4.39,0.398,6.0
spindle,9 May 2018,15 May 2018,6.0,19.0,4,blockchain,12,N/A,N/A,N/A,0.23,30540,0,23764,0.4,N/A,-0.905,2379600,0.88,1.52,3.04,3.04,1.794,6.5
silent-notary,15 Mar 2018,12 Apr 2018,28.0,52.0,2,blockchain,4,N/A,N/A,N/A,0.0,30358,0,6238,0.32,N/A,0.0,339139,2.16,3.75,7.49,7.36,-0.743,-21.667
seele,03 Apr 2018,03 Apr 2018,0.0,61.0,12,blockchain,N/A,12133800.0,12100000.0,1.0,0.0324,28776,0,N/A,0.72,N/A,8.3,1750560,-6.51,-11.27,-22.54,-23.73,0.605,5.0
patron,27 Mar 2018,9 May 2018,43.0,25.0,8,saas,26,40000000.0,35000000.0,1.0,0.5,14586,0,21640,0.64,N/A,-0.864,933787,0.47,0.81,1.63,1.53,-0.494,-1.0
gems,30 Jan 2018,01 Feb 2018,2.0,122.0,12,fintech,2,N/A,N/A,N/A,0.075,32810,0,19368,0.52,N/A,-0.689,4746,-0.07,0.01,0.16,-0.12,-0.886,-1047.0
exchange-union,05 Aug 2017,29 Aug 2017,24.0,278.0,12,other,4,N/A,N/A,N/A,1.0,N/A,0,N/A,0.66,N/A,1.29,304953,0.19,0.19,3.0,2.81,0.087,1.0
key,23 Sep 2017,23 Oct 2017,30.0,223.0,12,fintech,N/A,21780000.0,N/A,N/A,0.01,N/A,0,N/A,0.34,N/A,0.063,496995,-0.18,-1.41,-2.81,-3.51,-0.224,8.0
tokia,4 Dec 2017,15 Mar 2018,101.0,80.0,4,fintech,7,30000000.0,N/A,N/A,1.0,8301,0,1629,0.5,N/A,-0.813,641864,0.37,0.63,1.26,1.1,1.084,-20.0
cfun,18 Dec 2017,19 Dec 2017,1.0,166.0,7,saas,9,15000000.0,15000000.0,1.0,0.03,4572,0,5571,N/A,N/A,2.506,14156000,-0.17,-0.18,-2.79,-3.06,0.068,-3.333
phantasma,27 May 2018,28 May 2018,1.0,6.0,12,other,13,9650000.0,9700000.0,0.99,0.23,21466,0,4887,N/A,N/A,1.476,799685,-1.35,-2.34,-4.67,-5.3,0.951,-6.0
stockchain,16 Mar 2018,19 Mar 2018,3.0,76.0,7,other,18,2693450.0,N/A,N/A,0.011,87815,0,54750,N/A,N/A,1.704,271642,0.31,-0.03,-0.52,-0.77,0.08,-6.667
eximchain,01 Feb 2018,13 Feb 2018,12.0,110.0,12,blockchain,16,20000000.0,20000000.0,1.0,0.33,10954,0,N/A,0.34,N/A,1.01,185434,3.37,5.83,11.67,11.13,-0.965,-14.0
xyo-network,20 Mar 2018,21 May 2018,62.0,13.0,1,other,25,11951000.0,48000000.0,0.25,0.01,16443,0,7172,0.66,N/A,-0.398,245464,-0.21,-0.37,-0.74,-0.99,-0.102,-18.667
hero,14 Sep 2017,14 Oct 2017,30.0,232.0,5,entertainment,13,36416517.0,173900000.0,0.21,0.04,1954,0,4495,0.38,N/A,7.513,88370,-0.05,-0.09,-0.17,-0.36,-0.554,31.333
naviaddress,1 Mar 2018,31 Mar 2018,30.0,64.0,7,saas,6,16900000.0,20000000.0,0.84,0.05,100000,0,194,0.38,N/A,-0.518,194240,-0.19,-0.32,-0.65,-1.02,-1.213,-3.333
blockcdn,25 Nov 2016,25 Dec 2016,30.0,525.0,12,other,1,N/A,N/A,N/A,N/A,N/A,0,N/A,N/A,N/A,0.0,31955,0.47,0.11,1.7,1.41,0.066,-11.667
contractnet,10 Mar 2018,20 Mar 2018,10.0,75.0,3,other,10,2661505.0,N/A,N/A,0.6,N/A,0,1210,N/A,N/A,0.2,294035,0.49,0.86,1.71,1.47,-2.816,-1.0
sphre-air,1 Jun 2017,30 Jun 2017,29.0,338.0,4,saas,4,5272732.0,N/A,N/A,0.19,N/A,0,N/A,N/A,N/A,-0.222,10531,0.17,0.13,2.1,1.74,-0.113,1.0
etherecash,15 Nov 2017,12 Dec 2017,27.0,173.0,12,fintech,8,40000000.0,100000000.0,0.4,1.0,N/A,0,1166,N/A,N/A,-0.216,248868,-0.15,-0.12,-1.95,-2.39,0.549,73.0
blockmesh,28 Feb 2018,31 Mar 2018,31.0,64.0,12,blockchain,13,3486451.0,10000000.0,0.35,0.05,5117,0,12904,0.42,N/A,-0.289,87339,-0.97,-1.68,-3.36,-3.7,-0.915,-5.333
faceter,15 Feb 2018,30 Mar 2018,43.0,65.0,11,other,9,28610352.0,40800000.0,0.7,0.0349,2094,0,51,N/A,N/A,-0.43,135291,-0.25,-0.42,-0.85,-1.34,-0.846,-1.0
betterbetting,15 Dec 2017,31 Jan 2018,47.0,123.0,5,other,16,5500000.0,30000000.0,0.18,0.1,2960,0,2560,N/A,N/A,-0.1,196193,-0.04,-0.3,-0.59,-0.98,0.32,24.0
indicoin,30 Sep 2017,1 Nov 2017,32.0,214.0,12,blockchain,9,23000.0,N/A,N/A,0.02,N/A,0,21440,0.26,N/A,0.711,60496,0.16,0.05,0.73,0.56,0.334,-48.333
amon,4 Mar 2018,4 Apr 2018,31.0,60.0,5,other,8,1332600.0,25000000.0,0.05,0.05,7073,0,2447,N/A,N/A,0.264,152217,-0.43,-3.39,-6.78,-7.11,0.375,22.667
utrum,20 May 2018,20 Jun 2018,31.0,-17.0,12,other,7,N/A,5000000.0,N/A,0.12,7267,0,1327,N/A,N/A,-0.249,21504,0.13,1.04,2.09,1.36,-0.429,-6.0
budbo,29 Jan 2018,5 Mar 2018,35.0,90.0,7,blockchain,33,30000000.0,52500000.0,0.57,0.35,3332,0,5286,0.34,N/A,-0.666,67317,0.1,0.81,1.63,1.54,0.991,4.0
sisa,20 Nov 2017,20 Dec 2017,30.0,165.0,12,fintech,5,N/A,N/A,N/A,0.23,722,0,2978,N/A,N/A,-0.488,32828,-0.02,0.09,1.49,1.38,-0.421,-16.667
zengold,26 May 2017,9 Jun 2017,14.0,359.0,3,saas,0,1908960.0,N/A,0.63,0.03,N/A,0,N/A,N/A,N/A,10.473,13093,0.18,0.17,2.64,2.57,1.968,0.333
smoke,20 Apr 2018,25 May 2018,35.0,9.0,10,telecommunications,6,25000.0,1900000.0,0.01,0.1,N/A,0,11855,N/A,N/A,-0.949,1761,0.03,0.12,1.88,1.84,3.857,2.667
plexcoin,20 Sep 2017,01 Oct 2017,11.0,245.0,12,fintech,N/A,N/A,N/A,N/A,N/A,N/A,0,N/A,N/A,N/A,0.0,27979,0.04,0.07,1.16,1.06,-0.071,-10.333
minex,15 May 2017,13 Jun 2017,29.0,355.0,2,blockchain,9,78985.0,N/A,N/A,6.18,N/A,0,10875,N/A,N/A,-0.89,8495,0.01,0.06,1.02,0.92,-0.17,-1.0
stex,25 Nov 2017,10 Dec 2017,15.0,175.0,2,blockchain,5,6700350.0,55000000.0,0.12,1.0,8088,0,930,N/A,N/A,-0.835,3009,0.22,0.13,2.02,2.02,-114.893,-3.333
fapcoin,15 Sep 2017,31 Oct 2017,46.0,215.0,12,entertainment,N/A,N/A,N/A,N/A,0.3,N/A,0,N/A,N/A,N/A,-0.463,32723,0.1,0.08,1.3,1.23,-1.041,-6.667
ox-fina,1 Jul 2017,31 Jul 2017,30.0,307.0,10,blockchain,N/A,N/A,N/A,N/A,0.07,N/A,0,854,N/A,N/A,-0.505,14630,0.2,0.09,1.39,1.3,-0.552,-1.0
anryze,12 Sep 2017,12 Oct 2017,30.0,234.0,2,blockchain,13,1759099.0,6000000.0,0.29,0.02,1041,0,N/A,0.5,N/A,0.291,670261,0.23,0.14,2.27,2.15,0.059,-3.667
solomonexchange,N/A,27 Sep 2017,N/A,N/A,N/A,N/A,N/A,N/A,N/A,N/A,N/A,N/A,N/A,N/A,N/A,N/A,-1.0,0.0,-100.0,-100.0,-100.0,-100,-100.0,-100.0
hackspacecapital,N/A,20 Sep 2017,N/A,N/A,N/A,N/A,N/A,N/A,N/A,N/A,N/A,N/A,N/A,N/A,N/A,N/A,-1.0,0.0,-100.0,-100.0,-100.0,-100,-100.0,-100.0
impakfinance,N/A,20 Sep 2017,N/A,N/A,N/A,N/A,N/A,N/A,N/A,N/A,N/A,N/A,N/A,N/A,N/A,N/A,-1.0,0.0,-100.0,-100.0,-100.0,-100,-100.0,-100.0
modum.io,N/A,22 Sep 2017,N/A,N/A,N/A,N/A,N/A,N/A,N/A,N/A,N/A,N/A,N/A,N/A,N/A,N/A,-1.0,0.0,-100.0,-100.0,-100.0,-100,-100.0,-100.0
detectortoken,N/A,20 Sep 2017,N/A,N/A,N/A,N/A,N/A,N/A,N/A,N/A,N/A,N/A,N/A,N/A,N/A,N/A,-1.0,0.0,-100.0,-100.0,-100.0,-100,-100.0,-100.0
silentnotary,N/A,18 Sep 2017,N/A,N/A,N/A,N/A,N/A,N/A,N/A,N/A,N/A,N/A,N/A,N/A,N/A,N/A,-1.0,0.0,-100.0,-100.0,-100.0,-100,-100.0,-100.0
intelligenttradingtech,N/A,17 Sep 2017,N/A,N/A,N/A,N/A,N/A,N/A,N/A,N/A,N/A,N/A,N/A,N/A,N/A,N/A,-1.0,0.0,-100.0,-100.0,-100.0,-100,-100.0,-100.0
kybernetwork,N/A,16 Sep 2017,N/A,N/A,N/A,N/A,N/A,N/A,N/A,N/A,N/A,N/A,N/A,N/A,N/A,N/A,-1.0,0.0,-100.0,-100.0,-100.0,-100,-100.0,-100.0
kickico,N/A,16 Sep 2017,N/A,N/A,N/A,N/A,N/A,N/A,N/A,N/A,N/A,N/A,N/A,N/A,N/A,N/A,-1.0,0.0,-100.0,-100.0,-100.0,-100,-100.0,-100.0
smartinvestmentfundtoken,N/A,15 Sep 2017,N/A,N/A,N/A,N/A,N/A,N/A,N/A,N/A,N/A,N/A,N/A,N/A,N/A,N/A,-1.0,0.0,-100.0,-100.0,-100.0,-100,-100.0,-100.0
trackr,N/A,15 Sep 2017,N/A,N/A,N/A,N/A,N/A,N/A,N/A,N/A,N/A,N/A,N/A,N/A,N/A,N/A,-1.0,0.0,-100.0,-100.0,-100.0,-100,-100.0,-100.0
facecoin,N/A,15 Sep 2017,N/A,N/A,N/A,N/A,N/A,N/A,N/A,N/A,N/A,N/A,N/A,N/A,N/A,N/A,-1.0,0.0,-100.0,-100.0,-100.0,-100,-100.0,-100.0
icobox,N/A,15 Sep 2017,N/A,N/A,N/A,N/A,N/A,N/A,N/A,N/A,N/A,N/A,N/A,N/A,N/A,N/A,-1.0,0.0,-100.0,-100.0,-100.0,-100,-100.0,-100.0
social(scl),N/A,14 Sep 2017,N/A,N/A,N/A,N/A,N/A,N/A,N/A,N/A,N/A,N/A,N/A,N/A,N/A,N/A,-1.0,0.0,-100.0,-100.0,-100.0,-100,-100.0,-100.0
enigmacatalyst,N/A,12 Sep 2017,N/A,N/A,N/A,N/A,N/A,N/A,N/A,N/A,N/A,N/A,N/A,N/A,N/A,N/A,-1.0,0.0,-100.0,-100.0,-100.0,-100,-100.0,-100.0
ahoolee,N/A,11 Sep 2017,N/A,N/A,N/A,N/A,N/A,N/A,N/A,N/A,N/A,N/A,N/A,N/A,N/A,N/A,-1.0,0.0,-100.0,-100.0,-100.0,-100,-100.0,-100.0
stuffgogo,N/A,11 Sep 2017,N/A,N/A,N/A,N/A,N/A,N/A,N/A,N/A,N/A,N/A,N/A,N/A,N/A,N/A,-1.0,0.0,-100.0,-100.0,-100.0,-100,-100.0,-100.0
prospector,N/A,10 Sep 2017,N/A,N/A,N/A,N/A,N/A,N/A,N/A,N/A,N/A,N/A,N/A,N/A,N/A,N/A,-1.0,0.0,-100.0,-100.0,-100.0,-100,-100.0,-100.0
onegram,N/A,10 Sep 2017,N/A,N/A,N/A,N/A,N/A,N/A,N/A,N/A,N/A,N/A,N/A,N/A,N/A,N/A,-1.0,0.0,-100.0,-100.0,-100.0,-100,-100.0,-100.0
filecoin,N/A,10 Sep 2017,N/A,N/A,N/A,N/A,N/A,N/A,N/A,N/A,N/A,N/A,N/A,N/A,N/A,N/A,-1.0,0.0,-100.0,-100.0,-100.0,-100,-100.0,-100.0
alpencoin,N/A,10 Sep 2017,N/A,N/A,N/A,N/A,N/A,N/A,N/A,N/A,N/A,N/A,N/A,N/A,N/A,N/A,-1.0,0.0,-100.0,-100.0,-100.0,-100,-100.0,-100.0
hubii,N/A,07 Sep 2017,N/A,N/A,N/A,N/A,N/A,N/A,N/A,N/A,N/A,N/A,N/A,N/A,N/A,N/A,-1.0,0.0,-100.0,-100.0,-100.0,-100,-100.0,-100.0
worldwideanonymousmessaging,N/A,06 Sep 2017,N/A,N/A,N/A,N/A,N/A,N/A,N/A,N/A,N/A,N/A,N/A,N/A,N/A,N/A,-1.0,0.0,-100.0,-100.0,-100.0,-100,-100.0,-100.0
indorse,N/A,06 Sep 2017,N/A,N/A,N/A,N/A,N/A,N/A,N/A,N/A,N/A,N/A,N/A,N/A,N/A,N/A,-1.0,0.0,-100.0,-100.0,-100.0,-100,-100.0,-100.0
finshicapital,N/A,31 Aug 2017,N/A,N/A,N/A,N/A,N/A,N/A,N/A,N/A,N/A,N/A,N/A,N/A,N/A,N/A,-1.0,0.0,-100.0,-100.0,-100.0,-100,-100.0,-100.0
moeda,N/A,31 Aug 2017,N/A,N/A,N/A,N/A,N/A,N/A,N/A,N/A,N/A,N/A,N/A,N/A,N/A,N/A,-1.0,0.0,-100.0,-100.0,-100.0,-100,-100.0,-100.0
xplay,N/A,30 Aug 2017,N/A,N/A,N/A,N/A,N/A,N/A,N/A,N/A,N/A,N/A,N/A,N/A,N/A,N/A,-1.0,0.0,-100.0,-100.0,-100.0,-100,-100.0,-100.0
paquarium,N/A,24 Aug 2017,N/A,N/A,N/A,N/A,N/A,N/A,N/A,N/A,N/A,N/A,N/A,N/A,N/A,N/A,-1.0,0.0,-100.0,-100.0,-100.0,-100,-100.0,-100.0
monsterbyte,N/A,04 Aug 2017,N/A,N/A,N/A,N/A,N/A,N/A,N/A,N/A,N/A,N/A,N/A,N/A,N/A,N/A,-1.0,0.0,-100.0,-100.0,-100.0,-100,-100.0,-100.0
coindash,N/A,04 Aug 2017,N/A,N/A,N/A,N/A,N/A,N/A,N/A,N/A,N/A,N/A,N/A,N/A,N/A,N/A,-1.0,0.0,-100.0,-100.0,-100.0,-100,-100.0,-100.0
district0xnetwork,N/A,01 Aug 2017,N/A,N/A,N/A,N/A,N/A,N/A,N/A,N/A,N/A,N/A,N/A,N/A,N/A,N/A,-1.0,0.0,-100.0,-100.0,-100.0,-100,-100.0,-100.0
11.97,N/A,31 Jul 2017,N/A,N/A,N/A,N/A,N/A,N/A,N/A,N/A,N/A,N/A,N/A,N/A,N/A,N/A,-1.0,0.0,-100.0,-100.0,-100.0,-100,-100.0,-100.0
rootproject,N/A,28 Jul 2017,N/A,N/A,N/A,N/A,N/A,N/A,N/A,N/A,N/A,N/A,N/A,N/A,N/A,N/A,-1.0,0.0,-100.0,-100.0,-100.0,-100,-100.0,-100.0
geofounders,N/A,26 Jul 2017,N/A,N/A,N/A,N/A,N/A,N/A,N/A,N/A,N/A,N/A,N/A,N/A,N/A,N/A,-1.0,0.0,-100.0,-100.0,-100.0,-100,-100.0,-100.0
primalbase,N/A,26 Jul 2017,N/A,N/A,N/A,N/A,N/A,N/A,N/A,N/A,N/A,N/A,N/A,N/A,N/A,N/A,-1.0,0.0,-100.0,-100.0,-100.0,-100,-100.0,-100.0
eros,N/A,23 Jul 2017,N/A,N/A,N/A,N/A,N/A,N/A,N/A,N/A,N/A,N/A,N/A,N/A,N/A,N/A,-1.0,0.0,-100.0,-100.0,-100.0,-100,-100.0,-100.0
gilgam,N/A,20 Jul 2017,N/A,N/A,N/A,N/A,N/A,N/A,N/A,N/A,N/A,N/A,N/A,N/A,N/A,N/A,-1.0,0.0,-100.0,-100.0,-100.0,-100,-100.0,-100.0
gilgam.es,N/A,20 Jul 2017,N/A,N/A,N/A,N/A,N/A,N/A,N/A,N/A,N/A,N/A,N/A,N/A,N/A,N/A,-1.0,0.0,-100.0,-100.0,-100.0,-100,-100.0,-100.0
coindash,N/A,17 Jul 2017,N/A,N/A,N/A,N/A,N/A,N/A,N/A,N/A,N/A,N/A,N/A,N/A,N/A,N/A,-1.0,0.0,-100.0,-100.0,-100.0,-100,-100.0,-100.0
sumerchain,N/A,17 Jul 2017,N/A,N/A,N/A,N/A,N/A,N/A,N/A,N/A,N/A,N/A,N/A,N/A,N/A,N/A,-1.0,0.0,-100.0,-100.0,-100.0,-100,-100.0,-100.0
bitquence,N/A,16 Jul 2017,N/A,N/A,N/A,N/A,N/A,N/A,N/A,N/A,N/A,N/A,N/A,N/A,N/A,N/A,-1.0,0.0,-100.0,-100.0,-100.0,-100,-100.0,-100.0
orocrypt,N/A,14 Jul 2017,N/A,N/A,N/A,N/A,N/A,N/A,N/A,N/A,N/A,N/A,N/A,N/A,N/A,N/A,-1.0,0.0,-100.0,-100.0,-100.0,-100,-100.0,-100.0
fuck,N/A,13 Jul 2017,N/A,N/A,N/A,N/A,N/A,N/A,N/A,N/A,N/A,N/A,N/A,N/A,N/A,N/A,-1.0,0.0,-100.0,-100.0,-100.0,-100,-100.0,-100.0
tezos,N/A,13 Jul 2017,N/A,N/A,N/A,N/A,N/A,N/A,N/A,N/A,N/A,N/A,N/A,N/A,N/A,N/A,-1.0,0.0,-100.0,-100.0,-100.0,-100,-100.0,-100.0
insurex,N/A,13 Jul 2017,N/A,N/A,N/A,N/A,N/A,N/A,N/A,N/A,N/A,N/A,N/A,N/A,N/A,N/A,-1.0,0.0,-100.0,-100.0,-100.0,-100,-100.0,-100.0
nimiq,N/A,12 Jul 2017,N/A,N/A,N/A,N/A,N/A,N/A,N/A,N/A,N/A,N/A,N/A,N/A,N/A,N/A,-1.0,0.0,-100.0,-100.0,-100.0,-100,-100.0,-100.0
leviarcoin,N/A,09 Jul 2017,N/A,N/A,N/A,N/A,N/A,N/A,N/A,N/A,N/A,N/A,N/A,N/A,N/A,N/A,-1.0,0.0,-100.0,-100.0,-100.0,-100,-100.0,-100.0
onplace,N/A,06 Jul 2017,N/A,N/A,N/A,N/A,N/A,N/A,N/A,N/A,N/A,N/A,N/A,N/A,N/A,N/A,-1.0,0.0,-100.0,-100.0,-100.0,-100,-100.0,-100.0
santiment,N/A,05 Jul 2017,N/A,N/A,N/A,N/A,N/A,N/A,N/A,N/A,N/A,N/A,N/A,N/A,N/A,N/A,-1.0,0.0,-100.0,-100.0,-100.0,-100,-100.0,-100.0
openanx,N/A,04 Jul 2017,N/A,N/A,N/A,N/A,N/A,N/A,N/A,N/A,N/A,N/A,N/A,N/A,N/A,N/A,-1.0,0.0,-100.0,-100.0,-100.0,-100,-100.0,-100.0
crypviser,N/A,04 Jul 2017,N/A,N/A,N/A,N/A,N/A,N/A,N/A,N/A,N/A,N/A,N/A,N/A,N/A,N/A,-1.0,0.0,-100.0,-100.0,-100.0,-100,-100.0,-100.0
rialto.ai,N/A,03 Jul 2017,N/A,N/A,N/A,N/A,N/A,N/A,N/A,N/A,N/A,N/A,N/A,N/A,N/A,N/A,-1.0,0.0,-100.0,-100.0,-100.0,-100,-100.0,-100.0
encryptotel,N/A,01 Jul 2017,N/A,N/A,N/A,N/A,N/A,N/A,N/A,N/A,N/A,N/A,N/A,N/A,N/A,N/A,-1.0,0.0,-100.0,-100.0,-100.0,-100,-100.0,-100.0
air,N/A,29 Jun 2017,N/A,N/A,N/A,N/A,N/A,N/A,N/A,N/A,N/A,N/A,N/A,N/A,N/A,N/A,-1.0,0.0,-100.0,-100.0,-100.0,-100,-100.0,-100.0
21million,N/A,28 Jun 2017,N/A,N/A,N/A,N/A,N/A,N/A,N/A,N/A,N/A,N/A,N/A,N/A,N/A,N/A,-1.0,0.0,-100.0,-100.0,-100.0,-100,-100.0,-100.0
silvercoin,N/A,27 Jun 2017,N/A,N/A,N/A,N/A,N/A,N/A,N/A,N/A,N/A,N/A,N/A,N/A,N/A,N/A,-1.0,0.0,-100.0,-100.0,-100.0,-100,-100.0,-100.0
idice,N/A,26 Jun 2017,N/A,N/A,N/A,N/A,N/A,N/A,N/A,N/A,N/A,N/A,N/A,N/A,N/A,N/A,-1.0,0.0,-100.0,-100.0,-100.0,-100,-100.0,-100.0
nvo,N/A,25 Jun 2017,N/A,N/A,N/A,N/A,N/A,N/A,N/A,N/A,N/A,N/A,N/A,N/A,N/A,N/A,-1.0,0.0,-100.0,-100.0,-100.0,-100,-100.0,-100.0
masknetwork,N/A,24 Jun 2017,N/A,N/A,N/A,N/A,N/A,N/A,N/A,N/A,N/A,N/A,N/A,N/A,N/A,N/A,-1.0,0.0,-100.0,-100.0,-100.0,-100,-100.0,-100.0
footballcoin,N/A,23 Jun 2017,N/A,N/A,N/A,N/A,N/A,N/A,N/A,N/A,N/A,N/A,N/A,N/A,N/A,N/A,-1.0,0.0,-100.0,-100.0,-100.0,-100,-100.0,-100.0
internetofcoins,N/A,21 Jun 2017,N/A,N/A,N/A,N/A,N/A,N/A,N/A,N/A,N/A,N/A,N/A,N/A,N/A,N/A,-1.0,0.0,-100.0,-100.0,-100.0,-100,-100.0,-100.0
bidlend,N/A,14 Jun 2017,N/A,N/A,N/A,N/A,N/A,N/A,N/A,N/A,N/A,N/A,N/A,N/A,N/A,N/A,-1.0,0.0,-100.0,-100.0,-100.0,-100,-100.0,-100.0
superdao,N/A,13 Jun 2017,N/A,N/A,N/A,N/A,N/A,N/A,N/A,N/A,N/A,N/A,N/A,N/A,N/A,N/A,-1.0,0.0,-100.0,-100.0,-100.0,-100,-100.0,-100.0
aira,N/A,11 Jun 2017,N/A,N/A,N/A,N/A,N/A,N/A,N/A,N/A,N/A,N/A,N/A,N/A,N/A,N/A,-1.0,0.0,-100.0,-100.0,-100.0,-100,-100.0,-100.0
embermine,N/A,02 Jun 2017,N/A,N/A,N/A,N/A,N/A,N/A,N/A,N/A,N/A,N/A,N/A,N/A,N/A,N/A,-1.0,0.0,-100.0,-100.0,-100.0,-100,-100.0,-100.0
adel,N/A,01 Jun 2017,N/A,N/A,N/A,N/A,N/A,N/A,N/A,N/A,N/A,N/A,N/A,N/A,N/A,N/A,-1.0,0.0,-100.0,-100.0,-100.0,-100,-100.0,-100.0
basicattentiontoken,N/A,31 May 2017,N/A,N/A,N/A,N/A,N/A,N/A,N/A,N/A,N/A,N/A,N/A,N/A,N/A,N/A,-1.0,0.0,-100.0,-100.0,-100.0,-100,-100.0,-100.0
exscudo,N/A,31 May 2017,N/A,N/A,N/A,N/A,N/A,N/A,N/A,N/A,N/A,N/A,N/A,N/A,N/A,N/A,-1.0,0.0,-100.0,-100.0,-100.0,-100,-100.0,-100.0
mysteriumnetwork,N/A,30 May 2017,N/A,N/A,N/A,N/A,N/A,N/A,N/A,N/A,N/A,N/A,N/A,N/A,N/A,N/A,-1.0,0.0,-100.0,-100.0,-100.0,-100,-100.0,-100.0
e4row,N/A,22 May 2017,N/A,N/A,N/A,N/A,N/A,N/A,N/A,N/A,N/A,N/A,N/A,N/A,N/A,N/A,-1.0,0.0,-100.0,-100.0,-100.0,-100,-100.0,-100.0
vivacoin,N/A,21 May 2017,N/A,N/A,N/A,N/A,N/A,N/A,N/A,N/A,N/A,N/A,N/A,N/A,N/A,N/A,-1.0,0.0,-100.0,-100.0,-100.0,-100,-100.0,-100.0
bitcoingrowthfund,N/A,17 May 2017,N/A,N/A,N/A,N/A,N/A,N/A,N/A,N/A,N/A,N/A,N/A,N/A,N/A,N/A,-1.0,0.0,-100.0,-100.0,-100.0,-100,-100.0,-100.0
legendsroom,N/A,15 May 2017,N/A,N/A,N/A,N/A,N/A,N/A,N/A,N/A,N/A,N/A,N/A,N/A,N/A,N/A,-1.0,0.0,-100.0,-100.0,-100.0,-100,-100.0,-100.0
nexxus,N/A,08 May 2017,N/A,N/A,N/A,N/A,N/A,N/A,N/A,N/A,N/A,N/A,N/A,N/A,N/A,N/A,-1.0,0.0,-100.0,-100.0,-100.0,-100,-100.0,-100.0
quantumresistantledger,N/A,07 May 2017,N/A,N/A,N/A,N/A,N/A,N/A,N/A,N/A,N/A,N/A,N/A,N/A,N/A,N/A,-1.0,0.0,-100.0,-100.0,-100.0,-100,-100.0,-100.0
creativechain,N/A,01 May 2017,N/A,N/A,N/A,N/A,N/A,N/A,N/A,N/A,N/A,N/A,N/A,N/A,N/A,N/A,-1.0,0.0,-100.0,-100.0,-100.0,-100,-100.0,-100.0
apptrade,N/A,30 Apr 2017,N/A,N/A,N/A,N/A,N/A,N/A,N/A,N/A,N/A,N/A,N/A,N/A,N/A,N/A,-1.0,0.0,-100.0,-100.0,-100.0,-100,-100.0,-100.0
backtoearth,N/A,28 Apr 2017,N/A,N/A,N/A,N/A,N/A,N/A,N/A,N/A,N/A,N/A,N/A,N/A,N/A,N/A,-1.0,0.0,-100.0,-100.0,-100.0,-100,-100.0,-100.0
iex.ec,N/A,19 Apr 2017,N/A,N/A,N/A,N/A,N/A,N/A,N/A,N/A,N/A,N/A,N/A,N/A,N/A,N/A,-1.0,0.0,-100.0,-100.0,-100.0,-100,-100.0,-100.0
blockchaincapital,N/A,10 Apr 2017,N/A,N/A,N/A,N/A,N/A,N/A,N/A,N/A,N/A,N/A,N/A,N/A,N/A,N/A,-1.0,0.0,-100.0,-100.0,-100.0,-100,-100.0,-100.0
cosmosnetwork,N/A,06 Apr 2017,N/A,N/A,N/A,N/A,N/A,N/A,N/A,N/A,N/A,N/A,N/A,N/A,N/A,N/A,-1.0,0.0,-100.0,-100.0,-100.0,-100,-100.0,-100.0
cosmos,N/A,05 Apr 2017,N/A,N/A,N/A,N/A,N/A,N/A,N/A,N/A,N/A,N/A,N/A,N/A,N/A,N/A,-1.0,0.0,-100.0,-100.0,-100.0,-100,-100.0,-100.0
equibit,N/A,31 Mar 2017,N/A,N/A,N/A,N/A,N/A,N/A,N/A,N/A,N/A,N/A,N/A,N/A,N/A,N/A,-1.0,0.0,-100.0,-100.0,-100.0,-100,-100.0,-100.0
chainofpoints,N/A,31 Mar 2017,N/A,N/A,N/A,N/A,N/A,N/A,N/A,N/A,N/A,N/A,N/A,N/A,N/A,N/A,-1.0,0.0,-100.0,-100.0,-100.0,-100,-100.0,-100.0
cashscripter,N/A,30 Mar 2017,N/A,N/A,N/A,N/A,N/A,N/A,N/A,N/A,N/A,N/A,N/A,N/A,N/A,N/A,-1.0,0.0,-100.0,-100.0,-100.0,-100,-100.0,-100.0
augmentors,N/A,28 Feb 2017,N/A,N/A,N/A,N/A,N/A,N/A,N/A,N/A,N/A,N/A,N/A,N/A,N/A,N/A,-1.0,0.0,-100.0,-100.0,-100.0,-100,-100.0,-100.0
lykke(2ndround),N/A,27 Feb 2017,N/A,N/A,N/A,N/A,N/A,N/A,N/A,N/A,N/A,N/A,N/A,N/A,N/A,N/A,-1.0,0.0,-100.0,-100.0,-100.0,-100,-100.0,-100.0
contingency,N/A,27 Feb 2017,N/A,N/A,N/A,N/A,N/A,N/A,N/A,N/A,N/A,N/A,N/A,N/A,N/A,N/A,-1.0,0.0,-100.0,-100.0,-100.0,-100,-100.0,-100.0
dfinity,N/A,13 Feb 2017,N/A,N/A,N/A,N/A,N/A,N/A,N/A,N/A,N/A,N/A,N/A,N/A,N/A,N/A,-1.0,0.0,-100.0,-100.0,-100.0,-100,-100.0,-100.0
betking,N/A,31 Dec 2016,N/A,N/A,N/A,N/A,N/A,N/A,N/A,N/A,N/A,N/A,N/A,N/A,N/A,N/A,-1.0,0.0,-100.0,-100.0,-100.0,-100,-100.0,-100.0
ether.camp,N/A,22 Dec 2016,N/A,N/A,N/A,N/A,N/A,N/A,N/A,N/A,N/A,N/A,N/A,N/A,N/A,N/A,-1.0,0.0,-100.0,-100.0,-100.0,-100,-100.0,-100.0
virtualaccelerator,N/A,21 Dec 2016,N/A,N/A,N/A,N/A,N/A,N/A,N/A,N/A,N/A,N/A,N/A,N/A,N/A,N/A,-1.0,0.0,-100.0,-100.0,-100.0,-100,-100.0,-100.0
mysterium(1stround),N/A,18 Dec 2016,N/A,N/A,N/A,N/A,N/A,N/A,N/A,N/A,N/A,N/A,N/A,N/A,N/A,N/A,-1.0,0.0,-100.0,-100.0,-100.0,-100,-100.0,-100.0
vdice,N/A,15 Dec 2016,N/A,N/A,N/A,N/A,N/A,N/A,N/A,N/A,N/A,N/A,N/A,N/A,N/A,N/A,-1.0,0.0,-100.0,-100.0,-100.0,-100,-100.0,-100.0
beyondthevoid,N/A,30 Nov 2016,N/A,N/A,N/A,N/A,N/A,N/A,N/A,N/A,N/A,N/A,N/A,N/A,N/A,N/A,-1.0,0.0,-100.0,-100.0,-100.0,-100,-100.0,-100.0
massnetwork,N/A,30 Nov 2016,N/A,N/A,N/A,N/A,N/A,N/A,N/A,N/A,N/A,N/A,N/A,N/A,N/A,N/A,-1.0,0.0,-100.0,-100.0,-100.0,-100,-100.0,-100.0
arcadecity,N/A,29 Nov 2016,N/A,N/A,N/A,N/A,N/A,N/A,N/A,N/A,N/A,N/A,N/A,N/A,N/A,N/A,-1.0,0.0,-100.0,-100.0,-100.0,-100,-100.0,-100.0
etcwin,N/A,23 Nov 2016,N/A,N/A,N/A,N/A,N/A,N/A,N/A,N/A,N/A,N/A,N/A,N/A,N/A,N/A,-1.0,0.0,-100.0,-100.0,-100.0,-100,-100.0,-100.0
kibolotto,N/A,09 Nov 2016,N/A,N/A,N/A,N/A,N/A,N/A,N/A,N/A,N/A,N/A,N/A,N/A,N/A,N/A,-1.0,0.0,-100.0,-100.0,-100.0,-100,-100.0,-100.0
lykke(1stround),N/A,09 Oct 2016,N/A,N/A,N/A,N/A,N/A,N/A,N/A,N/A,N/A,N/A,N/A,N/A,N/A,N/A,-1.0,0.0,-100.0,-100.0,-100.0,-100,-100.0,-100.0
antshares,N/A,07 Sep 2016,N/A,N/A,N/A,N/A,N/A,N/A,N/A,N/A,N/A,N/A,N/A,N/A,N/A,N/A,-1.0,0.0,-100.0,-100.0,-100.0,-100,-100.0,-100.0
metaverse,N/A,05 Sep 2016,N/A,N/A,N/A,N/A,N/A,N/A,N/A,N/A,N/A,N/A,N/A,N/A,N/A,N/A,-1.0,0.0,-100.0,-100.0,-100.0,-100,-100.0,-100.0
icoo,N/A,30 Jul 2016,N/A,N/A,N/A,N/A,N/A,N/A,N/A,N/A,N/A,N/A,N/A,N/A,N/A,N/A,-1.0,0.0,-100.0,-100.0,-100.0,-100,-100.0,-100.0
breakoutcoin,N/A,07 Jul 2016,N/A,N/A,N/A,N/A,N/A,N/A,N/A,N/A,N/A,N/A,N/A,N/A,N/A,N/A,-1.0,0.0,-100.0,-100.0,-100.0,-100,-100.0,-100.0
plutus,N/A,01 Jun 2016,N/A,N/A,N/A,N/A,N/A,N/A,N/A,N/A,N/A,N/A,N/A,N/A,N/A,N/A,-1.0,0.0,-100.0,-100.0,-100.0,-100,-100.0,-100.0
mycelium(2ndround),N/A,17 May 2016,N/A,N/A,N/A,N/A,N/A,N/A,N/A,N/A,N/A,N/A,N/A,N/A,N/A,N/A,-1.0,0.0,-100.0,-100.0,-100.0,-100,-100.0,-100.0
thedao,N/A,01 May 2016,N/A,N/A,N/A,N/A,N/A,N/A,N/A,N/A,N/A,N/A,N/A,N/A,N/A,N/A,-1.0,0.0,-100.0,-100.0,-100.0,-100,-100.0,-100.0
projectdecorum,N/A,01 May 2016,N/A,N/A,N/A,N/A,N/A,N/A,N/A,N/A,N/A,N/A,N/A,N/A,N/A,N/A,-1.0,0.0,-100.0,-100.0,-100.0,-100,-100.0,-100.0
ionomy,N/A,01 Apr 2016,N/A,N/A,N/A,N/A,N/A,N/A,N/A,N/A,N/A,N/A,N/A,N/A,N/A,N/A,-1.0,0.0,-100.0,-100.0,-100.0,-100,-100.0,-100.0
digixglobal,N/A,29 Mar 2016,N/A,N/A,N/A,N/A,N/A,N/A,N/A,N/A,N/A,N/A,N/A,N/A,N/A,N/A,-1.0,0.0,-100.0,-100.0,-100.0,-100,-100.0,-100.0
spellsofgenesis,N/A,01 Sep 2015,N/A,N/A,N/A,N/A,N/A,N/A,N/A,N/A,N/A,N/A,N/A,N/A,N/A,N/A,-1.0,0.0,-100.0,-100.0,-100.0,-100,-100.0,-100.0
neucoin,N/A,30 Apr 2015,N/A,N/A,N/A,N/A,N/A,N/A,N/A,N/A,N/A,N/A,N/A,N/A,N/A,N/A,-1.0,0.0,-100.0,-100.0,-100.0,-100,-100.0,-100.0
dacplay,N/A,21 Feb 2015,N/A,N/A,N/A,N/A,N/A,N/A,N/A,N/A,N/A,N/A,N/A,N/A,N/A,N/A,-1.0,0.0,-100.0,-100.0,-100.0,-100,-100.0,-100.0
getgems,N/A,04 Jan 2015,N/A,N/A,N/A,N/A,N/A,N/A,N/A,N/A,N/A,N/A,N/A,N/A,N/A,N/A,-1.0,0.0,-100.0,-100.0,-100.0,-100,-100.0,-100.0
storjcoinx,N/A,17 Aug 2014,N/A,N/A,N/A,N/A,N/A,N/A,N/A,N/A,N/A,N/A,N/A,N/A,N/A,N/A,-1.0,0.0,-100.0,-100.0,-100.0,-100,-100.0,-100.0
