coin,start,end,duration,age,region,industry,team,raised,hardcap,success,price,telegram,N_google_news,N_twitter,hype,ret_ico_to_day_one,vol_day1,sharpe_1,sharpe_3,sharpe_yr,sharpe_yr2,beta_btc,beta_top10,alpha_btc,alpha_top10
eos,11 Jun 2017,26 Jun 2017,15.0,351.0,1,blockchain,4,185000000.0,N/A,N/A,0.99,59922,57,N/A,0.7,0.02,13613000,0.185,0.085,1.348,1.309,0.073,1.3,0.014,0.015
iota,24 Nov 2017,20 Dec 2017,26.0,174.0,12,saas,N/A,N/A,N/A,N/A,N/A,2,6,N/A,0.32,0.0,25425600,-0.204,0.116,1.84,1.766,0.063,0.238,0.007,0.007
tron,07 Sep 2017,08 Sep 2017,1.0,277.0,3,blockchain,1,70000000.0,70000000.0,1.0,0.0019,98258,31,N/A,0.62,0.046,48512,0.152,0.098,1.553,1.504,-0.068,1.778,0.024,0.023
neo,8 Aug 2017,7 Sep 2017,30.0,278.0,3,blockchain,16,28056944.0,N/A,N/A,0.03,4,31,321507,0.76,17.616,1349,0.118,0.083,1.323,1.292,0.039,-0.194,0.016,0.004
qtum,12 Mar 2017,17 Mar 2017,5.0,452.0,7,blockchain,18,15000000.0,15000000.0,1.0,0.3,14019,7,166979,N/A,19.633,11221600,0.231,0.064,1.017,0.961,0.064,0.801,0.008,0.004
omisego,23 Jun 2017,23 Jul 2017,30.0,324.0,7,fintech,5,25000000.0,25000000.0,1.0,0.23,N/A,11,280247,N/A,1.533,750698,0.366,0.305,4.848,4.865,-0.064,-1.489,0.015,-0.003
icon,22 Sep 2017,22 Sep 2017,0.0,263.0,8,transportation,30,42750000.0,42750000.0,1.0,0.11,21112,30,105777,0.5,3.519,71509,0.341,0.319,5.064,5.083,-0.084,-1.012,0.015,-0.001
zilliqa,27 Dec 2017,04 Jan 2018,8.0,159.0,12,blockchain,N/A,22000000.0,22000000.0,1.0,0.0038,30496,4,N/A,0.74,34.8,4921770,-0.363,-0.136,-2.16,-2.121,-0.363,-2.199,0.001,0.012
aeternity,29 May 2017,19 Jun 2017,21.0,358.0,5,saas,15,24426689.0,N/A,N/A,0.28,N/A,4,274,N/A,1.484,1518,0.392,0.092,1.467,1.481,0.027,-1.259,0.016,0.007
0x,15 Aug 2017,15 Sep 2017,31.0,270.0,1,saas,6,24000000.0,24000000.0,1.0,0.07,N/A,7,45526,N/A,2.206,5232600,0.233,0.128,2.036,2.055,-0.252,-1.115,0.014,0.006
bytom,20 Jun 2017,20 Jul 2017,30.0,327.0,3,saas,7,22554000.0,N/A,N/A,0.05,N/A,2,18061,N/A,1.256,7543670,0.182,0.051,0.814,0.833,-0.083,-3.081,0.012,0.005
verge,15 Jun 2016,15 Jul 2016,30.0,697.0,12,blockchain,N/A,N/A,N/A,N/A,N/A,36832,0,N/A,N/A,0.0,707,0.072,0.106,1.677,1.689,-0.284,0.11,0.027,-0.0
augur,17 Aug 2015,1 Oct 2015,45.0,985.0,1,saas,13,5000000.0,6250000.0,0.8,0.6,N/A,0,436,N/A,1.45,728,0.107,0.148,2.346,2.399,0.025,-1.715,0.008,0.0
golem,13 Nov 2016,13 Nov 2016,0.0,576.0,5,saas,15,8000000.0,8000000.0,1.0,0.01,748,0,140633,N/A,61.499,27557000,0.025,0.196,0.391,0.444,0.116,1.359,-0.012,-0.012
wanchain,01 Oct 2017,01 Nov 2017,31.0,223.0,3,other,31,35990000.0,35990000.0,1.0,0.34,46807,0,105673,0.54,11.382,189439000,0.181,0.06,0.948,1.052,-0.525,-4.67,-0.002,-0.029
populous,24 Jul 2017,24 Jul 2017,0.0,323.0,4,fintech,5,10220400.0,1022040000.0,0.01,0.25,N/A,0,23384,0.82,12.32,2704070,0.203,0.109,1.733,1.784,-0.054,-5.265,0.011,-0.024
status,20 Jun 2017,20 Jun 2017,0.0,357.0,6,saas,12,10000000.0,N/A,N/A,0.04,N/A,0,102960,N/A,0.404,13747700,-0.213,0.044,0.699,0.752,0.152,-1.878,0.007,-0.018
aion,24 Nov 2017,24 Dec 2017,30.0,170.0,12,other,8,N/A,N/A,N/A,1.0,11445,0,70317,N/A,-0.374,20958,0.115,0.215,3.413,3.452,-0.122,-2.5,0.016,-0.024
nebulas,8 Dec 2017,16 Dec 2017,8.0,180.0,1,saas,14,60000000.0,60000000.0,1.0,2.0,12168,2,23073,N/A,1.17,995797,-0.168,0.167,2.648,2.604,-0.129,-1.016,0.009,0.01
digixdao,29 Mar 2016,30 Mar 2016,1.0,804.0,7,saas,N/A,55000004.0,N/A,N/A,4.2,N/A,0,15491,N/A,6.543,1900,-0.043,-0.006,-0.091,-0.026,0.035,1.002,0.006,-0.018
loopring,1 Aug 2017,16 Aug 2017,15.0,300.0,3,saas,3,45000000.0,45000000.0,1.0,0.06,N/A,0,42433,0.6,0.747,200829,-0.054,0.123,1.952,2.006,-0.146,-3.389,0.013,-0.02
komodo,15 Oct 2016,16 Nov 2016,32.0,573.0,12,saas,N/A,1983781.0,N/A,N/A,0.38,N/A,0,90460,N/A,-0.708,22487,0.024,0.119,1.887,1.9,0.001,-1.632,0.021,-0.016
ark,05 Nov 2016,09 Dec 2016,34.0,550.0,12,blockchain,N/A,22000000.0,N/A,N/A,0.1,45,0,N/A,N/A,-0.657,133793,0.321,0.267,4.231,4.287,-0.159,-2.578,0.016,-0.025
bancor,12 Jun 2017,12 Jun 2017,0.0,365.0,12,saas,12,15300000.0,N/A,N/A,3.92,6745,0,846,N/A,4.097,16871,-0.158,-0.06,-0.946,-0.881,-0.005,-2.709,0.001,-0.013
cryptonex,01 Sep 2017,30 Sep 2017,29.0,255.0,12,other,N/A,N/A,N/A,N/A,N/A,2273,0,N/A,N/A,0.0,79554,-0.029,0.119,1.897,1.957,-0.237,-2.54,0.008,-0.016
elastos,01 Jan 2018,22 Jan 2018,21.0,141.0,3,other,51,94073200.0,94073200.0,1.0,18.09,17300,0,23153,0.62,1.259,33745700,0.185,-0.021,-0.326,-0.242,-0.423,0.297,0.001,-0.013
cybermiles,21 Nov 2017,21 Dec 2017,30.0,173.0,1,saas,9,30881582.0,30881582.0,1.0,0.1,67873,0,244405,0.62,0.806,12580000,-0.099,0.014,0.228,0.284,-0.036,-4.806,0.004,-0.008
dentacoin,1 Oct 2017,1 Nov 2017,31.0,223.0,5,insurance services,19,1923507.0,27478671.0,0.07,0.0,1492,0,110,0.6,0.0,228296,0.042,0.059,0.931,0.975,-0.184,-2.806,0.023,-0.029
veritaseum,25 Apr 2017,26 May 2017,31.0,382.0,1,blockchain,3,6480882.0,N/A,N/A,12.0,1838,0,23482,N/A,3.047,450758,0.224,0.127,2.016,2.016,-236.467,-3.705,187.204,-0.008
fusion,1 Feb 2018,10 Feb 2018,9.0,122.0,7,fintech,10,42185216.0,42185216.0,1.0,2.06,2746,0,8119,0.4,0.592,1440790,-0.034,0.126,1.994,2.093,-0.196,-3.384,0.008,-0.02
kin,12 Sep 2017,26 Sep 2017,14.0,259.0,1,saas,7,48594816.0,74761255.0,0.65,0.0,N/A,0,25027,0.58,0.0,372049,-0.077,-0.011,-0.174,-0.083,-0.139,0.326,0.011,-0.017
theta-token,07 Jan 2018,07 Jan 2018,0.0,156.0,12,blockchain,N/A,20000000.0,20000000.0,1.0,0.12,13537,0,N/A,0.6,0.527,10023000,0.049,0.064,1.012,1.081,-0.15,5.926,0.007,0.009
dropil,7 Feb 2018,7 Mar 2018,28.0,97.0,1,fintech,8,60000000.0,N/A,N/A,N/A,739,0,6880,N/A,0.0,78904,-0.043,0.063,0.994,1.095,-0.039,-1.32,0.004,-0.001
substratum,14 Aug 2017,14 Sep 2017,31.0,271.0,1,blockchain,6,13800000.0,44516129.0,0.31,0.07,12662,0,1157,0.4,-0.333,41819,0.285,0.278,4.417,4.482,-0.246,-5.16,0.015,-0.029
electroneum,14 Sep 2017,20 Oct 2017,36.0,235.0,4,blockchain,12,39934610.0,39934610.0,1.0,0.01,49382,0,125597,0.44,6.736,2464330,-0.137,0.079,1.255,1.304,0.089,-2.333,0.0,-0.017
bnktothefuture,16 Feb 2018,16 Mar 2018,28.0,88.0,12,fintech,10,33000000.0,N/A,N/A,0.1,N/A,0,N/A,0.58,-0.22,40890,0.32,0.198,3.136,3.222,-0.039,0.234,0.014,-0.015
decentraland,8 Aug 2017,8 Aug 2017,0.0,308.0,10,entertainment,12,24137000.0,24137000.0,1.0,0.02,N/A,0,3,0.7,0.237,688849,-0.21,-0.012,-0.183,-0.117,-0.118,-0.185,0.014,-0.011
power-ledger,8 Sep 2017,6 Oct 2017,28.0,249.0,9,energy,17,13232290.0,N/A,N/A,0.09,16425,0,940,0.4,-0.381,1017460,0.512,0.32,5.074,5.119,0.056,-2.097,0.015,-0.017
storm,07 Nov 2017,07 Dec 2017,30.0,187.0,1,fintech,8,30716420.0,30716420.0,1.0,0.0113,9837,0,27367,N/A,0.43,330757,0.67,0.151,2.39,2.439,-0.228,-1.259,0.015,-0.023
dragonchain,2 Oct 2017,2 Nov 2017,31.0,222.0,1,saas,8,13700000.0,16707317.0,0.82,0.07,N/A,0,75768,0.3,2.853,1142060,0.364,0.257,4.081,4.133,0.107,-1.889,0.01,-0.026
deepbrain-chain,15 Dec 2017,15 Dec 2017,0.0,179.0,7,other,N/A,11755200.0,11755200.0,1.0,0.0158,12804,0,N/A,N/A,4.813,18387700,0.288,0.086,1.362,1.416,-0.282,-2.547,0.006,-0.014
holo,29 Mar 2018,28 Apr 2018,30.0,45.0,7,telecommunications,10,20388500.0,20388500.0,1.0,0.0002,8076,0,5279,N/A,2.84,5764530,0.254,2.02,4.039,4.103,0.285,-4.626,0.007,-0.016
iexec-rlc,17 Apr 2017,10 May 2017,23.0,400.0,12,other,8,12000000.0,N/A,N/A,0.178,N/A,0,N/A,N/A,0.593,151637,0.29,0.168,2.662,2.612,-0.102,-1.359,0.009,0.009
gifto,14 Dec 2017,14 Dec 2017,0.0,180.0,3,entertainment,5,10000000.0,10000000.0,1.0,0.1,54846,0,17240,0.48,2.489,44959800,0.325,0.124,1.967,2.017,-0.072,-2.321,0.004,-0.024
storj,19 May 2017,25 May 2017,6.0,383.0,1,saas,15,30000000.0,30000000.0,1.0,0.5,N/A,0,83843,N/A,0.097,211542,0.08,0.104,1.645,1.689,-0.018,-1.516,0.008,-0.016
monaco,18 May 2017,18 Jun 2017,31.0,359.0,6,fintech,4,26700000.0,267000000.0,0.1,2.88,7383,0,65305,0.78,-0.142,1549870,-0.095,0.197,3.132,3.162,0.049,-1.428,0.013,-0.023
salt,01 Aug 2017,15 Aug 2017,14.0,301.0,12,fintech,N/A,48500000.0,48500000.0,1.0,0.89,819,0,N/A,N/A,3.876,4174650,-0.167,0.008,0.129,0.203,-0.08,-2.513,-0.001,-0.031
neblio,6 Aug 2017,20 Aug 2017,14.0,296.0,1,fintech,2,14834923.0,211927471.0,0.07,0.2,N/A,0,N/A,0.44,2.146,257746,0.201,0.237,3.757,3.811,-0.097,1.806,0.02,-0.026
civic,21 Jun 2017,22 Jun 2017,1.0,355.0,1,saas,2,33000000.0,33000000.0,1.0,0.1,8925,0,87753,N/A,0.767,9750800,0.18,0.142,2.247,2.303,-0.243,-2.968,0.007,-0.019
singularitynet,19 Dec 2017,19 Dec 2017,0.0,175.0,6,saas,9,32847814.0,32847814.0,1.0,0.1,15727,0,17336,N/A,14.2,17465100,0.093,0.004,0.071,0.109,-0.144,-10.859,0.0,-0.012
tenx,24 Jun 2017,24 Jun 2017,0.0,353.0,7,fintech,10,80000000.0,N/A,N/A,0.87,116,0,1726,0.74,53.943,303595,0.046,0.156,2.484,2.52,-0.138,-3.044,0.006,-0.021
iconomi,25 Aug 2016,29 Sep 2016,35.0,621.0,5,saas,26,10000000.0,11764706.0,0.85,0.11,N/A,0,922,N/A,1.433,14652,0.136,0.102,1.621,1.66,-0.092,-2.183,0.009,-0.021
nexo,17 Mar 2018,15 Apr 2018,29.0,58.0,6,fintech,14,52500000.0,52500000.0,1.0,0.1,63026,0,N/A,0.7,0.85,3226150,0.044,0.351,0.701,0.773,-0.48,-4.746,-0.007,-0.03
revain,21 Aug 2017,4 Sep 2017,14.0,281.0,2,saas,12,12513346.0,12513346.0,1.0,0.05,2358,0,6483,0.46,0.558,107140,0.26,0.379,6.016,6.089,0.092,0.247,0.012,-0.027
time-new-bank,18 Nov 2017,23 Nov 2017,5.0,201.0,7,saas,4,14360000.0,14360000.0,1.0,0.02,27739,0,15039,N/A,0.761,10625600,0.332,0.198,3.14,3.19,-0.137,-1.1,0.007,-0.018
quantstamp,17 Nov 2017,16 Dec 2017,29.0,178.0,1,fintech,10,31320000.0,31320000.0,1.0,0.07,23955,0,N/A,0.56,0.304,28481900,0.182,0.226,3.59,3.638,-0.324,-6.191,0.01,-0.021
dent,12 Jul 2017,26 Jul 2017,14.0,321.0,3,telecommunications,8,1923507.0,27478671.0,0.07,0.0,1492,0,36592,N/A,0.0,71565,0.162,0.104,1.654,1.691,-0.18,-2.833,0.029,-0.01
lympo,17 Feb 2018,28 Feb 2018,11.0,104.0,5,entertainment,11,16857899.0,16857899.0,1.0,0.0217,13221,0,7039,N/A,-0.258,176692,0.264,0.217,3.437,3.51,-0.106,-1.607,0.023,0.014
request-network,13 Oct 2017,17 Oct 2017,4.0,238.0,5,fintech,7,33600000.0,33600000.0,1.0,0.06,13831,0,772,0.36,0.013,5914220,0.117,0.262,4.163,4.237,-0.183,-3.293,0.008,-0.03
enjin-coin,3 Oct 2017,31 Oct 2017,28.0,224.0,7,entertainment,8,22959609.0,24956097.0,0.92,0.03,13224,0,N/A,N/A,-0.332,742008,0.026,0.278,4.415,4.474,-0.146,-1.527,0.013,-0.017
aragon,17 May 2017,17 May 2017,0.0,391.0,5,saas,2,25000000.0,N/A,N/A,0.74,2,6,6878,N/A,1.054,2745280,0.272,0.084,1.336,1.413,0.014,-0.984,0.005,-0.023
storiqa,28 Nov 2017,29 Jan 2018,62.0,134.0,3,saas,11,25000000.0,25000000.0,1.0,0.0,34979,0,13150,0.2,0.0,271889,-0.097,0.108,1.718,1.812,-0.034,12.865,0.016,0.029
bottos,31 Dec 2017,30 Jan 2018,30.0,133.0,12,other,N/A,N/A,N/A,N/A,0.1,N/A,0,N/A,0.42,2.296,18592600,-0.094,-0.121,-1.921,-1.837,-0.193,-4.52,-0.001,-0.025
arcblock,3 Feb 2018,3 Feb 2018,0.0,129.0,1,blockchain,4,45000000.0,45000000.0,1.0,0.5,37991,0,34593,0.72,1.54,94865600,-0.366,0.071,1.132,1.253,-0.136,-4.097,-0.003,-0.021
gnosis,24 Apr 2017,24 Apr 2017,0.0,414.0,5,saas,10,12500000.0,12500000.0,1.0,29.85,N/A,0,69139,N/A,-1.0,22984,-0.012,-0.021,-0.341,-0.31,0.536,-27.789,0.006,-0.055
cindicator,12 Sep 2017,12 Oct 2017,30.0,243.0,2,blockchain,12,15000000.0,15000000.0,1.0,0.01,7934,0,39405,0.68,1.258,971989,-0.447,0.056,0.882,0.966,-0.143,-4.241,0.012,-0.025
bluzelle,18 Jan 2018,2 Feb 2018,15.0,130.0,7,saas,12,19500000.0,19500000.0,1.0,0.12,23035,0,33374,0.96,4.648,41214300,0.11,0.0,0.007,0.163,-0.628,-2.822,0.002,-0.042
ignis,5 Aug 2017,14 Oct 2017,70.0,241.0,5,other,4,15000000.0,21739130.0,0.69,1.05,N/A,0,27292,0.52,1.2,18762,0.265,0.073,1.166,1.199,-1.188,-2.949,0.005,-0.035
thekey,15 Jan 2018,15 Jan 2018,0.0,148.0,3,other,15,22000000.0,22000000.0,1.0,0.0352,72796,0,30241,0.7,-0.186,9008350,0.0,-0.072,-1.148,-0.947,-0.269,-5.883,-0.004,-0.04
crypterium,31 Oct 2017,14 Jan 2018,75.0,149.0,5,fintech,15,51656963.0,51656963.0,1.0,1.5,33727,0,16550,0.82,0.54,183715,-0.374,-0.045,-0.708,-0.573,-0.295,-3.597,-0.003,-0.021
smartmesh,29 Nov 2017,28 Dec 2017,29.0,166.0,7,saas,6,15691200.0,16872258.0,0.93,0.02,21377,0,3793,N/A,0.56,1131310,0.39,0.148,2.343,2.426,0.043,-5.142,0.01,-0.05
metal,9 Jun 2017,9 Jun 2017,0.0,368.0,1,blockchain,7,N/A,N/A,1.0,0.18,201,0,33028,N/A,8.278,2843520,0.351,0.297,4.718,4.825,-0.237,-7.768,0.009,-0.052
poa-network,17 Nov 2017,17 Nov 2017,0.0,207.0,1,saas,15,12500000.0,12500000.0,1.0,0.07,10710,0,306,N/A,8.064,79376200,-0.336,0.061,0.971,1.119,-0.371,-7.903,-0.006,-0.063
particl,16 Mar 2017,12 Apr 2017,27.0,426.0,12,other,N/A,750000.0,N/A,N/A,1.0,N/A,0,N/A,N/A,5.95,983921,-0.058,0.079,1.258,1.427,-0.205,-2.986,0.006,-0.057
credits,15 Feb 2018,28 Feb 2018,13.0,104.0,7,saas,9,22570394.0,22570394.0,1.0,0.17,70603,0,50375,0.88,1.4,3014620,0.283,0.168,2.664,2.798,0.032,-4.149,0.008,-0.051
pillar,15 Jul 2017,17 Jul 2017,2.0,330.0,4,saas,30,20000000.0,N/A,N/A,0.1,765,0,12759,N/A,-0.256,101274,0.243,0.064,1.02,1.159,-0.149,-3.992,0.01,-0.028
docademic,29 Jan 2018,15 Apr 2018,76.0,58.0,10,insurance services,11,1100000.0,N/A,N/A,N/A,7383,0,23660,0.26,0.0,716822,0.424,3.363,6.726,6.771,1.957,-10.116,0.102,-0.055
crypto20,16 Oct 2017,30 Nov 2017,45.0,196.0,1,fintech,6,37698373.0,75396746.0,0.5,1.1,N/A,4,9624,N/A,2.373,5672340,-0.206,-0.204,-3.238,-3.326,-0.103,-0.463,-0.007,-0.007
boscoin,09 May 2017,10 May 2017,1.0,398.0,12,blockchain,17,17920000.0,N/A,N/A,0.044,N/A,0,N/A,N/A,18.93,27934,0.195,0.19,3.016,3.114,-0.05,-3.908,0.0,-0.053
sonm,15 Jun 2017,19 Jun 2017,4.0,358.0,2,saas,14,42000000.0,N/A,N/A,0.59,7973,0,273,N/A,-0.116,86186,-0.551,-0.097,-1.54,-1.423,-0.08,-5.955,0.004,-0.056
sophiatx,7 Dec 2017,17 Dec 2017,10.0,177.0,6,saas,8,23470356.0,80932262.0,0.29,0.46,5459,0,16070,0.72,-0.01,2148170,0.353,0.076,1.202,1.32,-0.118,-2.411,0.002,-0.05
tokenomy,15 Jan 2018,5 Feb 2018,21.0,127.0,12,blockchain,6,22869000.0,N/A,N/A,N/A,2424,0,46,0.64,0.0,2372070,-0.569,-0.13,-2.07,-1.718,-0.013,1.978,-0.0,0.03
blockv,19 Oct 2017,25 Oct 2017,6.0,230.0,1,saas,4,21599100.0,39998333.0,0.54,0.42,3732,0,6515,0.6,-0.948,492028,0.345,0.231,3.671,3.771,-0.013,-0.394,0.008,-0.038
ambrosus,22 Sep 2017,22 Oct 2017,30.0,235.0,6,insurance services,20,32507330.0,98507061.0,0.33,0.29,4240,6,17208,N/A,-0.45,35697,0.095,0.119,1.895,1.933,0.209,-1.185,0.009,-0.004
genesis-vision,15 Oct 2017,15 Nov 2017,31.0,209.0,2,fintech,10,2836732.0,23639433.0,0.12,1.0,8089,0,19530,0.5,1.68,683667,0.386,0.27,4.287,4.384,-0.046,-9.887,0.016,-0.051
cube,16 Feb 2018,15 Mar 2018,27.0,89.0,4,saas,10,N/A,N/A,N/A,N/A,1611,0,5983,0.26,0.0,6757530,-0.13,0.001,0.013,0.166,-0.22,-14.566,-0.008,-0.052
tokenpay,7 Dec 2017,17 Jan 2018,41.0,146.0,7,blockchain,8,40948500.0,40948500.0,1.0,6.0,17560,0,N/A,N/A,-0.66,1515520,0.431,0.159,2.529,2.633,-0.313,-3.629,0.023,-0.026
eximchain,01 Feb 2018,13 Feb 2018,12.0,119.0,12,blockchain,16,20000000.0,20000000.0,1.0,0.33,2098,0,N/A,0.34,1.01,185434,-0.203,-0.352,-0.704,-0.484,0.158,-2.169,-0.003,-0.051
origintrail,15 Jan 2018,17 Jan 2018,2.0,146.0,5,saas,11,21513600.0,21513600.0,1.0,0.1,10095,0,549,0.42,1.364,3901170,0.193,0.058,0.915,1.034,-0.159,-1.765,0.005,-0.054
bread,16 Dec 2017,24 Dec 2017,8.0,170.0,6,blockchain,6,20021300.0,20021300.0,1.0,0.78,45751,0,54174,0.6,1.423,56455400,0.228,-0.03,-0.48,-0.332,-0.077,-6.197,-0.003,-0.039
jibrel-network,27 Nov 2017,1 Jan 2018,35.0,162.0,6,blockchain,9,30000000.0,30000000.0,1.0,0.25,2158,0,6544,0.68,0.689,10089800,0.06,-0.099,-1.565,-1.392,-0.503,-6.179,-0.0,-0.052
odem,17 Feb 2018,18 Mar 2018,29.0,86.0,6,social services,10,4000000.0,N/A,N/A,N/A,N/A,0,3133,N/A,0.0,18548,0.471,0.215,3.406,3.533,0.408,4.69,0.028,0.064
apex,01 Jan 2018,28 Jan 2018,27.0,135.0,12,blockchain,N/A,25000000.0,25000000.0,1.0,0.16,5774,0,N/A,0.4,0.055,9262900,0.414,3.29,6.579,6.793,-0.25,3.041,-0.008,-0.043
ethlend,25 Nov 2017,30 Nov 2017,5.0,194.0,5,blockchain,25,17860000.0,17860000.0,1.0,0.02,19002,0,46873,0.5,-0.069,728686,0.427,0.258,4.09,4.176,-0.293,-6.806,0.013,-0.045
telcoin,11 Dec 2017,30 Dec 2017,19.0,164.0,8,blockchain,10,25000000.0,25000000.0,1.0,0.001,20956,0,25614,0.4,5.031,842193,0.036,-0.051,-0.816,-0.696,-0.273,-2.033,-0.004,-0.039
apis,4 Mar 2018,3 Apr 2018,30.0,70.0,7,blockchain,21,N/A,N/A,N/A,N/A,N/A,0,N/A,0.2,0.0,4766240,0.218,1.732,3.465,3.514,-3.29,-9.653,0.049,-0.057
wagerr,1 Jun 2017,25 Jun 2017,24.0,352.0,10,saas,6,10000000.0,N/A,N/A,0.06,N/A,0,17160,N/A,0.141,120805,0.137,0.109,1.729,1.879,-0.238,-10.565,0.01,-0.02
red-pulse,8 Oct 2017,8 Oct 2017,0.0,247.0,3,fintech,3,14508923.0,14508923.0,1.0,0.03,6362,0,33197,N/A,0.849,5395350,-0.044,0.223,3.541,3.646,-0.248,-5.673,0.009,-0.048
edgeless,28 Feb 2017,21 Mar 2017,21.0,448.0,12,saas,N/A,2000000.0,N/A,N/A,0.04,1286,0,40095,N/A,-0.23,18692,0.264,0.185,2.935,2.99,0.027,-6.643,0.014,-0.046
eidoo,4 Oct 2017,16 Oct 2017,12.0,239.0,6,saas,5,27676992.0,51253689.0,0.54,2.3,5458,0,25872,N/A,0.035,39128,-0.04,0.138,2.185,2.397,-0.16,-2.484,0.002,-0.042
adex,30 Jun 2017,30 Jun 2017,0.0,347.0,2,fintech,16,10000000.0,10000000.0,1.0,0.24,4555,0,56664,N/A,2.633,4984360,-0.238,-1.887,-3.774,-3.377,-0.2,-4.988,-0.022,-0.051
paypie,15 Oct 2017,16 Oct 2017,1.0,239.0,1,saas,11,26000000.0,26000000.0,1.0,0.37,4207,0,7815,N/A,-0.02,256062,0.065,0.149,2.368,2.439,0.014,-4.038,0.011,-0.047
tokencard,2 May 2017,2 May 2017,0.0,406.0,4,fintech,8,12782000.0,12782000.0,1.0,0.54,2,0,18991,N/A,0.926,416619,0.063,0.016,0.249,0.4,-0.106,-0.17,0.007,-0.02
zebi,05 Mar 2018,31 Mar 2018,26.0,73.0,7,fintech,7,8561100.0,8561100.0,1.0,0.0333,15006,0,16921,0.46,2.483,5412550,0.139,1.104,2.209,2.365,-0.583,-12.871,-0.012,-0.07
babb,6 Feb 2018,6 Mar 2018,28.0,98.0,4,fintech,13,20000000.0,20000000.0,1.0,0.0,14262,0,10739,0.66,0.0,286765,-0.014,0.229,3.632,3.752,-0.371,-6.339,0.017,-0.057
airswap,10 Oct 2017,10 Nov 2017,31.0,214.0,1,fintech,4,12600000.0,12600000.0,1.0,0.3,4356,0,N/A,N/A,0.345,3654270,-0.161,0.06,0.954,1.145,-0.062,-6.664,0.004,-0.062
havven,28 Feb 2018,7 Mar 2018,7.0,97.0,9,blockchain,15,30000000.0,30000000.0,1.0,0.5,3969,0,11066,0.26,-0.039,1203240,-0.089,0.11,1.739,1.938,-0.221,-13.176,0.002,-0.046
bitrent,1 Dec 2017,31 Mar 2018,120.0,73.0,4,saas,19,14627210.0,N/A,N/A,0.06,12795,0,6587,0.74,-0.336,156399,0.27,0.046,0.728,0.921,-0.206,-16.716,0.002,-0.01
legolas-exchange,1 Feb 2018,15 Feb 2018,14.0,117.0,5,blockchain,9,18856000.0,N/A,N/A,N/A,N/A,0,11870,N/A,0.0,682912,-0.2,-0.013,-0.209,0.023,-0.235,-5.085,0.0,-0.03
minexcoin,15 May 2017,13 Jun 2017,29.0,364.0,12,fintech,N/A,N/A,N/A,N/A,N/A,3037,0,N/A,N/A,0.0,17365,0.506,0.314,4.992,5.08,0.085,-1.156,0.014,-0.037
wings,18 Nov 2016,6 Jan 2017,49.0,522.0,6,saas,14,1706156.0,2274875.0,0.75,0.03,N/A,0,635,N/A,-0.287,1601,0.342,0.213,3.38,3.495,-0.019,-3.693,0.013,-0.039
medibloc,27 Nov 2017,15 Dec 2017,18.0,179.0,7,saas,7,21271251.0,29959508.0,0.71,0.02,5620,0,10908,0.6,-0.006,645796,0.529,0.125,1.986,2.066,-0.391,-10.071,0.004,-0.073
loyalcoin,11 Dec 2017,10 Feb 2018,61.0,122.0,12,saas,10,40226964.0,40226964.0,1.0,0.01,N/A,0,6709,0.5,-0.359,60119,-1.518,-2.629,-5.257,-4.997,-1.033,-9.067,-0.037,-0.036
singulardtv,2 Oct 2016,2 Oct 2016,0.0,618.0,1,saas,N/A,7500000.0,N/A,N/A,0.02,348,0,37896,N/A,-0.067,165271,-0.141,-0.109,-1.734,-1.422,-0.093,-3.474,0.008,-0.052
district0x,18 Jul 2017,1 Aug 2017,14.0,315.0,1,saas,8,9000000.0,N/A,N/A,0.02,N/A,0,59528,N/A,-0.22,30593,0.461,0.162,2.568,2.68,-0.156,-1.336,0.014,-0.047
atn,27 Apr 2018,20 May 2018,23.0,23.0,12,saas,11,N/A,N/A,N/A,N/A,15714,0,4904,N/A,0.0,603047,0.175,-0.006,-0.089,0.116,-0.075,-9.075,-0.005,-0.036
datx,11 Feb 2018,11 Mar 2018,28.0,93.0,7,other,10,44150000.0,44150000.0,1.0,0.0353,25917,0,47901,0.46,-0.22,612568,-0.302,0.088,1.392,1.596,0.296,-0.948,0.001,-0.039
presearch,25 Jul 2017,31 Oct 2017,98.0,224.0,1,saas,10,16000000.0,N/A,N/A,0.25,10689,0,1221,N/A,-0.151,98499,0.257,0.132,2.089,2.172,0.161,-2.933,0.012,-0.028
wepower,1 Feb 2018,2 Feb 2018,1.0,130.0,7,saas,20,40000000.0,40000000.0,1.0,0.13,51021,0,36259,0.84,0.35,782690,-0.003,-0.05,-0.787,-0.573,-0.037,-5.649,-0.007,-0.057
appcoins,13 Dec 2017,20 Dec 2017,7.0,174.0,7,saas,18,15300000.0,15300000.0,1.0,0.1,11732,0,27442,0.58,34.3,124119000,-0.078,-0.122,-1.939,-1.767,-0.112,-4.966,-0.01,-0.048
zeepin,17 Jan 2018,17 Jan 2018,0.0,146.0,12,blockchain,N/A,62580000.0,62580000.0,1.0,0.13,5055,0,N/A,0.86,0.51,14383200,-0.006,-0.104,-1.644,-1.433,-0.255,-13.254,-0.005,-0.051
utrust,2 Nov 2017,20 Nov 2017,18.0,204.0,6,saas,26,21000000.0,21000000.0,1.0,0.07,12985,0,28550,0.92,1.993,3956620,0.338,0.077,1.227,1.366,-0.541,-4.011,-0.001,-0.051
ins-ecosystem,04 Dec 2017,25 Dec 2017,21.0,169.0,2,other,11,41500000.0,41500000.0,1.0,2.54,17617,0,N/A,0.86,1.685,373749,-0.061,-0.096,-1.531,-1.346,-0.264,-5.026,-0.008,-0.05
universa,27 Oct 2017,27 Nov 2017,31.0,197.0,2,saas,20,28559233.0,98480114.0,0.29,0.01,14203,0,1138,0.62,4.161,763454,-0.516,-0.131,-2.082,-1.773,-0.29,-2.996,-0.01,-0.022
crowd-machine,01 Apr 2018,22 May 2019,416.0,-344.0,7,saas,13,31530000.0,100000000.0,0.3153,N/A,6012,0,5252,0.62,0.0,220487,-0.28,-2.225,-4.45,-4.216,0.528,10.743,-0.008,0.015
mobilego,25 Apr 2017,25 May 2017,30.0,383.0,1,saas,8,53000000.0,N/A,N/A,0.76,2572,0,315,N/A,2.539,187166,-0.047,-0.015,-0.239,-0.08,-0.149,-2.31,0.0,-0.03
naga,1 Dec 2017,15 Dec 2017,14.0,179.0,12,fintech,14,45318896.0,45318896.0,1.0,1.0,13325,0,26,N/A,0.55,3010670,0.221,0.03,0.473,0.617,-0.041,2.078,-0.003,-0.032
wabi,28 Nov 2017,1 Dec 2017,3.0,193.0,2,ecommerce,10,11500000.0,11500000.0,1.0,0.25,8335,0,35410,0.42,4.56,26744800,0.207,0.094,1.497,1.624,-0.19,-9.157,0.001,-0.06
tierion,27 Jul 2017,28 Jul 2017,1.0,319.0,1,saas,4,25000000.0,25000000.0,1.0,0.07,4359,0,N/A,0.94,2.332,1142210,-0.109,-0.153,-2.427,-2.182,-0.235,-1.851,0.003,-0.045
odyssey,21 Jan 2018,22 Jan 2018,1.0,141.0,7,blockchain,9,50000000.0,50000000.0,1.0,0.0119,47567,0,894,0.54,1.093,12284200,0.09,0.014,0.223,0.357,-0.189,-10.757,0.004,-0.068
modum,1 Sep 2017,22 Oct 2017,51.0,233.0,6,saas,17,13350000.0,16481481.0,0.81,1.0,2350,0,14544,0.4,-0.373,119265,0.355,0.248,3.94,4.097,-0.164,-9.429,0.011,-0.044
taas,27 Mar 2017,28 Apr 2017,32.0,410.0,7,fintech,4,7500000.0,10135135.0,0.74,1.0,N/A,0,139,N/A,-0.18,1571,0.088,0.226,3.584,3.982,0.056,-0.646,0.005,-0.026
cashaa,6 Nov 2017,6 Dec 2017,30.0,188.0,4,fintech,11,11110000.0,31742857.0,0.35,0.1,7503,0,390,0.58,0.182,34753,-0.226,-0.13,-2.056,-1.833,0.146,-7.358,0.001,-0.036
decent,11 Sep 2016,6 Nov 2016,56.0,583.0,6,telecommunications,31,24137000.0,24137000.0,1.0,0.024,N/A,0,30143,N/A,3.583,121,0.199,0.172,2.738,2.823,0.156,-4.276,0.024,-0.029
melon,15 Feb 2017,16 Feb 2017,1.0,481.0,6,other,2,N/A,N/A,N/A,N/A,42,0,N/A,N/A,0.0,57957,0.209,0.069,1.091,1.245,-0.095,-1.634,0.006,-0.013
decentbet,21 Sep 2017,19 Oct 2017,28.0,238.0,12,other,N/A,N/A,N/A,N/A,0.1,N/A,0,N/A,N/A,0.815,26234,-0.027,0.147,2.341,2.371,-0.381,-3.15,0.009,0.002
yoyow,21 May 2017,24 May 2017,3.0,384.0,3,saas,N/A,4364760.0,14549200.0,0.3,0.02,3318,0,N/A,N/A,5.154,8194,-0.037,-0.007,-0.11,0.012,0.001,-2.112,0.009,-0.032
datawallet,5 Feb 2018,7 Mar 2018,30.0,97.0,1,other,13,39436870.0,39835222.0,0.99,0.18,6183,0,5945,0.42,-0.226,122971,-0.14,-0.141,-2.246,-2.022,0.342,1.802,-0.0,-0.037
etherparty,1 Oct 2017,29 Oct 2017,28.0,226.0,1,blockchain,26,33732274.0,64869758.0,0.52,0.1,6093,0,2,0.68,-0.565,180346,0.135,0.235,3.734,3.865,0.022,-1.97,0.009,-0.036
lunyr,29 Mar 2017,28 Apr 2017,30.0,410.0,1,saas,3,3400000.0,N/A,N/A,1.61,N/A,0,33895,N/A,0.59,309766,0.076,0.075,1.197,1.407,-0.205,-5.004,0.014,-0.045
qlink,27 Dec 2017,27 Jan 2018,31.0,136.0,7,transportation,7,19270800.0,19270800.0,1.0,0.1,19821,0,356,0.64,1.901,9911000,0.182,0.031,0.485,0.639,-0.405,-5.332,-0.003,-0.05
karma,29 Nov 2017,15 Dec 2017,16.0,179.0,2,fintech,17,10000000.0,10000000.0,1.0,0.01,1233,0,4219,0.44,5.911,150439,-0.01,-0.167,-2.648,-2.49,-0.427,-20.858,-0.006,-0.007
banca,26 Feb 2018,26 Feb 2018,0.0,106.0,7,other,9,20000000.0,20000000.0,1.0,0.002,9119,0,7395,0.42,-0.655,856596,0.049,0.264,4.192,4.343,-0.69,-12.336,0.019,-0.106
envion,15 Dec 2017,14 Jan 2018,30.0,149.0,6,blockchain,8,100000000.0,149253731.0,0.67,1.0,22043,0,21494,0.66,-0.036,168394,-0.223,-0.125,-1.981,-1.655,-0.282,3.724,-0.011,0.042
cobinhood,13 Sep 2017,22 Oct 2017,39.0,233.0,12,blockchain,5,13078406.0,25150781.0,0.52,0.07,12323,0,46173,0.2,-0.262,41446,0.213,0.243,3.854,4.009,0.173,8.049,0.011,-0.016
viberate,5 Sep 2017,5 Sep 2017,0.0,280.0,5,entertainment,19,12000000.0,12000000.0,1.0,0.1,5703,0,33574,0.56,1.75,1490480,-0.187,-0.078,-1.245,-1.006,-0.151,-1.784,0.003,-0.036
datum,29 Oct 2017,29 Nov 2017,31.0,195.0,6,saas,12,7581120.0,29158154.0,0.26,0.02,7865,0,36722,0.34,0.397,160521,0.607,0.185,2.929,3.114,-0.133,-8.858,0.004,-0.045
humaniq,6 Apr 2017,27 Apr 2017,21.0,411.0,4,saas,19,5163000.0,N/A,N/A,0.06,N/A,0,30649,N/A,0.178,420384,0.185,0.124,1.962,2.097,0.043,2.03,0.008,-0.029
propy,15 Aug 2017,15 Sep 2017,31.0,270.0,1,real estate,11,15077000.0,100513333.0,0.15,1.0,N/A,0,N/A,0.98,-0.255,26854,-0.101,-0.035,-0.561,-0.403,-0.04,-1.996,0.009,-0.037
mothership,7 Jul 2017,21 Jul 2017,14.0,326.0,5,saas,11,5406897.0,7724139.0,0.7,0.04,N/A,0,488,0.6,0.006,88727,0.494,0.233,3.699,3.882,-0.05,-5.78,0.008,-0.035
hive-project,3 Jul 2017,14 Aug 2017,42.0,302.0,5,fintech,18,8949421.0,N/A,N/A,0.02,N/A,0,3053,0.82,0.045,216,0.174,0.114,1.809,1.913,-0.031,5.351,0.016,-0.013
polybius,31 May 2017,30 Jun 2017,30.0,347.0,5,fintech,11,62956169.0,99930427.0,0.63,10.0,3545,0,10,N/A,-0.192,506294,-0.019,0.062,0.982,1.121,-0.364,-4.351,0.006,-0.027
firstblood,25 Sep 2016,26 Sep 2016,1.0,624.0,1,blockchain,13,5500000.0,N/A,N/A,0.08,13,0,31381,N/A,0.991,1255030,-0.205,-0.23,-3.644,-3.194,0.131,-4.545,0.007,-0.038
maecenas,7 Sep 2017,8 Oct 2017,31.0,247.0,4,saas,8,15375432.0,18982015.0,0.81,0.64,1121,0,2402,0.38,-0.279,11868,0.081,0.166,2.628,2.726,-0.224,5.056,0.023,0.042
bankex,28 Nov 2017,28 Dec 2017,30.0,166.0,1,fintech,9,70600000.0,103823529.0,0.68,1.47,6216,0,7760,0.82,0.932,371912,-0.431,-0.221,-3.507,-3.297,-0.138,-5.873,-0.013,-0.045
medicalchain,1 Feb 2018,1 Feb 2018,0.0,133.0,4,insurance services,10,23991953.0,23991953.0,1.0,0.2,26636,10,15843,N/A,0.588,122744,-0.117,-0.26,-4.129,-4.043,-0.069,0.008,-0.008,-0.008
coss,8 Aug 2017,6 Sep 2017,29.0,279.0,7,saas,24,3200000.0,N/A,N/A,0.56,N/A,0,200,0.48,-0.919,116130,0.397,0.121,1.917,2.064,0.101,-3.149,0.014,-0.055
refereum,12 Feb 2018,12 Mar 2018,28.0,92.0,1,saas,14,32252400.0,32252400.0,1.0,0.01,99999,0,54908,0.32,1.043,1161020,-0.257,-0.034,-0.54,-0.31,0.016,-7.015,-0.007,-0.072
alphacat,12 Jan 2018,12 Jan 2018,0.0,151.0,12,fintech,15,N/A,N/A,N/A,N/A,9246,0,N/A,N/A,0.0,474748,-0.188,-0.075,-1.184,-0.92,-0.083,-3.16,-0.004,-0.05
cofound.it,31 May 2017,07 Jun 2017,7.0,379.0,5,fintech,9,14820030.0,14820030.0,1.0,0.12,1086,5,N/A,N/A,1.682,3663160,-0.201,0.04,0.643,0.652,0.007,-1.689,0.0,-0.003
synereo,18 Sep 2016,18 Oct 2016,30.0,602.0,12,saas,N/A,4700000.0,4700000.0,1.0,0.19,N/A,0,26874,N/A,-0.988,241,0.233,0.243,3.861,3.968,-0.1,-4.937,0.013,-0.041
peerplays,26 Feb 2017,14 May 2017,77.0,394.0,1,entertainment,7,5000000.0,N/A,N/A,4.6,1414,0,5560,N/A,1.446,10275,0.243,0.072,1.135,1.343,0.122,39.067,0.01,0.069
dimcoin,1 Jul 2017,27 Aug 2017,57.0,289.0,11,fintech,N/A,14005746.0,14005746.0,1.0,0.01,3092,0,N/A,0.68,23.562,1409400,-0.49,-0.216,-3.431,-3.294,0.12,-0.847,-0.006,-0.018
everex,24 Jul 2017,31 Aug 2017,38.0,285.0,7,fintech,9,25840000.0,26101010.0,0.99,2.13,4632,0,14167,N/A,-0.103,1389230,0.115,0.036,0.575,0.742,0.104,-3.873,0.004,-0.039
chronobank,15 Dec 2016,15 Feb 2017,62.0,482.0,2,saas,1,5400000.0,N/A,N/A,10.0,N/A,0,19979,N/A,-0.06,42133,-0.269,0.022,0.343,0.571,-0.154,-6.112,0.006,-0.043
bloom,30 Nov 2017,1 Jan 2018,32.0,164.0,1,saas,5,41420705.0,81217069.0,0.51,0.7,13413,4,445,N/A,1.714,101651,-0.316,-0.147,-2.332,-2.321,-0.104,-0.975,-0.008,-0.001
silent-notary,15 Mar 2018,12 Apr 2018,28.0,61.0,2,blockchain,5,N/A,N/A,N/A,0.0,30381,0,6974,0.32,0.0,339139,0.265,2.101,4.202,4.294,-0.342,-1.22,0.053,-0.045
blackmoon,12 Sep 2017,12 Oct 2017,30.0,243.0,12,blockchain,6,30000000.0,30000000.0,1.0,1.1,3467,0,6480,0.46,-0.235,592273,0.008,-0.109,-1.732,-1.409,-0.108,-16.403,0.004,-0.015
gems,30 Jan 2018,01 Feb 2018,2.0,131.0,12,fintech,2,N/A,N/A,N/A,0.075,32364,0,19422,0.52,-0.689,4746,-0.075,0.01,0.158,0.323,-1.781,-340.168,0.163,11.124
stk,31 Jan 2018,14 Feb 2018,14.0,118.0,1,blockchain,16,17000000.0,N/A,N/A,0.2,7161,0,10155,N/A,0.262,12919500,-0.228,-0.237,-3.762,-3.546,-0.291,-3.821,-0.01,-0.056
stox,2 Aug 2017,4 Aug 2017,2.0,312.0,7,fintech,20,33000000.0,33000000.0,1.0,1.1,9742,0,14099,0.48,0.1,1294120,0.386,0.039,0.626,0.796,-0.082,-6.888,0.001,-0.061
incent,1 Sep 2016,1 Sep 2016,0.0,649.0,9,blockchain,8,1000000.0,N/A,N/A,0.1,N/A,0,13287,N/A,-0.918,43,0.22,0.139,2.2,2.219,-0.03,-8.761,0.03,-0.033
suncontract,28 Jun 2017,1 Aug 2017,34.0,315.0,5,energy,13,2000000.0,N/A,N/A,0.02,2,0,15504,0.76,1.128,35660,0.051,0.145,2.301,2.389,0.081,-14.765,0.014,-0.066
lamden,1 Dec 2017,3 Jan 2018,33.0,160.0,6,fintech,5,10000000.0,10000000.0,1.0,0.03,9136,0,N/A,0.36,21.283,937600,0.022,-0.052,-0.821,-0.682,-0.359,-14.631,-0.005,-0.072
selfkey,14 Jan 2018,14 Jan 2018,0.0,149.0,7,fintech,48,21776392.0,21776392.0,1.0,0.02,11224,0,0,0.74,2.327,31248100,-0.512,-0.254,-4.034,-3.809,-0.262,-0.466,-0.014,-0.011
matchpool,2 Apr 2017,4 Apr 2017,2.0,436.0,12,saas,7,5800000.0,N/A,N/A,0.1,2204,13,N/A,N/A,1.41,610,0.177,0.116,1.842,1.844,0.07,0.45,0.022,-0.0
cappasity,22 Feb 2018,22 Mar 2018,28.0,82.0,1,saas,5,2301451.0,19178758.0,0.12,0.01,57967,0,37694,0.62,2.315,887638,0.122,0.169,2.681,2.754,0.468,0.198,0.012,-0.026
aeron,19 Sep 2017,30 Oct 2017,41.0,225.0,10,transportation,11,4897723.0,30610769.0,0.16,0.5,19489,0,30228,0.5,-0.189,8757,0.124,0.162,2.578,2.615,0.119,-3.507,0.026,-0.05
divi,25 Oct 2017,21 Nov 2017,27.0,203.0,12,other,15,2592064.0,2592064.0,1.0,0.62,2296,0,N/A,0.66,0.365,56068,0.171,0.241,3.821,3.959,-0.214,-8.582,0.012,-0.01
quantum,15 Apr 2017,15 May 2017,30.0,393.0,5,blockchain,3,4122700.0,N/A,N/A,0.05,N/A,0,9194,N/A,5.732,136233,0.186,0.057,0.911,1.06,-0.083,-5.772,0.005,-0.043
dmarket,14 Nov 2017,01 Dec 2017,17.0,193.0,2,entertainment,4,19026768.0,52852133.0,0.36,0.63,3463,0,7307,0.68,0.542,18992,-0.025,0.065,1.026,1.096,0.108,-5.981,0.005,-0.059
monetha,31 Aug 2017,31 Aug 2017,0.0,285.0,5,fintech,11,35910000.0,35910000.0,1.0,0.19,4779,0,19175,0.68,0.502,2743890,-0.145,-0.105,-1.659,-1.448,-0.162,-6.854,0.002,-0.054
adtoken,26 Jun 2017,26 Jun 2017,0.0,351.0,12,saas,N/A,10000000.0,N/A,N/A,0.02,N/A,0,6628,N/A,2.26,334,-0.065,0.054,0.862,1.02,-0.234,-4.164,0.006,-0.055
morpheus-network,22 Mar 2018,22 Apr 2018,31.0,51.0,12,other,12,9883347.0,17969722.0,0.55,0.45,12166,0,6042,0.64,-0.104,193829,0.054,0.426,0.852,1.025,-0.572,-11.922,-0.004,-0.081
dadi,29 Jan 2018,29 Jan 2018,0.0,134.0,4,fintech,16,29000000.0,29000000.0,1.0,0.5,21996,0,32593,0.38,-0.112,2381560,-0.204,-0.044,-0.701,-0.411,0.005,-5.22,-0.008,-0.048
the-abyss,18 Apr 2018,16 May 2018,28.0,27.0,5,saas,12,15362418.0,18073433.0,0.85,0.11,40441,0,17270,0.74,-0.339,1355170,-2.062,-3.572,-7.143,-6.88,-1.102,-10.0,-0.059,-0.059
blocktix,7 Jul 2017,25 Jul 2017,18.0,322.0,5,entertainment,7,6981328.0,7506804.0,0.93,0.24,N/A,0,6044,N/A,-0.174,11878,0.285,0.071,1.12,1.279,0.058,-4.362,0.017,-0.055
latoken,22 Aug 2017,10 Oct 2017,49.0,245.0,7,fintech,26,18880673.0,40171645.0,0.47,0.3,5569,0,8174,0.44,-0.058,163778,-0.051,0.11,1.747,1.944,-0.047,-2.061,0.005,-0.027
covesting,24 Nov 2017,15 Jan 2018,52.0,148.0,7,saas,12,18750000.0,18750000.0,1.0,2.56,8972,0,10296,0.82,0.207,328108,-0.206,-0.123,-1.948,-1.694,-0.24,-4.832,-0.006,-0.057
coinpoker,19 Jan 2018,26 Jan 2018,7.0,137.0,7,entertainment,6,52712179.0,N/A,N/A,0.25,4932,0,5264,0.86,-0.61,350963,-0.382,-0.011,-0.178,0.176,-0.493,-5.094,-0.007,-0.051
daostack,8 May 2018,7 Jun 2018,30.0,5.0,7,transportation,9,30000000.0,30000000.0,1.0,1.0,23681,0,5854,0.66,0.31,1927100,-0.357,-2.83,-5.66,-5.333,0.066,-4.959,-0.036,-0.047
betterbetting,15 Dec 2017,31 Jan 2018,47.0,132.0,5,other,5,5500000.0,30555556.0,0.18,0.1,2966,0,2586,N/A,-0.1,196193,-0.038,-0.299,-0.599,-0.314,-0.591,1.139,0.001,-0.011
agrello,16 Jul 2017,17 Aug 2017,32.0,301.0,5,saas,7,30100000.0,43000000.0,0.7,0.56,4838,2,14931,N/A,-0.284,82770,-0.054,0.004,0.058,0.067,-0.05,-3.671,0.004,-0.003
carvertical,26 Dec 2017,4 Apr 2018,99.0,69.0,5,saas,14,19911150.0,19911150.0,1.0,0.0055,13315,0,0,N/A,1.65,451064,-0.049,-0.074,-1.177,-0.994,-0.714,-6.858,-0.01,-0.059
uptoken,16 Oct 2017,15 Dec 2017,60.0,179.0,1,fintech,10,18934021.0,35063002.0,0.54,0.1,28,0,3073,N/A,2.021,21597500,-0.442,-0.08,-1.274,-1.057,0.733,-6.248,-0.014,-0.076
sureremit,10 Jan 2018,10 Feb 2018,31.0,122.0,1,saas,6,10000000.0,10000000.0,1.0,1.0,2080,0,4456,0.34,-0.963,35294,-0.212,0.02,0.312,0.55,-0.53,-8.47,0.001,-0.059
smartlands,2 Nov 2017,20 Nov 2017,18.0,204.0,12,fintech,12,1753698.0,25052829.0,0.07,1.0,1702,0,2010,0.68,-0.803,102013,0.243,0.159,2.518,2.579,0.209,-2.144,0.044,-0.026
blockport,27 Jan 2018,31 Jan 2018,4.0,136.0,12,fintech,N/A,15000000.0,15000000.0,1.0,0.35,28317,0,N/A,0.42,0.25,1024180,-0.001,0.065,1.038,1.252,-0.169,-3.813,-0.0,-0.061
sentinel-chain,1 Mar 2018,10 Mar 2018,9.0,94.0,7,fintech,13,14400000.0,14400000.0,1.0,0.08,9127,0,4107,0.36,-0.184,1945280,0.53,0.112,1.771,2.084,-0.033,-0.652,0.001,-0.076
swissborg,7 Dec 2017,10 Jan 2018,34.0,153.0,6,blockchain,13,50000000.0,50000000.0,1.0,0.1,4737,0,11250,0.3,0.028,115322,-0.349,-0.192,-3.045,-2.712,-0.238,-5.376,-0.01,-0.056
lala-world,5 Jan 2018,5 Feb 2018,31.0,127.0,7,saas,5,20191350.0,20191350.0,1.0,0.13,825,0,10212,0.34,-0.253,28433,-0.45,-0.002,-0.026,0.123,0.103,-14.906,0.003,-0.118
hacken,31 Oct 2017,30 Nov 2017,30.0,194.0,2,blockchain,8,70000002.0,N/A,N/A,1.0,1936,0,9594,0.74,5.77,320959,0.163,0.065,1.029,1.173,0.016,-35.566,0.005,-0.115
indahash,29 Nov 2017,20 Dec 2017,21.0,174.0,5,saas,16,42715825.0,66743477.0,0.64,0.24,11543,0,9946,0.84,1.561,3113160,-0.199,-0.108,-1.711,-1.511,-0.331,-7.786,-0.014,-0.084
friendz,1 Mar 2018,20 Mar 2018,19.0,86.0,6,fintech,13,13754758.0,50943548.0,0.27,0.067,68853,8,55779,N/A,-0.704,250482,0.157,0.065,1.024,1.036,-0.359,-2.217,0.002,0.003
remme,13 Feb 2018,22 Feb 2018,9.0,110.0,7,saas,11,20000000.0,20000000.0,1.0,0.04,16229,0,6506,0.74,-0.209,587552,-0.338,0.001,0.022,0.339,-0.003,-10.816,-0.002,-0.075
etheroll,13 Feb 2017,27 Feb 2017,14.0,470.0,12,other,N/A,36349723.0,N/A,N/A,0.07,N/A,0,2163,N/A,15.857,33962,0.209,0.127,2.019,2.019,-4.16,-6.579,2.505,-0.048
bitclave,29 Nov 2017,29 Nov 2017,0.0,195.0,1,saas,19,25547000.0,25547000.0,1.0,0.1,10541,0,22790,0.66,0.505,957302,0.12,-0.013,-0.208,-0.04,-0.004,-1.334,-0.004,-0.026
unibright,20 Apr 2018,20 May 2018,30.0,23.0,5,fintech,7,13542375.0,13542375.0,1.0,0.14,10086,0,5373,0.24,0.384,2400200,-0.305,-2.42,-4.839,-4.598,-0.409,1.538,-0.045,-0.046
loki,,26 Mar 2018,25.0,78.0,12,telecommunications,7,N/A,N/A,N/A,0.68,17029,0,3210,0.46,0.259,230900,-0.275,-2.186,-4.371,-3.968,0.496,-6.507,-0.016,-0.087
locktrip,29 Oct 2017,30 Nov 2017,32.0,196.0,5,other,20,4000000.0,N/A,N/A,N/A,N/A,5,N/A,N/A,0.0,169077,0.447,0.14,2.223,2.196,0.05,-2.139,0.008,0.003
nebula-ai,31 Mar 2018,20 Apr 2018,20.0,53.0,1,other,11,5874054.0,17800164.0,0.33,0.0059,5388,0,1435,N/A,1.039,155134,-0.015,-0.118,-0.236,-0.047,-0.379,-4.658,-0.011,-0.032
sharder,22 Feb 2018,22 Mar 2018,28.0,82.0,12,saas,N/A,5398600.0,5398600.0,1.0,0.0446,10445,0,N/A,0.26,1.284,3209300,-0.176,-1.395,-2.79,-2.563,-0.323,2.103,-0.024,-0.05
te-food,22 Feb 2018,22 Mar 2018,28.0,82.0,6,fintech,19,19100000.0,19100000.0,1.0,0.05,10141,0,10307,0.5,-0.448,302268,-0.042,0.087,1.374,1.674,-0.18,-2.554,-0.002,-0.06
zap,21 Oct 2017,20 Nov 2017,30.0,204.0,7,blockchain,23,2827944.0,31421600.0,0.09,0.19,142,0,N/A,N/A,4.059,899137,-0.096,-0.062,-0.989,-0.787,-0.242,8.761,-0.008,-0.041
rivetz,10 Aug 2017,10 Sep 2017,31.0,275.0,1,saas,16,18653920.0,20057978.0,0.93,0.89,1582,0,9791,0.5,-0.446,31436,-0.003,-0.035,-0.558,-0.339,-0.004,-9.059,0.006,-0.072
leverj,7 Nov 2017,7 Dec 2017,30.0,187.0,12,saas,6,13049080.0,50188769.0,0.26,0.15,3606,0,5152,0.6,0.817,47085,-0.136,-0.139,-2.207,-1.99,-0.001,8.342,-0.001,0.074
aphelion,15 Nov 2017,7 Dec 2017,22.0,187.0,12,fintech,13,4780661.0,6733325.0,0.71,0.2,13879,0,14676,N/A,0.456,63598,0.247,1.964,3.928,4.073,-0.536,-13.253,0.002,-0.09
domraider,12 Sep 2017,9 Oct 2017,27.0,246.0,5,saas,33,67200000.0,67200000.0,1.0,0.12,364,0,151,0.62,-0.461,13888,0.025,0.086,1.368,1.536,-0.034,-6.448,0.005,-0.045
ecobit,9 Apr 2017,15 Jun 2017,67.0,362.0,12,other,N/A,N/A,N/A,N/A,0.03,291,0,1138,N/A,0.078,41297,-0.038,-0.006,-0.093,0.397,-0.154,-8.466,0.009,0.023
graft,18 Jan 2018,18 Feb 2018,31.0,114.0,1,blockchain,4,3000000.0,25000000.0,0.12,0.28,5490,0,2651,N/A,-0.846,40067,-0.304,-0.006,-0.099,0.139,0.219,-6.906,0.002,-0.096
bitdegree,1 Dec 2017,29 Dec 2017,28.0,165.0,5,social services,22,22127834.0,22127834.0,1.0,0.08,16797,0,20481,0.72,5.711,693702,-0.199,0.049,0.786,0.837,-0.991,-3.501,0.008,-0.038
airtoken,19 Sep 2017,19 Oct 2017,30.0,236.0,1,telecommunications,6,15000000.0,15000000.0,1.0,0.02,904,0,6530,0.72,-0.313,303295,-0.244,0.028,0.44,0.66,0.004,-10.203,0.004,-0.07
investfeed,23 Jul 2017,7 Aug 2017,15.0,309.0,1,saas,11,3400000.0,N/A,N/A,0.0,N/A,0,N/A,N/A,0.0,78892,0.104,0.097,1.546,1.711,-0.329,-0.799,0.01,-0.026
axpire,8 Jan 2018,12 Jan 2018,4.0,151.0,1,other,4,20000000.0,20000000.0,1.0,0.1,8079,0,6518,0.44,0.324,292608,-0.233,-0.15,-2.381,-2.18,-0.616,-14.847,-0.011,-0.086
flixxo,24 Oct 2017,24 Nov 2017,31.0,200.0,10,saas,5,4731021.0,12130823.0,0.39,0.12,3741,0,6318,0.6,-0.038,106293,-0.04,0.169,2.68,2.808,0.063,-5.095,0.01,-0.05
faceter,15 Feb 2018,30 Mar 2018,43.0,74.0,11,other,9,28610352.0,40871931.0,0.7,0.0349,2028,0,51,N/A,-0.43,135291,-0.889,-1.539,-3.078,-2.617,-0.477,-1.209,-0.014,-0.024
rentberry,5 Dec 2017,28 Feb 2018,85.0,104.0,7,real estate,25,27500000.0,29891304.0,0.92,0.35,14542,0,26227,N/A,-0.806,294933,0.236,0.018,0.293,0.524,-0.396,-8.855,-0.0,-0.063
bezop,20 Dec 2017,10 Jan 2018,21.0,153.0,12,other,4,N/A,N/A,N/A,N/A,6855,0,N/A,0.22,0.0,281984,0.086,0.033,0.525,0.677,-0.174,4.254,0.01,-0.082
insurepal,16 Jan 2018,16 Jan 2018,0.0,147.0,5,saas,10,18000000.0,18000000.0,1.0,0.1,6434,0,11097,0.78,2.178,2442080,-0.206,-0.241,-3.829,-3.512,-0.219,-0.861,-0.013,-0.022
polyswarm,20 Feb 2018,22 Mar 2018,30.0,82.0,1,saas,7,25940000.0,49884615.0,0.52,0.0165,7642,0,16,0.72,-0.643,25413,0.401,0.049,0.77,1.087,-0.015,-6.098,0.002,-0.077
paragon,15 Sep 2017,15 Oct 2017,30.0,240.0,1,other,12,6000000.0,100000000.0,0.06,1.0,3793,0,N/A,N/A,-0.35,284896,-0.155,0.01,0.161,0.309,-0.16,-9.424,-0.001,-0.097
matryx,13 Sep 2017,12 Oct 2017,29.0,243.0,1,saas,15,1984347.0,9019759.0,0.22,0.29,1626,0,108,0.22,1.498,1031,0.206,0.114,1.803,1.881,-0.264,-25.613,0.015,-0.099
lendingblock,15 Apr 2018,22 Apr 2018,7.0,51.0,4,blockchain,6,10000000.0,10000000.0,1.0,0.02,7592,0,6267,0.4,0.548,458040,-0.225,-1.789,-3.579,-3.247,-0.347,-1.131,-0.023,-0.015
playkey,1 Nov 2017,1 Dec 2017,30.0,193.0,2,entertainment,6,10512361.0,105123610.0,0.1,1.76,9981,0,10081,0.76,-0.682,9317,0.438,0.137,2.177,2.312,-0.182,8.638,0.008,-0.022
fidelium,26 Feb 2018,26 Mar 2018,28.0,78.0,1,fintech,10,10000000.0,47619048.0,0.21,-0.07,N/A,0,2467,0.36,-4.111,76937,-0.028,-0.222,-0.444,-0.121,-0.464,-24.803,-0.021,-0.086
golos,30 Oct 2016,02 Dec 2016,33.0,557.0,12,telecommunications,N/A,N/A,N/A,N/A,0.1,N/A,0,N/A,N/A,10.7,701,-0.083,-0.007,-0.111,0.006,-0.103,-2.047,0.006,-0.056
helbiz,15 Feb 2018,4 Mar 2018,17.0,100.0,7,fintech,10,38646754.0,N/A,N/A,N/A,2182,0,49948,0.44,0.0,756160,0.161,1.281,2.561,2.667,-0.711,-42.398,0.015,-0.072
encrypgen,1 Jun 2017,18 Jul 2017,47.0,329.0,1,saas,4,10000005.0,N/A,N/A,0.03,N/A,0,4725,N/A,0.928,22870,0.437,0.239,3.795,3.872,-0.113,2.977,0.023,-0.032
patientory,31 May 2017,3 Jun 2017,3.0,374.0,1,saas,6,7200000.0,10285714.0,0.7,0.1,N/A,0,N/A,N/A,6.165,3256,0.081,0.086,1.366,1.49,-0.039,-2.908,0.006,-0.065
connectjob,12 Feb 2018,30 Apr 2018,77.0,43.0,7,saas,24,10437623.0,11997268.0,0.87,0.28,N/A,0,6420,0.62,-0.646,173329,-0.341,-2.706,-5.413,-4.959,-0.086,-5.713,-0.015,-0.045
adbank,15 Dec 2017,14 Jan 2018,30.0,149.0,1,saas,5,13962900.0,13962900.0,1.0,0.05,6734,0,6411,0.64,-0.167,1033600,-0.129,-0.151,-2.394,-2.1,-0.305,-6.306,-0.006,-0.046
atbcoin,15 Jul 2017,13 Sep 2017,60.0,272.0,12,other,N/A,20400000.0,N/A,N/A,0.9,2170,0,N/A,0.66,0.289,558166,-0.07,-0.016,-0.252,0.054,-0.094,-8.799,-0.001,-0.026
commerceblock,28 Nov 2017,19 Dec 2017,21.0,175.0,4,fintech,7,8820470.0,25201343.0,0.35,0.06,1772,0,263,N/A,-0.338,85105,0.169,1.34,2.681,2.877,-0.9,-14.076,0.004,-0.025
cargox,23 Jan 2018,4 Mar 2018,40.0,100.0,5,fintech,10,6766164.0,6975427.0,0.97,N/A,5690,0,5054,0.5,0.0,1317180,-0.057,-0.163,-2.595,-2.334,-0.258,0.095,-0.007,-0.044
spectiv,8 Dec 2017,31 Dec 2017,23.0,165.0,1,entertainment,8,7605767.0,10563565.0,0.72,0.5,N/A,3,3329,N/A,-0.966,118105,0.045,0.076,1.209,1.165,-0.055,1.335,0.005,0.003
nper,19 Jan 2018,31 Jan 2018,12.0,132.0,8,saas,8,N/A,N/A,N/A,0.2,N/A,0,6247,N/A,0.679,4371660,-0.239,-1.897,-3.793,-3.517,-0.256,-1.802,-0.03,-0.061
alis,1 Sep 2017,1 Oct 2017,30.0,254.0,8,saas,5,3705000.0,37050000.0,0.1,0.15,N/A,0,1748,0.6,0.413,337890,0.204,0.186,2.948,3.097,-0.103,-2.956,0.007,-0.034
eroscoin,11 Oct 2017,15 Nov 2017,35.0,209.0,12,other,7,N/A,N/A,N/A,0.05,N/A,0,N/A,0.42,1.938,8548340,0.077,-0.073,-1.166,-0.906,-0.009,-11.945,-0.003,-0.04
aventus,6 Sep 2017,6 Sep 2017,0.0,279.0,4,entertainment,7,18780000.0,18780000.0,1.0,3.66,259,0,N/A,0.6,0.202,950718,-0.315,-0.014,-0.218,-0.034,0.075,-5.819,0.0,-0.041
biocoin,1 Nov 2017,18 Feb 2018,109.0,114.0,2,other,9,16000000.0,16000000.0,1.0,16.0,324,0,1263,0.38,-0.999,41016,-0.108,-0.187,-2.965,-2.58,0.062,-10.64,-0.003,-0.051
coinfi,8 Feb 2018,18 Feb 2018,10.0,114.0,3,saas,8,15000000.0,15000000.0,1.0,0.15,19217,0,5024,N/A,1.384,21603900,-0.176,-0.166,-2.632,-2.389,-0.176,-3.674,-0.011,-0.066
snovio,30 Oct 2017,30 Nov 2017,31.0,194.0,2,fintech,13,2129106.0,10138600.0,0.21,0.01,19780,0,10580,0.44,-0.73,12041,0.477,0.233,3.704,3.775,0.032,-12.154,0.028,-0.077
ink-protocol,01 Feb 2018,28 Feb 2018,27.0,104.0,1,other,11,15000000.0,15000000.0,1.0,0.13,10166,0,4916,0.42,-0.303,280064,-0.225,-0.041,-0.655,-0.363,-0.244,-8.789,-0.008,-0.067
adshares,7 Jul 2017,12 Jan 2018,189.0,151.0,12,fintech,3,11900000.0,N/A,N/A,5.26,1136,0,2266,0.3,-0.927,7590,0.187,0.092,1.468,1.574,-0.022,-1.435,0.016,-0.04
wetrust,2 Mar 2017,14 Apr 2017,43.0,426.0,1,saas,9,4978366.0,N/A,N/A,0.06,N/A,5,10,N/A,0.305,165713,0.24,0.197,3.128,3.105,-0.023,-0.868,0.007,-0.013
bounty0x,1 Dec 2017,15 Dec 2017,14.0,179.0,12,saas,3,1602927.0,1602927.0,1.0,0.04,6874,0,14686,N/A,0.899,1059090,0.373,0.13,2.068,2.178,0.661,-6.459,0.011,-0.073
worldcore,14 Oct 2017,15 Dec 2017,62.0,179.0,5,saas,14,25000000.0,100000000.0,0.25,0.1,3081,0,N/A,0.52,0.146,151573,0.405,0.136,2.157,2.318,0.061,-6.669,0.001,-0.052
mysterium,30 May 2017,30 May 2017,0.0,378.0,1,saas,6,13325693.0,N/A,N/A,0.89,2661,0,12027,N/A,1.461,1632900,-0.128,0.026,0.409,0.615,-0.254,-2.094,0.001,-0.078
jet8,28 Feb 2018,14 Mar 2018,14.0,90.0,7,telecommunications,33,32700000.0,35934066.0,0.91,0.0974,29003,0,2108,N/A,-0.683,871036,-0.476,-0.029,-0.454,-0.221,0.374,-0.509,-0.006,-0.059
privatix,19 Oct 2017,16 Nov 2017,28.0,208.0,12,saas,11,2391939.0,14949619.0,0.16,3.3,1937,0,710,0.48,-0.055,99333,0.112,0.152,2.41,2.491,-0.1,17.345,0.023,0.005
apx,1 May 2017,21 May 2017,20.0,387.0,12,blockchain,N/A,2749185.0,2749185.0,1.0,0.6,N/A,0,5276,N/A,4.267,714525,0.202,0.074,1.175,1.389,-0.099,-3.846,0.007,-0.041
clearpoll,2 Oct 2017,26 Oct 2017,24.0,229.0,9,saas,10,N/A,1300000.0,N/A,0.13,918,0,120365,N/A,2.341,94539,-0.131,0.192,3.046,3.175,-0.17,-31.638,0.013,-0.096
aidcoin,16 Jan 2018,1 Feb 2018,16.0,131.0,6,blockchain,36,18632900.0,18632900.0,1.0,0.52,850,0,3183,N/A,0.545,1717320,-0.364,-0.229,-3.64,-3.286,-0.138,-7.332,-0.007,-0.068
target-coin,15 Jul 2017,31 Aug 2017,47.0,285.0,12,blockchain,5,20711412.0,69038040.0,0.3,0.05,N/A,0,1633,0.4,-0.164,69996,0.029,0.09,1.429,1.538,-0.246,-2.735,0.02,-0.026
bitcrystals,4 Aug 2015,3 Sep 2015,30.0,1013.0,6,blockchain,8,20510.0,146500.0,0.14,0.02,N/A,0,6142,N/A,-0.131,5586,-0.068,0.088,1.403,1.723,-0.066,-5.571,0.007,-0.049
dovu,3 Oct 2017,17 Oct 2017,14.0,238.0,4,saas,6,6644682.0,28889922.0,0.23,0.11,128,0,N/A,0.54,-0.169,106502,0.091,0.142,2.255,2.356,0.278,-17.905,0.011,-0.088
sportyco,21 Nov 2017,8 Dec 2017,17.0,186.0,5,fintech,10,5087896.0,15899675.0,0.32,0.12,12258,0,9007,N/A,0.812,31692,0.001,0.078,1.235,1.447,0.085,-2.958,0.0,-0.051
auctus,10 Apr 2018,20 Apr 2018,10.0,53.0,7,blockchain,12,3865575.0,3904621.0,0.99,0.28,8477,0,9879,0.72,1.642,1413630,0.165,1.31,2.62,2.846,0.105,-6.477,-0.01,-0.051
b2bx,2 Oct 2017,17 Nov 2017,46.0,207.0,2,saas,24,8078602.0,29920748.0,0.27,0.74,1931,0,3953,N/A,1.378,144393,-0.304,0.018,0.288,0.437,-0.265,-5.622,0.014,-0.028
linker-coin,25 Nov 2017,31 Dec 2017,36.0,163.0,6,blockchain,20,10133235.0,10133235.0,1.0,0.22,2260,0,N/A,N/A,-0.588,164191,0.026,0.206,0.412,0.61,-0.306,-8.401,-0.006,-0.04
devery,18 Jan 2018,19 Jan 2018,1.0,144.0,12,ecommerce,3,10000000.0,10000000.0,1.0,0.19,5227,0,2903,0.24,0.741,862413,-0.271,-0.127,-2.009,-1.789,0.299,1.7,-0.001,-0.059
ip-exchange,28 Feb 2018,05 Mar 2018,5.0,99.0,12,other,N/A,7904319.0,9299199.0,0.85,0.0122,6352,0,N/A,0.48,-0.483,539393,0.117,0.07,1.114,1.367,0.085,-12.109,0.003,-0.083
leadcoin,1 Mar 2018,11 Mar 2018,10.0,93.0,7,fintech,17,50000000.0,50000000.0,1.0,N/A,12489,0,1517,0.36,0.0,6963540,-0.017,0.001,0.013,0.129,-0.212,-3.889,-0.011,-0.055
travelflex,13 Dec 2017,11 Jan 2018,29.0,152.0,12,other,N/A,N/A,N/A,N/A,0.28,102,0,N/A,0.5,-0.267,29538,-0.181,-0.036,-0.565,-0.402,-0.09,-7.897,-0.002,-0.047
hoqu,27 Nov 2017,26 Feb 2018,91.0,106.0,4,fintech,5,18782400.0,32951579.0,0.57,0.17,14667,0,6189,0.84,-0.564,29097,-0.146,-0.038,-0.608,-0.34,-0.014,-3.92,-0.008,0.025
hubii-network,17 Aug 2017,31 Aug 2017,14.0,285.0,7,telecommunications,15,7130256.0,50930400.0,0.14,0.39,1269,0,4630,N/A,-0.493,23209,0.18,0.13,2.059,2.169,0.198,-4.253,0.028,-0.097
insights-network,28 Jan 2018,14 Feb 2018,17.0,118.0,7,blockchain,5,17376260.0,17376260.0,1.0,0.15,20546,0,N/A,0.3,-0.051,693393,-0.331,-0.042,-0.665,-0.375,-0.095,-9.02,-0.011,-0.075
tokia,4 Dec 2017,15 Mar 2018,101.0,89.0,4,fintech,3,30000000.0,N/A,N/A,1.0,8172,0,1681,0.5,-0.813,641864,-0.03,-0.24,-0.48,-0.334,-1.465,-3.504,-0.02,-0.063
aditus,30 Nov 2017,19 Dec 2017,19.0,175.0,7,saas,7,7100193.0,22188103.0,0.32,0.05,13280,0,N/A,0.44,-0.735,300285,0.401,3.182,6.363,6.509,0.1,-8.544,0.016,-0.062
opus,24 Jul 2017,24 Aug 2017,31.0,292.0,12,entertainment,11,5737250.0,19783621.0,0.29,0.04,1651,0,3697,0.86,0.299,37435,-0.076,0.0,0.006,0.153,-0.035,36.906,0.032,0.111
bitdice,15 Aug 2017,15 Sep 2017,31.0,270.0,10,other,1,8748793.0,24996551.0,0.35,0.1,737,0,3523,N/A,0.495,60084,0.111,0.184,2.919,3.223,-0.135,4.485,0.004,-0.035
sether,15 Jan 2018,15 Jan 2018,0.0,148.0,5,saas,15,28000000.0,N/A,N/A,N/A,7128,0,10986,0.32,0.0,46969,-0.093,-0.047,-0.753,-0.542,-0.242,2.29,-0.007,0.006
starbase,9 Nov 2017,24 Nov 2017,15.0,200.0,8,saas,5,8842000.0,10047727.0,0.88,0.1,N/A,0,182,0.64,0.078,11977,0.303,0.146,2.323,2.332,1.636,-38.069,0.241,0.018
peculium,21 Dec 2017,24 Jan 2018,34.0,139.0,5,fintech,5,9917634.0,9917634.0,1.0,0.01,8631,0,16532,0.64,-0.583,69616,0.004,0.051,0.804,1.029,0.146,1.222,0.005,-0.036
adhive,28 Feb 2018,14 Mar 2018,14.0,90.0,5,entertainment,10,17491749.0,17491749.0,1.0,0.17,15855,0,5592,0.82,-0.675,772548,0.127,1.012,2.023,2.229,-1.24,-4.997,-0.006,-0.033
tokes,2 Dec 2016,16 Jan 2017,45.0,512.0,1,blockchain,5,N/A,N/A,N/A,5.06,N/A,0,8646,N/A,-0.897,15471,0.252,0.183,2.909,3.11,-0.114,-2.936,0.011,-0.04
fidentiax,6 Nov 2017,5 Dec 2017,29.0,189.0,7,saas,8,1566283.0,2900524.0,0.54,0.93,2448,0,3977,0.22,-0.701,77268,0.26,0.068,1.082,1.202,-0.186,2.129,0.001,-0.035
verime,1 Mar 2018,31 Mar 2018,30.0,73.0,7,saas,12,21720000.0,30166667.0,0.72,N/A,38689,0,8989,0.48,0.0,95404,-0.309,-2.455,-4.911,-4.68,-0.483,-25.66,-0.032,-0.109
fintrux-network,07 Feb 2018,28 Feb 2018,21.0,104.0,7,other,6,N/A,N/A,N/A,N/A,N/A,0,N/A,N/A,0.0,102017,-0.054,-0.425,-0.849,-0.644,0.107,-3.477,-0.026,-0.04
fundrequest,20 Nov 2017,01 Dec 2017,11.0,193.0,5,blockchain,11,12121040.0,14964247.0,0.81,0.48,11351,0,13253,0.54,-0.491,55032,-0.253,-2.007,-4.015,-3.631,0.999,7.563,-0.026,-0.041
payfair,1 Nov 2017,30 Nov 2017,29.0,194.0,2,saas,8,18291.0,N/A,N/A,0.0,2774,0,2362,0.32,0.0,41498,0.159,0.226,3.594,3.684,0.644,-27.395,0.027,-0.11
dether,7 Feb 2018,9 Feb 2018,2.0,123.0,5,saas,8,13444650.0,13444650.0,1.0,0.2,2883,0,1313,0.5,-0.237,40103,-0.321,-0.105,-1.667,-1.424,0.501,-14.671,0.0,-0.069
bigbom,28 May 2018,10 Jun 2018,13.0,2.0,12,saas,13,6792000.0,6792000.0,1.0,0.0283,38886,0,N/A,0.72,-0.25,972645,-0.64,-1.109,-2.218,-2.037,0.555,2.591,-0.016,-0.061
zrcoin,11 May 2017,9 Jun 2017,29.0,368.0,2,blockchain,10,7000000.0,N/A,N/A,1.55,984,0,N/A,N/A,47.348,2303,0.076,0.03,0.474,0.538,-0.115,-22.016,0.006,-0.078
atlant,7 Sep 2017,1 Nov 2017,55.0,223.0,2,real estate,12,6663530.0,66635300.0,0.1,0.57,5092,0,4083,0.56,-0.308,323580,-0.27,0.043,0.675,0.863,-0.223,-3.367,0.004,-0.038
internxt,7 Sep 2017,28 Sep 2017,21.0,257.0,5,saas,5,220800.0,22080000.0,0.01,1.01,14211,0,2,N/A,2.129,294867,0.156,0.18,2.852,2.98,-0.085,-1.117,0.02,-0.018
publica,1 Nov 2017,16 Nov 2017,15.0,208.0,1,saas,21,1046210.0,1046210.0,1.0,0.1,1422,0,2315,N/A,1.547,1317120,-0.066,0.179,2.841,2.96,-0.049,-12.956,0.009,-0.096
experty,25 Jan 2018,25 Feb 2018,31.0,107.0,6,telecommunications,15,9468000.0,9468000.0,1.0,0.83,13767,0,15708,0.82,-0.207,1742640,-0.596,-0.117,-1.851,-1.59,-0.14,-14.431,-0.011,-0.011
starta,4 Jul 2017,3 Aug 2017,30.0,313.0,2,fintech,11,50000009.0,N/A,N/A,1.0,N/A,0,N/A,N/A,-0.204,6482,0.175,0.047,0.752,0.953,-0.6,44.44,0.027,0.2
voise,6 May 2017,6 Jun 2017,31.0,371.0,5,saas,N/A,64651.0,N/A,N/A,N/A,9025,0,24077,N/A,0.0,3629,0.285,0.194,3.08,3.152,-1.788,-8.88,0.085,-0.028
naviaddress,1 Mar 2018,31 Mar 2018,30.0,73.0,7,saas,6,16900000.0,20119048.0,0.84,0.05,99752,0,198,0.38,-0.518,194240,-2.171,-3.76,-7.52,-7.201,0.763,-9.287,-0.04,-0.118
invacio,12 Mar 2018,30 Apr 2018,49.0,43.0,4,fintech,14,1912074.0,31867900.0,0.06,1.0,975,0,4242,0.3,-0.857,336316,-0.21,-1.667,-3.334,-3.191,-0.176,-1.223,-0.044,-0.103
herocoin,14 Sep 2017,14 Oct 2017,30.0,241.0,5,other,7,2021034.0,15546415.0,0.13,0.0267,1958,0,N/A,0.52,-0.241,852325,0.298,0.161,2.563,2.628,-0.497,3.637,0.022,-0.022
viuly,1 Nov 2017,15 Nov 2017,14.0,209.0,5,entertainment,3,N/A,30000000.0,N/A,0.17,6587,0,6368,0.74,-0.967,14913,0.321,0.256,4.063,4.129,0.107,-12.752,0.028,-0.06
amlt,11 Dec 2017,29 Jan 2018,49.0,134.0,12,blockchain,15,19042042.0,19042042.0,1.0,0.39,4907,0,6646,0.38,-0.798,263017,-0.156,-0.009,-0.139,0.138,0.033,-4.083,-0.004,-0.058
autonio,22 Sep 2017,22 Oct 2017,30.0,233.0,12,fintech,6,N/A,10000000.0,N/A,0.1,4238,0,6848,N/A,-0.955,11004,0.359,0.269,4.274,4.328,-0.797,-5.438,0.04,-0.07
blockcat,15 Jul 2017,14 Aug 2017,30.0,302.0,1,saas,7,6284400.0,6284400.0,1.0,1.0,N/A,0,7972,0.42,0.08,28777,0.192,0.059,0.939,1.104,-0.193,-7.889,0.005,-0.039
blockpool,01 May 2017,30 Jun 2017,60.0,347.0,12,other,10,N/A,N/A,N/A,N/A,N/A,0,N/A,N/A,0.0,39542,-0.109,0.181,2.876,3.033,-0.027,-9.282,0.01,-0.047
hellogold,28 Aug 2017,2 Oct 2017,35.0,253.0,12,saas,19,5208991.0,N/A,N/A,0.05,10053,0,9332,0.3,-0.516,28580,0.002,0.145,2.304,2.401,-0.13,-1.769,0.021,-0.055
gatcoin,17 Dec 2017,5 Jan 2018,19.0,158.0,3,saas,17,14500000.0,14500000.0,1.0,0.2,3961,0,4423,0.54,-0.604,681451,-0.298,-0.233,-3.693,-3.429,-0.028,-1.906,-0.015,-0.064
digipulse,1 Oct 2017,31 Oct 2017,30.0,224.0,5,other,7,N/A,N/A,N/A,1.21,25137,0,6401,N/A,-0.116,4092,0.115,0.238,3.773,3.879,-0.136,-5.384,0.017,-0.022
iungo,7 Dec 2017,31 Jan 2018,55.0,132.0,5,saas,9,45978800.0,45978800.0,1.0,1.15,10593,0,5006,0.72,-0.587,885373,-0.158,-0.192,-3.049,-2.761,-0.06,-3.471,-0.012,-0.047
mywish,25 Oct 2017,25 Nov 2017,31.0,199.0,2,other,8,2670000.0,2696970.0,0.99,0.23,2335,0,4078,N/A,0.354,305113,0.142,0.177,2.814,2.968,0.262,-2.871,0.006,-0.033
eboost,13 Sep 2016,25 Oct 2016,42.0,597.0,12,other,N/A,N/A,N/A,N/A,0.2,N/A,0,N/A,N/A,-0.126,300469,0.238,0.133,2.105,2.09,0.091,4.206,0.013,0.005
cryptopay,2 Oct 2017,30 Oct 2017,28.0,225.0,4,blockchain,3,18148220.0,64815071.0,0.28,0.31,391,0,8673,0.48,0.243,380453,0.097,0.062,0.986,1.107,-0.323,6.48,0.003,-0.037
cryptoping,25 May 2017,24 Jun 2017,30.0,353.0,12,saas,N/A,2742420.0,N/A,N/A,0.28,2,0,10495,N/A,0.425,407237,-0.204,0.027,0.434,0.641,-0.072,3.619,0.013,-0.022
hush,2 May 2018,10 Jun 2018,39.0,2.0,5,blockchain,6,N/A,N/A,0.0,0.817,635,0,773,0.46,-0.949,69,0.014,0.159,2.518,2.577,-0.113,-2.897,0.029,-0.042
upfiring,3 Oct 2017,31 Oct 2017,28.0,224.0,12,saas,N/A,25848.0,N/A,N/A,0.05,N/A,0,N/A,0.38,7.382,362421,-0.261,0.211,3.355,3.446,-0.258,-1.814,0.015,-0.063
sense,7 Nov 2017,21 Nov 2017,14.0,203.0,1,telecommunications,7,15000000.0,15000000.0,1.0,0.1,2411,0,9051,0.44,-0.433,13019,0.027,-0.161,-2.557,-2.317,-0.264,-0.772,-0.004,-0.042
lampix,9 Aug 2017,18 Aug 2017,9.0,298.0,1,saas,13,14200000.0,59166667.0,0.24,0.26,1683,0,3399,0.4,-0.634,29039,0.073,0.059,0.935,1.174,-0.124,-5.067,0.005,-0.031
bonpay,31 Oct 2017,28 Nov 2017,28.0,196.0,4,fintech,4,10000000.0,N/A,N/A,0.9,970,0,10051,N/A,1.144,4834,-0.017,0.003,0.044,0.195,-0.105,-6.665,0.0,-0.023
vezt,4 Nov 2017,3 Dec 2017,29.0,191.0,1,entertainment,12,1378806.0,15320067.0,0.09,0.5,2793,0,5385,0.54,5.32,2379180,-0.141,-0.126,-2.002,-1.852,-0.53,-12.067,-0.011,-0.068
reftoken,17 Nov 2017,17 Dec 2017,30.0,177.0,5,fintech,8,N/A,48000000.0,N/A,14.0,2979,0,4277,N/A,-0.506,129535,0.221,0.098,1.563,1.608,-0.067,0.32,0.027,-0.046
flypme,19 Sep 2017,26 Sep 2017,7.0,266.0,5,other,1,1610000.0,N/A,N/A,0.07,22,0,N/A,0.38,1.578,15603,0.099,0.207,3.291,3.408,-0.573,-24.919,0.021,-0.042
tokenbox,14 Nov 2017,28 Nov 2017,14.0,196.0,2,saas,8,8000000.0,20000000.0,0.4,1.0,1954,0,2451,0.76,0.5,116601,-0.152,-0.126,-1.995,-1.731,0.104,4.624,-0.008,-0.04
syncfab,15 Feb 2018,15 Mar 2018,28.0,89.0,1,saas,9,9155717.0,19903733.0,0.46,0.12,10005,0,N/A,0.58,-0.612,48703,0.022,0.175,0.35,0.531,-0.498,0.346,-0.015,-0.065
blitzpredict,22 Jan 2018,22 Feb 2018,31.0,110.0,12,other,5,4374000.0,7290000.0,0.6,0.0292,13588,1,N/A,0.52,-0.677,48405,-0.04,0.076,1.204,1.324,0.346,-0.688,0.014,-0.036
parkgene,15 Jan 2018,19 Mar 2018,63.0,85.0,7,fintech,5,24335000.0,34764286.0,0.7,0.1,6752,4,775,0.6,-0.874,58791,-0.128,-1.019,-2.038,-1.71,-0.317,-3.317,-0.02,-0.056
copytrack,10 Dec 2017,10 Feb 2018,62.0,122.0,5,fintech,4,11087368.0,61596489.0,0.18,1.19,8357,0,N/A,N/A,-0.648,85931,-0.1,-0.016,-0.254,-0.041,0.191,-18.565,-0.007,-0.078
1world,5 Oct 2017,6 Nov 2017,32.0,218.0,1,blockchain,58,5000000.0,N/A,N/A,1.2,6820,3,7558,0.42,-0.657,357311,-0.079,-0.004,-0.064,0.13,-0.057,-5.376,-0.001,-0.086
verify,29 Nov 2017,06 Dec 2017,7.0,188.0,7,saas,6,2500000.0,2500000.0,1.0,0.23,3536,0,507,N/A,1.44,803439,0.323,0.116,1.838,1.97,0.114,-30.557,0.009,-0.05
ethorse,10 Jan 2018,17 Jan 2018,7.0,146.0,7,other,N/A,4800000.0,N/A,N/A,N/A,N/A,0,1307,0.34,0.0,523864,0.007,0.024,0.381,0.601,-0.074,-6.864,-0.004,-0.069
phi-token,8 Mar 2018,21 Mar 2018,13.0,83.0,5,other,4,3800000.0,N/A,N/A,1.61803,25899,0,3842,0.2,-0.631,58338,-0.09,-0.714,-1.428,-1.295,0.247,7.984,0.002,0.055
aigang,15 Nov 2017,15 Dec 2017,30.0,179.0,7,fintech,7,4228920.0,30206571.0,0.14,0.31,4805,0,7877,0.7,12.097,16206500,-0.222,-0.257,-4.084,-3.873,-0.235,-9.323,-0.02,-0.087
coinlancer,14 Oct 2017,15 Nov 2017,32.0,209.0,12,saas,16,11860153.0,49417304.0,0.24,0.25,7162,0,2316,0.5,0.691,3536710,0.027,-0.093,-1.484,-1.323,-0.213,-0.577,-0.009,-0.03
pylon-network,4 Oct 2017,24 Oct 2017,20.0,231.0,5,energy,11,N/A,N/A,N/A,1.79,1513,0,4016,N/A,12.201,69585,0.102,0.014,0.227,0.382,-0.409,-14.498,0.001,-0.05
biotron,27 Mar 2018,05 Apr 2018,9.0,68.0,12,other,N/A,N/A,N/A,N/A,0.22,2441,0,N/A,0.46,-0.814,955,0.168,1.337,2.675,2.832,0.388,5.649,0.009,-0.027
chainium,25 Dec 2017,12 Jan 2018,18.0,151.0,5,fintech,6,3434946.0,5540235.0,0.62,0.07,485,0,88,0.54,0.512,70198,0.07,0.553,1.106,1.254,0.505,-3.513,-0.013,-0.066
obsidian,12 Aug 2017,26 Aug 2017,14.0,290.0,4,saas,7,1566332.0,8701844.0,0.18,0.15,795,0,8965,0.62,1.49,262223,0.121,0.156,2.472,2.659,-0.032,1.287,0.004,-0.012
chronologic,25 Aug 2017,25 Sep 2017,31.0,260.0,12,fintech,3,7400000.0,N/A,N/A,0.1,N/A,0,N/A,0.3,108.4,23084,-0.011,0.004,0.057,0.231,0.006,7.931,0.012,0.021
daneel,29 Jan 2018,5 Mar 2018,35.0,99.0,5,fintech,8,2830400.0,15724444.0,0.18,0.28,6164,8,N/A,0.68,-0.827,130556,0.376,2.982,5.964,6.019,2.278,-12.933,0.06,-0.088
fabric-token,15 Feb 2018,1 Apr 2018,45.0,72.0,5,blockchain,3,1035986.0,8633217.0,0.12,0.1125,5337,0,1592,0.42,-0.172,83004,0.081,0.644,1.288,1.436,-2.852,-13.19,-0.01,-0.064
eventchain,13 Sep 2017,14 Oct 2017,31.0,241.0,1,entertainment,8,772896.0,12881600.0,0.06,1.47,N/A,0,26583,0.44,-0.887,1884,0.206,0.173,2.75,2.795,-0.517,-6.881,0.036,-0.016
tokenstars,31 Aug 2017,31 Oct 2017,61.0,224.0,7,other,4,4901220.0,7540338.0,0.65,0.42,17399,0,N/A,0.56,-0.165,409248,-0.278,-2.205,-4.41,-4.196,0.116,1.39,-0.028,-0.031
micromoney,18 Oct 2017,18 Nov 2017,31.0,206.0,12,fintech,18,10541585.0,30118814.0,0.35,1.0,5128,0,165869,N/A,-0.326,452417,0.315,0.092,1.461,1.621,-0.154,-3.218,-0.001,-0.045
signals-network,12 Mar 2018,09 Apr 2018,28.0,64.0,12,other,11,N/A,N/A,N/A,N/A,N/A,0,N/A,N/A,0.0,233052,-0.155,-1.231,-2.462,-2.189,0.121,-4.159,-0.018,-0.079
wandx,27 Oct 2017,21 Nov 2017,25.0,203.0,7,other,6,86654.0,N/A,N/A,0.09,2373,0,6516,0.34,4.727,90663,0.297,0.038,0.6,0.729,0.295,-7.803,0.011,0.025
skincoin,21 Jun 2017,21 Jul 2017,30.0,326.0,2,blockchain,6,3292183.0,9976312.0,0.33,0.04,730,0,6680,N/A,-0.08,9042,-0.176,-0.0,-0.005,0.131,-0.339,-6.019,0.009,-0.036
goldmint,20 Sep 2017,11 Nov 2017,52.0,213.0,2,fintech,11,7300000.0,40555556.0,0.18,7.0,11095,0,2618,0.46,-0.634,74776,0.24,0.155,2.458,2.626,0.093,-10.281,0.008,0.009
boutspro,11 Mar 2018,25 Mar 2018,14.0,79.0,4,blockchain,30,N/A,N/A,N/A,N/A,12450,0,9958,N/A,0.0,100240,0.038,0.303,0.606,0.898,-0.671,-16.206,-0.008,-0.049
ethersportz,9 Jan 2018,10 Jan 2018,1.0,153.0,1,entertainment,6,3500000.0,3500000.0,1.0,0.5,1737,0,N/A,N/A,0.123,71545,0.123,0.035,0.559,0.7,0.939,-16.885,0.013,-0.069
hirematch,1 Oct 2017,15 Feb 2018,137.0,117.0,1,fintech,4,16000000.0,N/A,N/A,0.17,N/A,0,1959,0.28,-0.832,98386,0.024,0.156,2.475,2.711,-0.024,6.535,0.008,-0.01
emphy,7 Oct 2017,5 Nov 2017,29.0,219.0,5,real estate,6,44500.0,4450000.0,0.01,0.1,13646,0,13257,N/A,1.42,100754,0.14,0.242,3.849,3.936,0.039,-4.902,0.03,-0.047
live-stars,15 Jan 2018,15 Feb 2018,31.0,117.0,5,saas,5,2518564.0,5037128.0,0.5,0.2,2696,0,7668,0.5,-0.602,144179,-0.051,-0.402,-0.803,-0.552,-0.296,-7.513,-0.024,-0.073
transcodium,1 Mar 2018,30 Apr 2018,60.0,43.0,4,saas,7,10977534.0,29669011.0,0.37,0.376,6108,0,N/A,0.52,-0.625,488145,-0.186,-1.479,-2.958,-2.656,-0.769,-10.892,-0.035,-0.095
qvolta,10 Oct 2017,20 Oct 2017,10.0,235.0,7,blockchain,4,729652.0,4560325.0,0.16,0.3,1587,0,1,N/A,0.064,40141,0.056,0.144,2.293,2.393,0.086,-19.637,0.015,-0.081
tigereum,8 Dec 2017,18 Dec 2017,10.0,176.0,4,saas,8,N/A,12000000.0,N/A,0.8,N/A,0,3488,N/A,-0.819,195263,0.289,0.144,2.285,2.392,-0.112,-3.254,0.019,-0.052
authorship,15 Aug 2017,14 Sep 2017,30.0,271.0,1,telecommunications,2,N/A,7000000.0,N/A,0.04,160,0,11764,N/A,-0.287,12714,0.099,0.11,1.753,1.84,-0.104,-4.284,0.022,-0.058
earth-token,15 Dec 2017,15 Mar 2018,90.0,89.0,11,saas,11,20000000.0,N/A,N/A,0.16,12808,0,20397,0.22,-0.699,509033,-0.347,-2.758,-5.515,-5.313,-0.316,-5.016,-0.043,-0.051
bitjob,12 Sep 2017,13 Oct 2017,31.0,244.0,12,saas,26,2726424.0,11854017.0,0.23,0.39,2191,2,6897,N/A,-0.733,67138,-0.152,0.142,2.26,2.249,-0.174,0.13,0.012,-0.001
soma,27 Sep 2017,14 Nov 2017,48.0,210.0,5,ecommerce,11,6049621.0,40330807.0,0.15,0.74,5920,0,5174,0.54,-0.686,6114,0.393,0.15,2.379,2.469,-0.233,-7.206,0.021,-0.096
fundyourselfnow,13 Jun 2017,31 Jul 2017,48.0,316.0,12,other,9,N/A,N/A,N/A,N/A,5170,0,N/A,N/A,0.0,27307,0.245,0.138,2.185,2.262,0.173,0.112,0.016,0.001
monster-byte,6 Jul 2017,4 Aug 2017,29.0,312.0,10,entertainment,4,10000002.0,10000002.0,1.0,0.11,N/A,0,2220,0.44,-0.271,16860,0.132,0.131,2.076,2.183,0.417,-15.401,0.026,-0.002
nitro,30 Nov 2017,26 Dec 2017,26.0,168.0,3,saas,11,2694156.0,53883120.0,0.05,0.97,15881,0,3866,0.84,0.577,131540,0.072,0.073,1.166,1.233,-0.329,0.658,0.024,-0.06
blocklancer,16 Jan 2018,16 Feb 2018,31.0,116.0,5,fintech,5,30000010.0,90909121.0,0.33,0.09,N/A,0,50,0.68,-0.795,34683,0.245,0.105,1.659,1.791,0.808,-3.895,0.014,-0.038
plancoin,24 Jan 2018,23 Feb 2018,30.0,109.0,12,blockchain,N/A,1700000.0,N/A,N/A,0.6,N/A,0,1920,N/A,-0.584,282642,0.023,0.185,0.37,0.596,0.44,-3.601,-0.004,-0.025
wild-crypto,05 Sep 2017,11 Sep 2017,6.0,274.0,12,other,N/A,N/A,N/A,N/A,N/A,625,0,N/A,N/A,0.0,4468,0.035,0.128,2.03,2.15,-0.274,-2.875,0.017,-0.093
elcoin,08 Jan 2018,05 Feb 2018,28.0,127.0,5,saas,3,N/A,30000000.0,N/A,N/A,686,0,4463,N/A,0.0,11,-0.119,0.165,2.619,2.638,14.362,-387.772,37.751,-0.137
mcap,27 Apr 2017,7 May 2017,10.0,401.0,1,blockchain,N/A,44287318.0,N/A,N/A,4.0,N/A,0,156,N/A,0.635,3797,-0.098,-0.14,-2.22,-1.907,0.036,-4.8,-0.003,-0.049
oceanlab,07 Aug 2017,31 Aug 2017,24.0,285.0,12,blockchain,N/A,N/A,N/A,N/A,N/A,N/A,0,N/A,N/A,0.0,29066,0.338,0.164,2.607,2.762,-0.119,18.359,0.008,0.058
suretly,11 Jul 2017,11 Aug 2017,31.0,305.0,2,fintech,7,28000001.0,N/A,N/A,30.93,N/A,0,1312,0.54,-0.578,12585,-0.123,-0.038,-0.611,-0.454,-0.022,-3.927,0.004,-0.047
bitair,17 Sep 2017,31 Oct 2017,44.0,224.0,12,other,N/A,21510000.0,N/A,N/A,0.019,N/A,0,N/A,0.4,-0.239,209739,0.138,-0.022,-0.341,-0.199,-0.207,1.334,-0.001,-0.052
crystal-clear,8 Sep 2017,8 Oct 2017,30.0,247.0,2,transportation,7,3377550.0,N/A,N/A,3.09,N/A,0,4540,N/A,-0.1,21319,-0.142,-0.025,-0.405,-0.291,-0.5,-9.735,0.018,-0.028
pluscoin,26 Sep 2017,10 Oct 2017,14.0,245.0,8,blockchain,12,9598000.0,N/A,N/A,1.49,117,0,250,0.22,-0.999,67444,-0.113,0.073,1.151,1.292,-0.681,10.1,0.047,-0.082
escroco,30 Oct 2017,28 Nov 2017,29.0,198.0,12,fintech,N/A,N/A,N/A,N/A,0.1,N/A,0,N/A,N/A,30.9,515908,0.173,0.03,0.473,0.46,-0.196,-2.346,0.015,0.019
fujinto,10 Aug 2017,10 Sep 2017,31.0,275.0,8,blockchain,4,17566200.0,29277000.0,0.6,0.07,N/A,0,956,0.24,4.452,580241,-0.345,-0.234,-3.709,-3.551,0.365,50.214,0.001,0.187
peerguess,28 Oct 2017,09 Dec 2017,42.0,187.0,12,saas,8,N/A,N/A,N/A,N/A,1055,0,2050,N/A,0.0,42120,-0.235,-0.063,-0.997,-1.014,-0.228,16.028,0.017,0.033
hedge,15 Sep 2017,15 Oct 2017,30.0,240.0,5,blockchain,11,2100000.0,15000000.0,0.14,0.67,N/A,0,3814,N/A,0.063,35573,0.162,0.13,2.065,2.168,-0.002,-52.183,0.059,-0.112
icos,15 Aug 2017,15 Sep 2017,31.0,270.0,2,blockchain,23,14600000.0,N/A,N/A,44.38,1815,0,5052,0.7,0.034,15683,0.097,0.045,0.715,0.925,-0.197,-21.451,0.001,-0.059
srcoin,1 Mar 2018,31 Mar 2018,30.0,73.0,12,insurance services,9,4000000.0,N/A,N/A,N/A,1200,0,962,0.26,0.0,132146,0.039,0.311,0.621,0.687,-1.934,11.348,-0.014,-0.027
real,31 Aug 2017,30 Sep 2017,30.0,255.0,7,real estate,6,10604571.0,33139284.0,0.32,1.38,1992,0,4541,0.52,-0.268,13785,0.004,-0.019,-0.308,-0.127,0.079,-29.945,0.014,-0.095
clearcoin,16 Nov 2017,31 Mar 2018,135.0,73.0,1,other,17,4350000.0,N/A,N/A,0.01,24816,0,N/A,0.52,0.551,93524,0.055,-0.045,-0.708,-0.49,0.464,-2.518,-0.016,-0.143
ethbits,15 Apr 2017,13 May 2017,28.0,395.0,4,saas,4,1216178.0,N/A,N/A,1.14,5995,0,5632,N/A,0.921,3027,0.061,0.248,3.939,3.941,30.611,-17.019,1.974,-0.067
darcrus,21 Dec 2016,26 Dec 2016,5.0,533.0,12,saas,3,29742.0,129313.0,0.23,0.02,1550,0,9442,N/A,0.05,6268,0.361,0.165,2.626,2.871,0.983,22.521,0.016,0.054
mercury-protocol,23 Oct 2017,23 Nov 2017,31.0,201.0,1,saas,15,4749479.0,19789496.0,0.24,0.043,745,0,5489,0.68,-0.07,42740,0.143,0.088,1.404,1.561,-0.034,-6.168,0.015,-0.091
trakinvest,8 Feb 2018,7 Mar 2018,27.0,97.0,7,fintech,14,50000000.0,N/A,N/A,N/A,38063,0,474,N/A,0.0,262810,-0.011,-0.09,-0.179,-0.092,-1.544,-45.449,-0.016,-0.077
crycash,12 Dec 2017,31 Jan 2018,50.0,132.0,5,blockchain,6,N/A,N/A,N/A,N/A,3093,0,1454,0.42,0.0,50581,0.069,0.549,1.097,1.352,0.199,2.22,-0.009,-0.031
farad,1 Oct 2017,31 Oct 2017,30.0,224.0,12,energy,10,N/A,N/A,N/A,0.13,76,0,3423,0.56,-0.395,39680,0.055,0.123,1.953,2.048,-0.119,-0.462,0.012,-0.008
neverdie,30 Jun 2017,1 Sep 2017,63.0,284.0,1,entertainment,2,5800000.0,10000000.0,0.58,0.25,18,0,1490,N/A,-0.193,43022,-0.071,-0.162,-2.571,-2.314,-0.254,-4.34,0.005,-0.064
musiconomi,27 Aug 2017,27 Sep 2017,31.0,258.0,12,other,6,N/A,N/A,N/A,0.01,N/A,0,N/A,0.46,10.468,735,0.087,0.118,1.867,1.965,-0.012,-1.49,0.02,-0.002
etheriya,21 Jun 2017,10 Aug 2017,50.0,306.0,12,saas,N/A,30000.0,35294.0,0.85,0.25,N/A,0,603,N/A,5.4,23481,0.178,0.021,0.333,0.439,1.279,-18.271,0.041,-0.06
global-jobcoin,28 Oct 2017,6 Dec 2017,39.0,188.0,6,saas,6,N/A,N/A,N/A,1.31,N/A,0,12039,N/A,-0.817,14648,0.138,0.134,2.13,2.223,0.685,19.261,0.082,0.151
newbium,1 May 2016,31 May 2016,30.0,742.0,12,saas,N/A,38180.0,636333.0,0.06,N/A,N/A,0,3303,N/A,0.0,11,0.274,0.221,3.509,3.529,-0.234,-184.839,0.089,-0.183
blockpay,23 Aug 2016,15 Sep 2016,23.0,635.0,6,saas,1,53836010.0,N/A,N/A,0.12,N/A,0,N/A,N/A,0.762,483,-0.158,-0.007,-0.108,0.065,0.457,-8.791,0.028,-0.074
regalcoin,22 Aug 2017,22 Sep 2017,31.0,263.0,12,blockchain,N/A,N/A,N/A,N/A,0.97,5444,0,9595,N/A,10.742,3808740,0.396,0.222,3.528,3.701,-0.248,4.844,-0.006,-0.042
tigercoin,25 Feb 2018,25 Mar 2018,28.0,79.0,12,fintech,N/A,N/A,N/A,N/A,N/A,504,0,N/A,0.32,0.0,0.0,-0.234,-0.129,-2.045,-1.905,-0.249,-1.676,0.046,-0.023
300-token,30 Jun 2017,6 Jul 2017,6.0,341.0,12,blockchain,N/A,16724.0,23891.0,0.7,79.76,N/A,0,877,N/A,7.334,22581,-0.156,0.032,0.508,0.634,0.528,-33.789,0.017,-0.041
ccore,9 Nov 2017,30 Nov 2017,21.0,194.0,12,fintech,10,1400000.0,N/A,N/A,0.45,2001,0,3973,0.26,1.163,15228,0.112,0.116,1.838,1.962,0.252,20.683,0.047,0.188
abjcoin,1 Sep 2017,30 Oct 2017,59.0,225.0,12,blockchain,12,N/A,1290000.0,N/A,0.5,1810,0,N/A,0.28,0.183,87523,0.089,0.225,3.576,3.6,0.4,17.715,0.105,-0.051
bankcoin,5 Nov 2016,19 Dec 2016,44.0,540.0,10,fintech,4,1000000.0,6250000.0,0.16,0.25,20,0,1917,N/A,0.998,47742,0.113,0.229,3.628,3.73,0.209,-39.794,0.065,-0.132
bolenum,15 Jul 2017,14 Aug 2017,30.0,302.0,12,blockchain,N/A,19121.0,N/A,N/A,5.98,N/A,0,54517,0.42,-0.996,13218,-0.094,0.117,1.851,1.892,1.071,-5.75,0.029,-0.066
icobid,09 Dec 2016,09 Jan 2017,31.0,519.0,12,other,N/A,N/A,N/A,N/A,0.0,N/A,0,N/A,N/A,0.0,808,0.245,0.138,2.187,2.241,0.772,-15.161,0.026,-0.098
iconic,01 Mar 2018,31 Mar 2018,30.0,73.0,12,fintech,N/A,N/A,N/A,N/A,N/A,2905,0,N/A,0.28,0.0,180,0.238,0.156,2.473,2.549,0.5,9.24,0.035,0.009
skrumble-network,05 May 2018,07 May 2018,2.0,36.0,12,fintech,25,16472800.0,16472800.0,1.0,0.0515,53923,0,2041,0.3,0.873,32789700,-0.173,-1.373,-2.747,-2.459,-0.479,-2.955,-0.032,-0.115
seele,03 Apr 2018,03 Apr 2018,0.0,70.0,12,blockchain,N/A,12133800.0,12133800.0,1.0,0.0324,13023,0,N/A,0.72,8.3,1750560,-1.316,-2.28,-4.56,-4.089,0.076,2.207,-0.017,-0.021
educoin,18 Mar 2018,25 Mar 2018,7.0,79.0,7,social services,6,N/A,N/A,N/A,N/A,372,0,7,N/A,0.0,4,0.222,0.158,2.513,2.518,-7.087,13.573,0.738,0.029
libra-credit,01 May 2018,01 Jun 2018,31.0,11.0,7,fintech,10,26400000.0,26400000.0,1.0,0.1,95135,0,N/A,0.56,1.986,4569100,-0.27,-2.144,-4.288,-3.968,-0.499,-3.434,-0.03,-0.042
bezant,,11 May 2018,8.0,32.0,7,blockchain,23,27500000.0,39855072.0,0.69,0.1,5221,0,1921,N/A,1.1,1779890,-0.106,-0.841,-1.683,-1.4,-0.711,-17.871,-0.024,-0.088
traxia,1 May 2018,2 Jun 2018,32.0,10.0,6,fintech,11,15000000.0,15151515.0,0.99,0.06,4405,0,2421,0.58,-0.075,622114,-5.023,-8.7,-17.399,-16.994,-1.1,-10.111,-0.116,-0.117
hurify,1 Feb 2018,28 Feb 2018,27.0,104.0,1,saas,6,21731500.0,N/A,N/A,N/A,67019,0,4,0.34,0.0,1393930,-3.051,-5.285,-10.57,-10.146,0.699,4.809,-0.043,-0.061
phantasma,27 May 2018,28 May 2018,1.0,15.0,12,other,8,9650000.0,9747475.0,0.99,0.23,20415,0,5781,N/A,1.476,799685,-2.21,-3.828,-7.657,-7.29,-0.024,-5.076,-0.046,-0.167
aware,04 Jan 2018,30 Jan 2018,26.0,133.0,12,fintech,N/A,N/A,N/A,N/A,0.063,595,0,N/A,0.32,0.495,1391910,-0.3,-0.186,-2.953,-2.263,-0.011,-5.0,-0.004,-0.03
cfun,18 Dec 2017,19 Dec 2017,1.0,175.0,7,saas,6,15000000.0,15000000.0,1.0,0.03,4579,0,5553,N/A,2.506,14156000,-0.17,-0.176,-2.793,-2.308,0.067,-5.615,-0.005,-0.02
exchange-union,05 Aug 2017,29 Aug 2017,24.0,287.0,12,other,4,N/A,N/A,N/A,1.0,N/A,0,N/A,0.66,1.29,304953,0.189,0.189,3.007,3.347,-0.114,2.615,0.01,0.039
bankera,27 Nov 2017,27 Feb 2018,92.0,105.0,5,fintech,7,150949194.0,215641706.0,0.7,0.02,20688,0,25572,0.48,-0.481,2604320,-3.378,-5.85,-11.701,-10.781,-1.595,-12.769,-0.079,-0.046
stockchain,16 Mar 2018,19 Mar 2018,3.0,85.0,7,other,8,2693450.0,N/A,N/A,N/A,86475,0,56093,N/A,0.0,271642,0.312,-0.034,-0.541,-0.083,-0.219,-10.846,-0.005,-0.034
key,23 Sep 2017,23 Oct 2017,30.0,232.0,12,fintech,N/A,21780000.0,N/A,N/A,0.01,N/A,0,N/A,0.34,0.063,496995,-0.176,-1.393,-2.787,-1.508,-0.122,-9.846,-0.011,-0.059
cryptaur,27 Nov 2017,12 Mar 2018,105.0,92.0,7,saas,7,12000000.0,N/A,N/A,0.01,1856,0,1742,0.36,-0.606,165405,1.097,1.901,3.801,4.525,-2.33,-26.846,-0.008,-0.061
patron,27 Mar 2018,9 May 2018,43.0,34.0,8,saas,7,40000000.0,40000000.0,1.0,0.5,14333,0,21662,0.64,-0.864,933787,0.033,0.26,0.519,0.724,-1.929,-15.538,-0.013,-0.104
salpay,28 Nov 2017,01 Jan 2018,34.0,162.0,7,other,5,N/A,N/A,N/A,N/A,N/A,0,N/A,N/A,0.0,176215,-4.049,-7.013,-14.027,-13.271,-1.575,-14.538,-0.146,-0.149
spindle,9 May 2018,15 May 2018,6.0,28.0,4,blockchain,13,N/A,N/A,N/A,0.23,29749,0,24267,0.4,-0.905,2379600,-1.159,-2.008,-4.015,-3.403,-0.517,-9.0,-0.031,-0.186
shivom,03 May 2018,10 May 2018,7.0,33.0,12,other,N/A,35000000.0,35000000.0,1.0,N/A,52780,0,N/A,0.58,0.0,318348,-5.365,-9.293,-18.585,-17.751,-0.323,-1.462,-0.106,-0.072
blockmesh,28 Feb 2018,31 Mar 2018,31.0,73.0,12,blockchain,10,3486451.0,9961289.0,0.35,0.05,5054,0,13542,0.42,-0.289,87339,-0.321,-2.548,-5.096,-4.469,-1.693,-47.615,-0.038,-0.126
pikciochain,17 Mar 2018,31 Mar 2018,14.0,73.0,6,blockchain,10,12269958.0,29926727.0,0.41,0.34,7452,0,6415,0.38,-0.103,68851,-0.523,-0.906,-1.812,-1.535,-4.308,-39.769,-0.202,-0.208
paymon,30 Mar 2018,20 Apr 2018,21.0,53.0,2,saas,14,1092514.0,3034761.0,0.36,N/A,9034,0,9321,0.32,0.0,172644,1.021,1.769,3.538,3.867,0.275,-9.923,0.053,-0.078
etherecash,15 Nov 2017,12 Dec 2017,27.0,182.0,12,fintech,3,40000000.0,100000000.0,0.4,1.0,N/A,0,1194,N/A,-0.216,248868,-0.141,-0.128,-2.028,-1.242,-0.593,-39.769,-0.008,-0.383
sphre-air,1 Jun 2017,30 Jun 2017,29.0,347.0,4,saas,4,5272732.0,N/A,N/A,0.19,N/A,0,N/A,N/A,-0.222,10531,0.17,0.129,2.048,2.69,-0.115,-3.077,0.003,-0.033
xyo-network,20 Mar 2018,21 May 2018,62.0,22.0,1,other,13,11951000.0,47804000.0,0.25,0.01,16249,0,7385,0.66,-0.398,245464,-0.081,-0.645,-1.29,-0.823,-0.873,-6.154,-0.022,-0.032
pundi-x,21 Jan 2018,21 Jan 2018,0.0,142.0,12,saas,4,35000000.0,35000000.0,1.0,2.1,23623,0,5880,0.86,-1.0,970635,-0.194,0.286,4.543,4.983,-0.457,48.385,0.039,0.555
amon,4 Mar 2018,4 Apr 2018,31.0,69.0,5,other,8,1332600.0,26652000.0,0.05,0.05,6908,0,2472,N/A,0.264,152217,-0.426,-3.383,-6.766,-6.163,-1.116,-0.769,-0.047,-0.048
blockcdn,25 Nov 2016,25 Dec 2016,30.0,534.0,12,other,1,N/A,N/A,N/A,N/A,N/A,0,N/A,N/A,0.0,31955,0.479,0.109,1.736,2.26,0.088,-5.923,0.004,-0.087
shopin,30 Mar 2018,15 Apr 2018,16.0,58.0,1,other,11,42546499.0,50054705.0,0.85,0.1,N/A,0,1665,0.22,-0.68,70971,-1.851,-3.206,-6.411,-5.843,-0.003,-15.615,-0.051,-0.151
indicoin,30 Sep 2017,1 Nov 2017,32.0,223.0,12,blockchain,10,23000.0,N/A,N/A,0.02,N/A,0,22607,0.26,0.711,60496,0.159,0.045,0.714,1.03,-0.981,-31.462,0.026,-0.152
contractnet,10 Mar 2018,20 Mar 2018,10.0,84.0,3,other,5,2661505.0,N/A,N/A,N/A,N/A,0,1230,N/A,0.0,294035,-1.287,-2.228,-4.457,-3.986,-1.07,-30.923,-0.049,-0.327
hero,14 Sep 2017,14 Oct 2017,30.0,241.0,5,entertainment,13,36416517.0,173411986.0,0.21,0.04,1956,0,4514,0.52,7.513,88370,-0.08,-0.638,-1.277,-0.879,-0.683,-0.846,-0.022,-0.042
budbo,29 Jan 2018,5 Mar 2018,35.0,99.0,7,blockchain,17,30000000.0,52631579.0,0.57,0.35,3293,0,5295,0.34,-0.666,67317,0.101,0.801,1.601,1.763,0.224,-8.154,0.017,-0.076
zengold,26 May 2017,9 Jun 2017,14.0,368.0,3,saas,2,1908960.0,3030095.0,0.63,0.03,N/A,0,N/A,N/A,10.473,13093,0.181,0.166,2.637,2.752,0.929,-1.308,0.155,-0.017
utrum,20 May 2018,20 Jun 2018,31.0,-8.0,12,other,8,N/A,5000000.0,N/A,0.12,7471,0,1334,N/A,-0.249,21504,0.14,1.112,2.224,3.554,-0.719,-33.692,-0.006,-0.167
minex,15 May 2017,13 Jun 2017,29.0,364.0,2,blockchain,11,78985.0,N/A,N/A,6.18,N/A,0,10928,N/A,-0.89,8495,0.007,0.062,0.987,1.164,0.0,-2.077,0.021,-0.044
smoke,20 Apr 2018,25 May 2018,35.0,18.0,10,telecommunications,3,25000.0,2500000.0,0.01,0.1,N/A,0,12109,N/A,-0.949,1761,0.025,0.119,1.885,1.955,0.934,-33.0,0.127,-0.071
sisa,20 Nov 2017,20 Dec 2017,30.0,174.0,12,fintech,6,N/A,N/A,N/A,0.23,714,0,2968,N/A,-0.488,32828,-0.021,0.092,1.456,1.656,-0.043,-2.154,0.027,-0.025
stex,24 Nov 2017,31 Dec 2017,37.0,163.0,5,other,3,N/A,N/A,N/A,N/A,N/A,0,N/A,N/A,0.0,3009,0.224,0.127,2.016,2.016,-2646.879,5.154,85.986,-0.135
fapcoin,15 Sep 2017,31 Oct 2017,46.0,224.0,12,entertainment,N/A,N/A,N/A,N/A,0.3,N/A,0,N/A,N/A,-0.463,32723,0.097,0.082,1.295,1.422,0.263,13.385,0.034,0.165
plexcoin,20 Sep 2017,01 Oct 2017,11.0,254.0,12,fintech,N/A,N/A,N/A,N/A,N/A,N/A,0,N/A,N/A,0.0,27979,0.035,0.073,1.161,1.339,-0.581,-2.615,0.007,-0.043
solomonexchange,N/A,N/A,N/A,N/A,12,other,N/A,N/A,N/A,N/A,N/A,N/A,2,N/A,N/A,0.0,N/A,N/A,N/A,N/A,N/A,N/A,N/A,N/A,N/A
hackspacecapital,N/A,N/A,N/A,N/A,12,other,N/A,N/A,N/A,N/A,N/A,N/A,1,N/A,N/A,0.0,N/A,N/A,N/A,N/A,N/A,N/A,N/A,N/A,N/A
impakfinance,N/A,N/A,N/A,N/A,12,other,N/A,N/A,N/A,N/A,N/A,N/A,0,N/A,N/A,0.0,N/A,N/A,N/A,N/A,N/A,N/A,N/A,N/A,N/A
modum.io,N/A,N/A,N/A,N/A,12,other,N/A,N/A,N/A,N/A,N/A,N/A,1,N/A,N/A,0.0,N/A,N/A,N/A,N/A,N/A,N/A,N/A,N/A,N/A
detectortoken,N/A,N/A,N/A,N/A,12,other,N/A,N/A,N/A,N/A,N/A,N/A,2,N/A,N/A,0.0,N/A,N/A,N/A,N/A,N/A,N/A,N/A,N/A,N/A
silentnotary,N/A,N/A,N/A,N/A,12,other,N/A,N/A,N/A,N/A,N/A,N/A,0,N/A,N/A,0.0,N/A,N/A,N/A,N/A,N/A,N/A,N/A,N/A,N/A
intelligenttradingtech,N/A,N/A,N/A,N/A,12,other,N/A,N/A,N/A,N/A,N/A,N/A,0,N/A,N/A,0.0,N/A,N/A,N/A,N/A,N/A,N/A,N/A,N/A,N/A
kybernetwork,31 Aug 2017,15 Sep 2017,15.0,272.0,7,blockchain,10,46000000.0,46000000.0,1.0,0.41,11207,30,N/A,N/A,0.0,N/A,N/A,N/A,N/A,N/A,N/A,N/A,N/A,N/A
kickico,29 Aug 2017,16 Sep 2017,18.0,271.0,2,saas,16,21581925.0,21581925.0,1.0,0.08,6000,23,23,N/A,2.103,29279,-0.114,-0.126,-2.002,-2.029,0.196,-1.947,0.001,0.0
smartinvestmentfundtoken,N/A,N/A,N/A,N/A,12,other,N/A,N/A,N/A,N/A,N/A,N/A,0,N/A,N/A,0.0,N/A,N/A,N/A,N/A,N/A,N/A,N/A,N/A,N/A
trackr,16 Aug 2017,15 Sep 2017,30.0,272.0,4,blockchain,3,28879811.0,N/A,N/A,0.05,N/A,0,N/A,N/A,-0.057,12612,0.307,0.176,2.796,2.781,-0.059,0.51,0.039,0.087
facecoin,N/A,N/A,N/A,N/A,12,other,5,N/A,N/A,N/A,N/A,N/A,3,560,N/A,0.0,4779,0.207,0.119,1.893,1.885,-0.591,-33.902,0.275,0.481
icobox,N/A,N/A,N/A,N/A,12,other,N/A,N/A,N/A,N/A,N/A,N/A,12,N/A,N/A,0.0,N/A,N/A,N/A,N/A,N/A,N/A,N/A,N/A,N/A
social(scl),N/A,N/A,N/A,N/A,12,other,N/A,N/A,N/A,N/A,N/A,N/A,1,N/A,N/A,0.0,N/A,N/A,N/A,N/A,N/A,N/A,N/A,N/A,N/A
enigmacatalyst,N/A,N/A,N/A,N/A,12,other,N/A,N/A,N/A,N/A,N/A,N/A,6,N/A,N/A,0.0,N/A,N/A,N/A,N/A,N/A,N/A,N/A,N/A,N/A
ahoolee,28 Aug 2017,11 Sep 2017,14.0,276.0,2,ecommerce,8,N/A,10000000.0,N/A,0.4,N/A,6,6665,N/A,0.0,N/A,N/A,N/A,N/A,N/A,N/A,N/A,N/A,N/A
stuffgogo,12 Aug 2017,8 Sep 2017,27.0,279.0,1,saas,3,23975.0,N/A,0.0,0.03,57,1,4072,N/A,0.0,N/A,N/A,N/A,N/A,N/A,N/A,N/A,N/A,N/A
prospector,N/A,N/A,N/A,N/A,12,other,N/A,N/A,N/A,N/A,N/A,N/A,0,N/A,N/A,0.0,N/A,N/A,N/A,N/A,N/A,N/A,N/A,N/A,N/A
onegram,27 May 2017,24 Sep 2017,120.0,263.0,12,blockchain,7,N/A,N/A,0.22,41.66,N/A,3,1299,N/A,0.0,N/A,N/A,N/A,N/A,N/A,N/A,N/A,N/A,N/A
filecoin,10 Aug 2017,10 Sep 2017,31.0,277.0,1,saas,13,257000000.0,257000000.0,1.0,0.75,N/A,40,22551,N/A,14.333,296217,0.236,0.134,2.133,2.091,-0.162,-1.662,0.0,0.002
alpencoin,N/A,N/A,N/A,N/A,12,other,N/A,N/A,N/A,N/A,N/A,N/A,0,N/A,N/A,0.0,N/A,N/A,N/A,N/A,N/A,N/A,N/A,N/A,N/A
hubii,N/A,N/A,N/A,N/A,12,other,2,7130256.0,50930400.0,0.14,0.33,1278,5,N/A,N/A,0.0,N/A,N/A,N/A,N/A,N/A,N/A,N/A,N/A,N/A
worldwideanonymousmessaging,N/A,N/A,N/A,N/A,12,other,N/A,N/A,N/A,N/A,N/A,N/A,0,N/A,N/A,0.0,N/A,N/A,N/A,N/A,N/A,N/A,N/A,N/A,N/A
indorse,8 Aug 2017,8 Sep 2017,31.0,279.0,7,saas,19,9247392.0,14915148.0,0.62,0.31,12563,0,804,N/A,0.0,N/A,N/A,N/A,N/A,N/A,N/A,N/A,N/A,N/A
finshicapital,N/A,N/A,N/A,N/A,12,other,N/A,N/A,N/A,N/A,N/A,N/A,0,N/A,N/A,0.0,N/A,N/A,N/A,N/A,N/A,N/A,N/A,N/A,N/A
moeda,28 Jul 2017,28 Aug 2017,31.0,290.0,10,fintech,8,N/A,N/A,N/A,1.0,2747,0,N/A,N/A,0.0,N/A,N/A,N/A,N/A,N/A,N/A,N/A,N/A,N/A
xplay,N/A,N/A,N/A,N/A,12,other,N/A,N/A,N/A,N/A,N/A,N/A,0,N/A,N/A,0.0,204,-0.176,-1.4,-2.8,-2.834,0.034,-0.573,-0.024,-0.025
corion,N/A,N/A,N/A,N/A,12,other,N/A,N/A,N/A,N/A,N/A,N/A,0,N/A,N/A,0.0,18358,0.091,0.05,0.792,0.907,-0.323,-5.279,-0.002,-0.019
paquarium,20 Jul 2017,24 Aug 2017,35.0,294.0,5,other,10,61980.0,N/A,N/A,0.1,N/A,0,N/A,N/A,0.0,N/A,N/A,N/A,N/A,N/A,N/A,N/A,N/A,N/A
monsterbyte,N/A,N/A,N/A,N/A,12,other,N/A,N/A,N/A,N/A,N/A,N/A,0,N/A,N/A,0.0,N/A,N/A,N/A,N/A,N/A,N/A,N/A,N/A,N/A
coindash,17 Jul 2017,17 Aug 2017,31.0,301.0,12,saas,9,7000000.0,N/A,N/A,0.5,2,0,549,N/A,0.0,N/A,N/A,N/A,N/A,N/A,N/A,N/A,N/A,N/A
district0xnetwork,N/A,N/A,N/A,N/A,12,other,N/A,N/A,N/A,N/A,N/A,N/A,0,N/A,N/A,0.0,N/A,N/A,N/A,N/A,N/A,N/A,N/A,N/A,N/A
11.97,N/A,N/A,N/A,N/A,12,other,N/A,N/A,N/A,N/A,N/A,N/A,0,N/A,N/A,0.0,N/A,N/A,N/A,N/A,N/A,N/A,N/A,N/A,N/A
rootproject,10 Apr 2018,13 Apr 2018,3.0,62.0,1,blockchain,10,N/A,13000000.0,N/A,N/A,4757,0,1259,N/A,0.0,N/A,N/A,N/A,N/A,N/A,N/A,N/A,N/A,N/A
trueflip,N/A,N/A,N/A,N/A,12,other,N/A,N/A,N/A,N/A,N/A,N/A,0,N/A,N/A,0.0,133868,-0.088,0.02,0.323,0.432,-0.114,-0.256,0.009,-0.017
geofounders,N/A,N/A,N/A,N/A,12,other,N/A,N/A,N/A,N/A,N/A,N/A,0,N/A,N/A,0.0,N/A,N/A,N/A,N/A,N/A,N/A,N/A,N/A,N/A
primalbase,27 Jun 2017,28 Jun 2017,1.0,351.0,5,fintech,3,7600000.0,7600000.0,1.0,N/A,N/A,0,884,N/A,0.0,452,0.16,0.054,0.853,0.951,0.104,0.304,0.003,0.004
eros,N/A,N/A,N/A,N/A,12,other,N/A,N/A,N/A,N/A,N/A,N/A,0,N/A,N/A,0.0,N/A,N/A,N/A,N/A,N/A,N/A,N/A,N/A,N/A
gilgam,20 Jun 2017,20 Jul 2017,30.0,329.0,5,entertainment,8,686374.0,68637400.0,0.01,0.45,588,0,2686,N/A,0.0,N/A,N/A,N/A,N/A,N/A,N/A,N/A,N/A,N/A
gilgam.es,N/A,N/A,N/A,N/A,12,other,N/A,N/A,N/A,N/A,N/A,N/A,0,N/A,N/A,0.0,N/A,N/A,N/A,N/A,N/A,N/A,N/A,N/A,N/A
sumerchain,N/A,N/A,N/A,N/A,12,other,N/A,N/A,N/A,N/A,N/A,N/A,0,N/A,N/A,0.0,N/A,N/A,N/A,N/A,N/A,N/A,N/A,N/A,N/A
bitquence,28 Jun 2017,16 Jul 2017,18.0,333.0,1,blockchain,10,1680433.0,1680433.0,1.0,0.03,1668,0,347,N/A,102.333,8566770,-0.198,-1.574,-3.148,-2.943,-0.431,-3.533,-0.024,-0.023
pressone,N/A,N/A,N/A,N/A,12,other,N/A,N/A,N/A,N/A,N/A,N/A,0,N/A,N/A,0.0,169164,0.027,-0.143,-2.264,-2.135,1.353,11.206,0.002,0.015
orocrypt,14 Jun 2017,14 Jul 2017,30.0,335.0,10,other,4,N/A,N/A,N/A,N/A,N/A,0,5512,N/A,0.0,N/A,N/A,N/A,N/A,N/A,N/A,N/A,N/A,N/A
fuck,N/A,N/A,N/A,N/A,12,other,N/A,N/A,N/A,N/A,N/A,2,0,N/A,N/A,0.0,N/A,N/A,N/A,N/A,N/A,N/A,N/A,N/A,N/A
tezos,1 Jul 2017,13 Jul 2017,12.0,336.0,1,fintech,16,232000000.0,N/A,N/A,0.47,369,0,10007,N/A,2.936,459394,0.04,0.143,2.273,2.489,0.182,0.991,0.008,-0.006
insurex,11 Jul 2017,13 Jul 2017,2.0,336.0,4,other,3,7104000.0,N/A,N/A,0.16,N/A,0,N/A,N/A,3.614,403962,0.006,0.05,0.1,0.269,0.254,1.539,-0.011,-0.012
nimiq,28 Jun 2017,8 Jul 2017,10.0,341.0,5,blockchain,13,10000000.0,10000000.0,1.0,1.4,N/A,0,900,N/A,-0.393,1222,0.117,0.094,1.489,1.53,-0.292,0.322,0.01,-0.028
leviarcoin,N/A,N/A,N/A,N/A,12,other,N/A,N/A,N/A,N/A,N/A,963,0,N/A,N/A,0.0,N/A,N/A,N/A,N/A,N/A,N/A,N/A,N/A,N/A
onplace,10 Feb 2018,15 Mar 2018,33.0,91.0,1,blockchain,10,N/A,N/A,N/A,N/A,N/A,0,147,N/A,0.0,N/A,N/A,N/A,N/A,N/A,N/A,N/A,N/A,N/A
santiment,4 Jul 2017,5 Jul 2017,1.0,344.0,6,fintech,12,12215250.0,12215250.0,1.0,0.27,N/A,0,9015,N/A,0.173,4528390,-0.004,0.08,1.273,1.382,-0.115,-4.145,0.011,-0.02
openanx,22 Jun 2017,21 Jul 2017,29.0,328.0,3,fintech,28,18756937.0,22598719.0,0.83,0.45,N/A,0,12347,N/A,0.55,2865510,-0.153,-1.217,-2.434,-2.17,0.283,1.774,-0.017,-0.018
rialto,N/A,N/A,N/A,N/A,12,other,N/A,N/A,N/A,N/A,N/A,N/A,0,N/A,N/A,0.0,51162,0.265,0.194,3.075,3.144,-0.157,0.842,0.012,-0.007
crypviser,20 May 2017,30 Jun 2017,41.0,349.0,2,saas,6,4025989.0,7455535.0,0.54,1.0,2242,0,10313,N/A,0.0,N/A,N/A,N/A,N/A,N/A,N/A,N/A,N/A,N/A
rialto.ai,N/A,N/A,N/A,N/A,12,other,N/A,N/A,N/A,N/A,N/A,N/A,0,N/A,N/A,0.0,N/A,N/A,N/A,N/A,N/A,N/A,N/A,N/A,N/A
encryptotel,24 Apr 2017,31 May 2017,37.0,379.0,2,saas,3,44292128.0,N/A,N/A,N/A,356,0,215,N/A,0.0,2253,0.076,0.072,1.143,1.197,0.18,3.417,0.081,0.088
dcorp,01 Jun 2017,29 Jun 2017,28.0,350.0,12,other,4,N/A,N/A,N/A,N/A,N/A,0,N/A,N/A,0.0,199375,-0.09,0.134,2.122,2.199,0.213,-0.077,0.01,0.033
air,N/A,N/A,N/A,N/A,12,other,N/A,7072410.0,9429880.0,0.75,0.0471,4270,0,N/A,N/A,0.0,N/A,N/A,N/A,N/A,N/A,N/A,N/A,N/A,N/A
21million,N/A,N/A,N/A,N/A,12,other,N/A,N/A,N/A,N/A,N/A,N/A,0,N/A,N/A,0.0,N/A,N/A,N/A,N/A,N/A,N/A,N/A,N/A,N/A
silvercoin,N/A,N/A,N/A,N/A,12,other,N/A,N/A,N/A,N/A,N/A,N/A,0,N/A,N/A,0.0,N/A,N/A,N/A,N/A,N/A,N/A,N/A,N/A,N/A
idice,12 Jun 2017,26 Jun 2017,14.0,353.0,12,other,N/A,2500000.0,N/A,N/A,N/A,N/A,0,N/A,N/A,0.0,3644,0.114,0.076,1.211,1.252,-0.487,12.388,0.09,0.033
octanox,N/A,N/A,N/A,N/A,12,entertainment,3,N/A,N/A,N/A,N/A,844,0,N/A,N/A,0.0,33929,0.202,0.121,1.929,1.985,-0.432,-2.695,0.026,-0.002
nvo,23 May 2017,27 Jun 2017,35.0,352.0,12,saas,4,7790556.0,N/A,N/A,0.52,N/A,0,2700,N/A,-0.157,1831,0.142,0.085,1.356,1.433,-0.415,-6.562,0.026,-0.005
masknetwork,N/A,N/A,N/A,N/A,12,other,N/A,N/A,N/A,N/A,N/A,N/A,0,N/A,N/A,0.0,N/A,N/A,N/A,N/A,N/A,N/A,N/A,N/A,N/A
footballcoin,N/A,N/A,N/A,N/A,12,other,N/A,N/A,N/A,N/A,N/A,N/A,0,N/A,N/A,0.0,N/A,N/A,N/A,N/A,N/A,N/A,N/A,N/A,N/A
internetofcoins,N/A,N/A,N/A,N/A,12,other,N/A,N/A,N/A,N/A,N/A,N/A,0,N/A,N/A,0.0,N/A,N/A,N/A,N/A,N/A,N/A,N/A,N/A,N/A
bidlend,N/A,N/A,N/A,N/A,12,other,N/A,N/A,N/A,N/A,N/A,N/A,0,N/A,N/A,0.0,N/A,N/A,N/A,N/A,N/A,N/A,N/A,N/A,N/A
superdao,N/A,N/A,N/A,N/A,12,other,4,N/A,N/A,N/A,N/A,N/A,0,N/A,N/A,0.0,N/A,N/A,N/A,N/A,N/A,N/A,N/A,N/A,N/A
aira,N/A,N/A,N/A,N/A,12,other,N/A,N/A,N/A,N/A,N/A,N/A,0,N/A,N/A,0.0,N/A,N/A,N/A,N/A,N/A,N/A,N/A,N/A,N/A
embermine,5 May 2017,2 Jun 2017,28.0,377.0,1,saas,4,80000.0,N/A,N/A,0.04,1052,0,347,N/A,0.0,N/A,N/A,N/A,N/A,N/A,N/A,N/A,N/A,N/A
adel,N/A,N/A,N/A,N/A,12,other,N/A,N/A,N/A,N/A,N/A,N/A,0,N/A,N/A,0.0,N/A,N/A,N/A,N/A,N/A,N/A,N/A,N/A,N/A
basicattentiontoken,N/A,N/A,N/A,N/A,12,other,N/A,N/A,N/A,N/A,N/A,N/A,0,N/A,N/A,0.0,N/A,N/A,N/A,N/A,N/A,N/A,N/A,N/A,N/A
exscudo,25 Apr 2017,31 May 2017,36.0,379.0,5,saas,9,5389491.0,5389491.0,1.0,0.44,N/A,0,9209,N/A,0.0,N/A,N/A,N/A,N/A,N/A,N/A,N/A,N/A,N/A
mysteriumnetwork,N/A,N/A,N/A,N/A,12,other,N/A,N/A,N/A,N/A,N/A,N/A,0,N/A,N/A,0.0,N/A,N/A,N/A,N/A,N/A,N/A,N/A,N/A,N/A
e4row,2 May 2017,23 May 2017,21.0,387.0,12,saas,1,40000032.0,N/A,N/A,N/A,N/A,0,N/A,N/A,0.0,N/A,N/A,N/A,N/A,N/A,N/A,N/A,N/A,N/A
vivacoin,N/A,N/A,N/A,N/A,12,other,N/A,N/A,N/A,N/A,N/A,N/A,0,N/A,N/A,0.0,N/A,N/A,N/A,N/A,N/A,N/A,N/A,N/A,N/A
bitcoingrowthfund,N/A,N/A,N/A,N/A,12,other,N/A,N/A,N/A,N/A,N/A,N/A,0,N/A,N/A,0.0,N/A,N/A,N/A,N/A,N/A,N/A,N/A,N/A,N/A
legendsroom,N/A,N/A,N/A,N/A,12,other,N/A,N/A,N/A,N/A,N/A,N/A,0,N/A,N/A,0.0,N/A,N/A,N/A,N/A,N/A,N/A,N/A,N/A,N/A
nexxus,N/A,N/A,N/A,N/A,12,other,N/A,N/A,N/A,N/A,N/A,N/A,0,N/A,N/A,0.0,15769,0.17,0.184,2.919,2.947,0.127,-26.652,0.157,0.311
quantumresistantledger,N/A,N/A,N/A,N/A,12,other,N/A,N/A,N/A,N/A,N/A,N/A,0,N/A,N/A,0.0,N/A,N/A,N/A,N/A,N/A,N/A,N/A,N/A,N/A
creativechain,N/A,N/A,N/A,N/A,12,other,N/A,N/A,N/A,N/A,N/A,N/A,0,N/A,N/A,0.0,N/A,N/A,N/A,N/A,N/A,N/A,N/A,N/A,N/A
apptrade,N/A,N/A,N/A,N/A,12,other,N/A,N/A,N/A,N/A,N/A,N/A,0,N/A,N/A,0.0,N/A,N/A,N/A,N/A,N/A,N/A,N/A,N/A,N/A
backtoearth,N/A,N/A,N/A,N/A,12,other,N/A,N/A,N/A,N/A,N/A,N/A,0,N/A,N/A,0.0,N/A,N/A,N/A,N/A,N/A,N/A,N/A,N/A,N/A
iex.ec,N/A,N/A,N/A,N/A,12,other,N/A,N/A,N/A,N/A,N/A,N/A,0,N/A,N/A,0.0,N/A,N/A,N/A,N/A,N/A,N/A,N/A,N/A,N/A
blockchaincapital,N/A,N/A,N/A,N/A,12,other,N/A,N/A,N/A,N/A,N/A,N/A,0,N/A,N/A,0.0,N/A,N/A,N/A,N/A,N/A,N/A,N/A,N/A,N/A
cosmosnetwork,N/A,N/A,N/A,N/A,12,other,N/A,N/A,N/A,N/A,N/A,N/A,0,N/A,N/A,0.0,N/A,N/A,N/A,N/A,N/A,N/A,N/A,N/A,N/A
cosmos,N/A,N/A,N/A,N/A,12,other,N/A,N/A,N/A,N/A,N/A,N/A,0,N/A,N/A,0.0,N/A,N/A,N/A,N/A,N/A,N/A,N/A,N/A,N/A
equibit,01 Feb 2017,01 Apr 2017,59.0,439.0,1,other,1,N/A,N/A,N/A,N/A,N/A,0,N/A,N/A,0.0,N/A,N/A,N/A,N/A,N/A,N/A,N/A,N/A,N/A
chainofpoints,N/A,N/A,N/A,N/A,12,other,N/A,N/A,N/A,N/A,N/A,N/A,0,N/A,N/A,0.0,N/A,N/A,N/A,N/A,N/A,N/A,N/A,N/A,N/A
cashscripter,N/A,N/A,N/A,N/A,12,other,N/A,N/A,N/A,N/A,N/A,N/A,0,N/A,N/A,0.0,N/A,N/A,N/A,N/A,N/A,N/A,N/A,N/A,N/A
lykke,N/A,N/A,N/A,N/A,6,other,9,N/A,N/A,N/A,N/A,N/A,0,N/A,N/A,0.0,74389,-0.103,0.038,0.605,0.896,-0.001,-3.976,0.002,-0.005
augmentors,30 Jan 2017,28 Feb 2017,29.0,471.0,11,saas,7,10695258.0,10695258.0,1.0,0.08,N/A,0,4860,N/A,0.0,N/A,N/A,N/A,N/A,N/A,N/A,N/A,N/A,N/A
lykke(2ndround),N/A,N/A,N/A,N/A,12,other,N/A,N/A,N/A,N/A,N/A,N/A,0,N/A,N/A,0.0,N/A,N/A,N/A,N/A,N/A,N/A,N/A,N/A,N/A
contingency,N/A,N/A,N/A,N/A,12,other,N/A,N/A,N/A,N/A,N/A,N/A,0,N/A,N/A,0.0,N/A,N/A,N/A,N/A,N/A,N/A,N/A,N/A,N/A
dfinity,N/A,N/A,N/A,N/A,12,other,30,N/A,N/A,N/A,N/A,59600,0,47,N/A,0.0,N/A,N/A,N/A,N/A,N/A,N/A,N/A,N/A,N/A
betking,7 Aug 2017,4 Sep 2017,28.0,283.0,4,other,N/A,6500000.0,N/A,N/A,0.09,123,0,2960,N/A,0.0,N/A,N/A,N/A,N/A,N/A,N/A,N/A,N/A,N/A
ether.camp,N/A,N/A,N/A,N/A,12,other,N/A,N/A,N/A,N/A,N/A,N/A,0,N/A,N/A,0.0,N/A,N/A,N/A,N/A,N/A,N/A,N/A,N/A,N/A
virtualaccelerator,N/A,N/A,N/A,N/A,12,other,N/A,N/A,N/A,N/A,N/A,N/A,0,N/A,N/A,0.0,N/A,N/A,N/A,N/A,N/A,N/A,N/A,N/A,N/A
mysterium(1stround),N/A,N/A,N/A,N/A,12,other,N/A,N/A,N/A,N/A,N/A,N/A,0,N/A,N/A,0.0,N/A,N/A,N/A,N/A,N/A,N/A,N/A,N/A,N/A
vdice,15 Nov 2016,15 Dec 2016,30.0,546.0,12,other,N/A,3000000.0,N/A,N/A,0.08,N/A,0,5631,N/A,0.0,N/A,N/A,N/A,N/A,N/A,N/A,N/A,N/A,N/A
beyondthevoid,N/A,N/A,N/A,N/A,12,other,N/A,N/A,N/A,N/A,N/A,N/A,0,N/A,N/A,0.0,N/A,N/A,N/A,N/A,N/A,N/A,N/A,N/A,N/A
massnetwork,N/A,N/A,N/A,N/A,12,other,N/A,N/A,N/A,N/A,N/A,N/A,0,N/A,N/A,0.0,N/A,N/A,N/A,N/A,N/A,N/A,N/A,N/A,N/A
arcadecity,N/A,N/A,N/A,N/A,12,other,N/A,N/A,N/A,N/A,N/A,N/A,0,N/A,N/A,0.0,N/A,N/A,N/A,N/A,N/A,N/A,N/A,N/A,N/A
etcwin,N/A,N/A,N/A,N/A,12,other,N/A,N/A,N/A,N/A,N/A,N/A,0,N/A,N/A,0.0,N/A,N/A,N/A,N/A,N/A,N/A,N/A,N/A,N/A
kibolotto,N/A,N/A,N/A,N/A,12,other,N/A,N/A,N/A,N/A,N/A,N/A,0,N/A,N/A,0.0,N/A,N/A,N/A,N/A,N/A,N/A,N/A,N/A,N/A
lykke(1stround),N/A,N/A,N/A,N/A,12,other,N/A,N/A,N/A,N/A,N/A,N/A,0,N/A,N/A,0.0,N/A,N/A,N/A,N/A,N/A,N/A,N/A,N/A,N/A
antshares,N/A,N/A,N/A,N/A,12,other,N/A,N/A,N/A,N/A,N/A,N/A,0,N/A,N/A,0.0,98810800,-0.187,-1.48,-2.961,-2.646,-0.126,-0.998,-0.018,-0.018
metaverse,N/A,N/A,N/A,N/A,12,other,1,N/A,N/A,N/A,N/A,N/A,0,N/A,N/A,0.0,1239070,-0.017,-0.094,-1.489,-1.307,-0.108,2.412,0.012,-0.006
elastic,N/A,N/A,N/A,N/A,12,other,N/A,N/A,N/A,N/A,N/A,N/A,0,N/A,N/A,0.0,64558,-0.344,0.019,0.302,0.4,-0.11,1.648,0.002,-0.018
heat,N/A,N/A,N/A,N/A,12,other,N/A,N/A,N/A,N/A,N/A,N/A,0,N/A,N/A,0.0,N/A,N/A,N/A,N/A,N/A,N/A,N/A,N/A,N/A
icoo,N/A,N/A,N/A,N/A,12,other,N/A,N/A,N/A,N/A,N/A,N/A,0,N/A,N/A,0.0,N/A,N/A,N/A,N/A,N/A,N/A,N/A,N/A,N/A
xaurum,N/A,N/A,N/A,N/A,12,other,N/A,N/A,N/A,N/A,N/A,36,0,N/A,N/A,0.0,3753,0.28,0.157,2.499,2.598,-0.254,-1.265,0.007,-0.007
stratis,N/A,N/A,N/A,N/A,12,other,N/A,N/A,N/A,N/A,N/A,N/A,0,N/A,N/A,0.0,48504,0.199,0.159,2.53,2.639,-0.005,-2.095,0.013,-0.025
breakoutcoin,N/A,N/A,N/A,N/A,12,other,N/A,N/A,N/A,N/A,N/A,N/A,0,N/A,N/A,0.0,N/A,N/A,N/A,N/A,N/A,N/A,N/A,N/A,N/A
waves,N/A,N/A,N/A,N/A,12,saas,1,N/A,N/A,N/A,N/A,N/A,0,128098,N/A,0.0,83734,-0.286,-0.152,-2.405,-2.301,-0.009,-3.644,0.005,-0.025
rise,N/A,N/A,N/A,N/A,12,other,N/A,N/A,N/A,N/A,N/A,N/A,0,N/A,N/A,0.0,42224,0.183,0.028,0.451,0.63,0.119,19.375,0.015,0.021
plutus,30 Jun 2016,8 Jul 2016,8.0,706.0,5,saas,12,1000000.0,N/A,N/A,N/A,N/A,0,2920,N/A,0.0,N/A,N/A,N/A,N/A,N/A,N/A,N/A,N/A,N/A
mycelium(2ndround),N/A,N/A,N/A,N/A,12,other,N/A,N/A,N/A,N/A,N/A,N/A,0,N/A,N/A,0.0,N/A,N/A,N/A,N/A,N/A,N/A,N/A,N/A,N/A
thedao,N/A,N/A,N/A,N/A,12,other,N/A,N/A,N/A,N/A,N/A,N/A,0,N/A,N/A,0.0,N/A,N/A,N/A,N/A,N/A,N/A,N/A,N/A,N/A
projectdecorum,N/A,N/A,N/A,N/A,12,other,N/A,N/A,N/A,N/A,N/A,N/A,0,N/A,N/A,0.0,N/A,N/A,N/A,N/A,N/A,N/A,N/A,N/A,N/A
ionomy,N/A,N/A,N/A,N/A,12,other,N/A,N/A,N/A,N/A,N/A,N/A,0,N/A,N/A,0.0,N/A,N/A,N/A,N/A,N/A,N/A,N/A,N/A,N/A
digixglobal,N/A,N/A,N/A,N/A,12,other,N/A,N/A,N/A,N/A,N/A,13886,0,N/A,N/A,0.0,N/A,N/A,N/A,N/A,N/A,N/A,N/A,N/A,N/A
lisk,N/A,N/A,N/A,N/A,5,other,5,N/A,N/A,N/A,N/A,N/A,0,N/A,N/A,0.0,222502,0.102,0.147,2.326,2.36,-0.075,-2.318,0.012,-0.019
obits,N/A,N/A,N/A,N/A,12,other,N/A,N/A,N/A,N/A,N/A,N/A,0,N/A,N/A,0.0,606,0.118,0.083,1.325,1.384,0.056,-4.269,0.009,-0.014
spellsofgenesis,N/A,N/A,N/A,N/A,12,other,N/A,N/A,N/A,N/A,N/A,N/A,0,N/A,N/A,0.0,N/A,N/A,N/A,N/A,N/A,N/A,N/A,N/A,N/A
factom,N/A,N/A,N/A,N/A,1,other,4,N/A,N/A,N/A,N/A,N/A,0,N/A,N/A,0.0,29947,-0.054,-0.055,-0.867,-0.74,-0.074,5.728,0.009,-0.019
neucoin,17 Nov 2017,17 Dec 2017,30.0,179.0,12,other,N/A,N/A,N/A,N/A,N/A,N/A,0,N/A,N/A,0.0,17457,-0.402,-0.104,-1.649,-1.427,0.876,-17.536,0.1,0.006
dacplay,N/A,N/A,N/A,N/A,12,other,N/A,N/A,N/A,N/A,N/A,N/A,0,N/A,N/A,0.0,N/A,N/A,N/A,N/A,N/A,N/A,N/A,N/A,N/A
getgems,N/A,N/A,N/A,N/A,12,other,N/A,N/A,N/A,N/A,N/A,2821,0,N/A,N/A,0.0,N/A,N/A,N/A,N/A,N/A,N/A,N/A,N/A,N/A
muse,N/A,N/A,N/A,N/A,12,other,N/A,N/A,N/A,N/A,N/A,12,0,N/A,N/A,0.0,N/A,N/A,N/A,N/A,N/A,N/A,N/A,N/A,N/A
supernet,N/A,N/A,N/A,N/A,12,other,N/A,N/A,N/A,N/A,N/A,N/A,0,N/A,N/A,0.0,40814,0.315,0.545,1.09,1.258,-0.438,-3.972,0.004,0.005
ethereum,N/A,N/A,N/A,N/A,12,other,N/A,N/A,N/A,N/A,N/A,3,0,N/A,N/A,0.0,164329,-0.01,-0.059,-0.944,-0.916,0.007,-0.273,0.008,-0.01
storjcoinx,N/A,N/A,N/A,N/A,12,other,N/A,N/A,N/A,N/A,N/A,N/A,0,N/A,N/A,0.0,N/A,N/A,N/A,N/A,N/A,N/A,N/A,N/A,N/A
swarm,N/A,N/A,N/A,N/A,1,other,10,5370258.0,53702580.0,0.1,27.42,3673,0,N/A,N/A,-0.999,228,-0.122,0.061,0.976,0.996,0.392,20.926,0.053,0.388
maidsafecoin,N/A,N/A,N/A,N/A,12,other,N/A,N/A,N/A,N/A,N/A,N/A,0,N/A,N/A,0.0,21809,-0.022,0.049,0.77,0.815,-0.093,-1.505,0.005,-0.02
counterparty,N/A,N/A,N/A,N/A,12,other,N/A,N/A,N/A,N/A,N/A,N/A,0,N/A,N/A,0.0,42170,0.063,-0.068,-1.081,-1.051,-0.028,-0.479,0.005,0.0
