coin,start,end,duration,age,region,industry,team,raised,hardcap,success,price,telegram,N_google_news,N_twitter,hype,ret_ico_to_day_one,vol_day1,sharpe_1,sharpe_3,sharpe_yr,sharpe_yr2,beta_btc,beta_top10,alpha_btc
eos,11 Jun 2017,26 Jun 2017,15,346,1,blockchain,4,185000000,N/A,N/A,0.99,58166,2,N/A,0.7,0.02,13613000,0.19,0.09,1.35,1.32,0.074,1.322,0.015
iota,24 Nov 2017,20 Dec 2017,26,169,12,saas,N/A,N/A,N/A,N/A,N/A,2,3,N/A,0.32,0,25425600,-0.2,0.12,1.83,1.76,0.067,-0.192,0.007
tron,07 Sep 2017,08 Sep 2017,1,272,3,blockchain,1,70000000,70000000,1,0.0019,99605,1,N/A,0.62,0.046,48512,0.15,0.09,1.5,1.46,-0.073,2.201,0.026
neo,8 Aug 2017,7 Sep 2017,30,273,3,blockchain,16,28056944,N/A,N/A,0.03,4,2,319275,0.76,17.616,1349,0.12,0.08,1.33,1.3,0.04,-0.665,0.017
qtum,12 Mar 2017,17 Mar 2017,5,447,7,blockchain,18,15000000,15000000,1,0.3,14062,1,164923,N/A,19.633,11221600,0.23,0.06,0.98,0.98,0.071,-0.643,0.008
omisego,23 Jun 2017,23 Jul 2017,30,319,7,fintech,5,25000000,25000000,1,0.23,N/A,1,277200,N/A,1.533,750698,0.37,0.31,4.86,4.86,-0.06,-1.286,0.015
icon,22 Sep 2017,22 Sep 2017,0,258,8,transportation,41,42750000,42750000,1,0.11,21045,1,103674,0.5,3.519,71509,0.34,0.32,5.1,5.1,-0.088,-0.286,0.017
zilliqa,27 Dec 2017,04 Jan 2018,8,154,12,blockchain,N/A,22000000,22000000,1,0.0038,30306,2,N/A,0.74,34.8,4921770,-0.37,-0.14,-2.21,-2.21,-0.356,-0.5,0.003
aeternity,29 May 2017,19 Jun 2017,21,353,5,saas,15,24426689,N/A,N/A,0.28,N/A,1,277,N/A,1.484,1518,0.39,0.09,1.42,1.42,0.026,0.393,0.017
0x,15 Aug 2017,15 Sep 2017,31,265,1,saas,6,24000000,24000000,1,0.07,N/A,4,44578,N/A,2.206,5232600,0.23,0.12,1.97,1.97,-0.255,-1.107,0.016
bytom,20 Jun 2017,20 Jul 2017,30,322,3,saas,5,22554000,N/A,N/A,0.05,N/A,1,17544,N/A,1.256,7543670,0.18,0.05,0.77,0.77,-0.085,-1.893,0.013
golem,13 Nov 2016,13 Nov 2016,0,571,5,saas,15,8000000,8000000,1,0.01,574,1,139029,N/A,73.38,27712500,-0.52,-4.13,-8.26,-8.26,0.675,2.489,-0.003
wanchain,01 Oct 2017,01 Nov 2017,31,218,3,other,42,35990000,35990000,1,0.34,47109,1,103907,0.54,11.382,189439000,0.18,0.06,0.96,1.14,-0.573,-5.681,0.004
augur,17 Aug 2015,1 Oct 2015,45,980,1,saas,13,5000000,6250000,0.8,0.6,N/A,1,433,N/A,1.45,728,0.09,0.14,2.18,2.42,0.026,-0.34,0.009
populous,24 Jul 2017,24 Jul 2017,0,318,4,fintech,5,10220400,1022040000,0.01,0.25,N/A,1,23012,0.82,12.32,2704070,0.2,0.11,1.69,1.78,-0.06,-5.255,0.012
status,20 Jun 2017,20 Jun 2017,0,352,6,saas,12,10000000,N/A,N/A,0.04,N/A,3,101652,N/A,0.404,13747700,-0.21,0.04,0.66,0.75,0.157,-0.936,0.008
aion,24 Nov 2017,24 Dec 2017,30,165,12,other,8,N/A,N/A,N/A,1,11364,0,49304,N/A,-0.374,20958,0.12,0.22,3.46,3.52,-0.133,-5.574,0.018
digixdao,29 Mar 2016,30 Mar 2016,1,799,7,saas,N/A,55000004,N/A,N/A,4.2,N/A,1,15232,N/A,6.543,1900,-0.05,-0.01,-0.14,-0.03,0.033,-1.064,0.006
nebulas,8 Dec 2017,16 Dec 2017,8,173,1,saas,19,60000000,60000000,1,2,12032,1,22920,0.76,1.17,995797,-0.17,0.17,2.64,2.6,-0.138,-2.247,0.011
loopring,1 Aug 2017,16 Aug 2017,15,295,3,saas,3,45000000,45000000,1,0.06,N/A,1,32630,0.6,0.747,200829,-0.05,0.12,1.93,2.02,-0.147,-0.106,0.015
komodo,15 Oct 2016,16 Nov 2016,32,568,12,saas,N/A,1983781,N/A,N/A,0.38,N/A,1,89247,N/A,-0.708,22487,0.02,0.12,1.88,1.9,-0.004,-3.468,0.021
ark,05 Nov 2016,09 Dec 2016,34,545,12,blockchain,N/A,22000000,N/A,N/A,0.1,44,1,N/A,N/A,-0.657,133793,0.32,0.26,4.19,4.29,-0.167,-2.277,0.017
elastos,01 Jan 2018,22 Jan 2018,21,136,3,other,58,94073200,94073200,1,18.09,17230,2,22460,0.62,1.259,33745700,0.19,-0.02,-0.34,-0.19,-0.443,1.766,0.004
cybermiles,21 Nov 2017,21 Dec 2017,30,168,1,saas,9,30881582,30881582,1,0.1,68872,5,241281,0.62,0.806,12580000,-0.09,0.01,0.22,0.31,-0.015,-4.34,0.006
bancor,12 Jun 2017,12 Jun 2017,0,360,12,saas,6,15300000,N/A,N/A,3.92,6665,10,822,N/A,4.097,16871,-0.16,-0.07,-1.04,-0.94,-0.004,-1.809,0.001
cryptonex,01 Sep 2017,30 Sep 2017,29,250,12,other,N/A,N/A,N/A,N/A,N/A,2298,0,N/A,N/A,0,79554,-0.03,0.12,1.88,1.98,-0.222,1.213,0.009
dentacoin,1 Oct 2017,1 Nov 2017,31,218,5,insurance services,19,1923507,27478671,0.07,0,1459,6,110,0.6,0,228296,0.04,0.06,0.94,1.01,-0.19,-0.617,0.024
kyber-network,15 Sep 2017,17 Sep 2017,2,263,7,other,7,N/A,N/A,N/A,N/A,N/A,N/A,N/A,N/A,0,16343900,-0.15,-0.08,-1.21,-0.99,-0.128,-2.596,0.004
veritaseum,25 Apr 2017,26 May 2017,31,377,1,blockchain,2,6480882,N/A,N/A,12,1819,1,23284,N/A,3.047,450758,0.22,0.13,2.02,2.02,-260.369,-0.298,190.453
fusion,1 Feb 2018,10 Feb 2018,9,117,7,fintech,20,42185216,42185216,1,2.06,10899,4,7835,0.4,0.592,1440790,-0.04,0.12,1.87,2.03,-0.207,-4.362,0.011
theta-token,07 Jan 2018,07 Jan 2018,0,151,12,blockchain,N/A,20000000,20000000,1,0.12,13415,N/A,N/A,0.6,0.527,10023000,0.05,0.06,0.99,1.11,-0.118,8.957,0.01
substratum,14 Aug 2017,14 Sep 2017,31,266,1,blockchain,6,13800000,44516129,0.31,0.07,12630,2,1158,0.4,-0.333,41819,0.29,0.28,4.47,4.57,-0.246,-5.128,0.017
electroneum,14 Sep 2017,20 Oct 2017,36,230,4,blockchain,15,39934610,39934610,1,0.01,49514,1,124347,0.44,6.736,2464330,-0.13,0.08,1.26,1.34,0.092,-1.638,0.002
dragonchain,2 Oct 2017,2 Nov 2017,31,217,1,saas,8,13700000,16707317,0.82,0.07,N/A,8,74322,0.3,2.853,1142060,0.37,0.26,4.08,4.17,0.107,-3.447,0.012
kin,12 Sep 2017,26 Sep 2017,14,254,1,saas,7,48594816,74761255,0.65,0,N/A,1,24704,0.58,0,372049,-0.08,-0.01,-0.17,-0.02,-0.144,-1.191,0.012
holo,29 Mar 2018,28 Apr 2018,30,40,7,telecommunications,8,20388500,20388500,1,0.0002,8034,4,5064,N/A,2.84,5764530,0.26,2.05,4.1,4.21,0.592,-4.915,0.018
storm,07 Nov 2017,07 Dec 2017,30,182,1,fintech,8,30716420,30716420,1,0.0113,9924,1,26837,N/A,0.43,330757,0.68,0.15,2.39,2.47,-0.239,-2.553,0.017
bnktothefuture,16 Feb 2018,16 Mar 2018,28,83,12,fintech,10,33000000,N/A,N/A,0.1,N/A,4,N/A,0.58,-0.22,40890,0.31,0.2,3.11,3.25,0.01,1.702,0.019
power-ledger,8 Sep 2017,6 Oct 2017,28,244,9,energy,17,13232290,N/A,N/A,0.09,16508,3,919,0.4,-0.381,1017460,0.51,0.32,5.09,5.16,0.055,-2.426,0.016
iexec-rlc,17 Apr 2017,10 May 2017,23,393,12,other,8,12000000,N/A,N/A,0.178,N/A,N/A,N/A,N/A,0,N/A,N/A,N/A,N/A,N/A,N/A,N/A,N/A
gifto,14 Dec 2017,14 Dec 2017,0,175,3,entertainment,13,10000000,10000000,1,0.1,55527,4,16702,0.48,2.489,44959800,0.32,0.12,1.93,2.01,-0.073,-2.745,0.007
dropil,7 Feb 2018,7 Mar 2018,28,92,1,fintech,6,60000000,N/A,N/A,N/A,728,1,6751,N/A,0,78904,-0.05,0.06,0.99,1.15,0.036,2.234,0.005
deepbrain-chain,15 Dec 2017,15 Dec 2017,0,174,7,other,N/A,11755200,11755200,1,0.0158,12801,N/A,N/A,N/A,4.813,18387700,0.29,0.09,1.36,1.45,-0.286,-0.723,0.008
salt,01 Aug 2017,15 Aug 2017,14,296,12,fintech,N/A,48500000,48500000,1,0.89,799,N/A,N/A,N/A,3.876,4174650,-0.17,0,0.08,0.2,-0.083,-3.936,0
decentraland,8 Aug 2017,8 Aug 2017,0,303,10,entertainment,13,24137000,24137000,1,0.02,N/A,1,3,0.7,0.237,688849,-0.21,-0.01,-0.19,-0.08,-0.12,-0.511,0.015
monaco,18 May 2017,18 Jun 2017,31,354,6,fintech,4,26700000,267000000,0.1,2.88,7410,4,64713,0.78,-0.142,1549870,-0.1,0.2,3.1,3.15,0.047,-1.681,0.014
storj,19 May 2017,25 May 2017,6,378,1,saas,15,30000000,30000000,1,0.5,N/A,1,83137,N/A,0.097,211542,0.08,0.11,1.71,1.78,-0.015,-0.021,0.009
civic,21 Jun 2017,22 Jun 2017,1,350,1,saas,2,33000000,33000000,1,0.1,8901,6,86743,N/A,0.767,9750800,0.18,0.14,2.26,2.36,-0.244,-1.362,0.009
neblio,6 Aug 2017,20 Aug 2017,14,291,1,fintech,2,14834923,211927471,0.07,0.2,N/A,1,N/A,0.44,2.146,257746,0.2,0.24,3.77,3.86,-0.11,1.149,0.022
tenx,24 Jun 2017,24 Jun 2017,0,348,7,fintech,10,80000000,N/A,N/A,0.87,116,3,1720,0.74,53.943,303595,0.05,0.16,2.47,2.53,-0.136,-0.638,0.007
singularitynet,19 Dec 2017,19 Dec 2017,0,170,6,saas,9,32847814,32847814,1,0.1,15780,2,16938,N/A,14.2,17465100,0.09,0,0.08,0.14,-0.146,-11.17,0.003
quantstamp,17 Nov 2017,16 Dec 2017,29,173,1,fintech,10,31320000,31320000,1,0.07,24031,1,N/A,0.56,0.304,28481900,0.18,0.23,3.59,3.67,-0.326,-5.043,0.013
dent,12 Jul 2017,26 Jul 2017,14,316,3,telecommunications,8,1923507,27478671,0.07,0,1459,1,36088,N/A,0,71565,0.16,0.1,1.65,1.71,-0.163,-2.511,0.03
nexo,17 Mar 2018,15 Apr 2018,29,53,6,fintech,18,52500000,52500000,1,0.1,63543,1,N/A,0.7,0.85,3226150,0.04,0.34,0.68,0.8,-0.7,-3.362,0.001
request-network,13 Oct 2017,17 Oct 2017,4,233,5,fintech,7,33600000,33600000,1,0.06,13863,1,766,0.36,0.013,5914220,0.13,0.27,4.23,4.35,-0.19,-2.936,0.01
time-new-bank,18 Nov 2017,23 Nov 2017,5,196,7,saas,10,14360000,14360000,1,0.02,27102,0,14847,N/A,0.761,10625600,0.34,0.2,3.17,3.25,-0.149,-1.149,0.009
iconomi,25 Aug 2016,29 Sep 2016,35,616,5,saas,26,10000000,11764706,0.85,0.11,N/A,2,921,N/A,1.433,14652,0.13,0.1,1.6,1.67,-0.096,-0.66,0.01
arcblock,3 Feb 2018,3 Feb 2018,0,124,1,blockchain,4,45000000,45000000,1,0.5,38181,5,33320,0.72,1.54,94865600,-0.38,0.07,1.09,1.29,-0.076,-1.447,0
enjin-coin,3 Oct 2017,31 Oct 2017,28,219,7,entertainment,8,22959609,24956097,0.92,0.03,13106,1,N/A,N/A,-0.332,742008,0.02,0.28,4.4,4.5,-0.146,-0.511,0.014
lympo,17 Feb 2018,28 Feb 2018,11,99,5,entertainment,11,16857899,16857899,1,0.0217,13193,3,6668,N/A,-0.258,176692,0.26,0.21,3.41,3.53,-0.121,-0.043,0.027
cindicator,12 Sep 2017,12 Oct 2017,30,238,2,blockchain,12,15000000,15000000,1,0.01,7928,5,38945,0.68,1.258,971989,-0.44,0.06,0.89,1.02,-0.143,-2.319,0.014
revain,21 Aug 2017,4 Sep 2017,14,276,2,saas,11,12513346,12513346,1,0.05,2356,1,6414,0.46,0.558,107140,0.26,0.38,6,6.12,0.089,0.234,0.014
bottos,31 Dec 2017,30 Jan 2018,30,128,12,other,N/A,N/A,N/A,N/A,0.1,N/A,1,N/A,0.42,2.296,18592600,-0.1,-0.12,-1.97,-1.83,-0.167,-3.383,0.001
aragon,17 May 2017,17 May 2017,0,386,5,saas,2,25000000,N/A,N/A,0.74,N/A,1,6806,N/A,1.054,2745280,0.28,0.09,1.43,1.55,0.01,0.021,0.006
bluzelle,18 Jan 2018,2 Feb 2018,15,125,7,saas,10,19500000,19500000,1,0.12,23139,4,32661,0.96,4.648,41214300,0.11,0,-0.02,0.12,-0.643,-5.106,0.005
gnosis,24 Apr 2017,24 Apr 2017,0,409,5,saas,10,12500000,12500000,1,29.85,N/A,2,68318,N/A,-1,22984,-0.01,-0.02,-0.32,-0.27,0.152,-25.915,0.005
poa-network,17 Nov 2017,17 Nov 2017,0,202,1,saas,19,12500000,12500000,1,0.07,10781,1,306,N/A,8.064,79376200,-0.34,0.06,0.99,1.12,-0.353,-0.191,-0.001
thekey,15 Jan 2018,15 Jan 2018,0,143,3,other,15,22000000,22000000,1,0.0352,74065,2,29578,0.7,-0.186,9008350,0,-0.07,-1.09,-0.91,-0.282,-2.745,0
smartmesh,29 Nov 2017,28 Dec 2017,29,161,7,saas,9,15691200,16872258,0.93,0.02,21556,1,3740,N/A,0.56,1131310,0.39,0.15,2.32,2.4,0.047,1.383,0.013
storiqa,28 Nov 2017,29 Jan 2018,62,129,3,saas,11,25000000,25000000,1,0,34966,1,12677,0.2,0,271889,-0.09,0.11,1.8,1.96,-0.029,15.17,0.02
metal,9 Jun 2017,9 Jun 2017,0,363,1,blockchain,7,N/A,N/A,1,0.18,204,0,32736,N/A,8.278,2843520,0.35,0.3,4.71,4.81,-0.237,-0.043,0.01
particl,16 Mar 2017,12 Apr 2017,27,421,12,other,N/A,750000,N/A,N/A,1,N/A,1,N/A,N/A,5.95,983921,-0.06,0.08,1.26,1.41,-0.211,-1.723,0.007
sonm,15 Jun 2017,19 Jun 2017,4,353,2,saas,13,42000000,N/A,N/A,0.59,7979,9,273,N/A,-0.116,86186,-0.56,-0.1,-1.66,-1.55,-0.081,-2.979,0.005
docademic,29 Jan 2018,15 Apr 2018,76,53,10,insurance services,13,1100000,N/A,N/A,N/A,7097,1,14320,0.26,0,716822,0.42,3.36,6.72,6.76,2.949,5.574,0.135
ignis,5 Aug 2017,14 Oct 2017,70,236,5,other,3,15000000,21739130,0.69,1.05,N/A,2,27068,0.52,1.2,18762,0.26,0.07,1.16,1.19,-1.217,-3.298,0.007
sophiatx,7 Dec 2017,17 Dec 2017,10,172,6,saas,21,23470356,80932262,0.29,0.46,5476,2,15676,0.72,-0.01,2148170,0.35,0.08,1.19,1.3,-0.123,-1.064,0.004
pillar,15 Jul 2017,17 Jul 2017,2,325,4,saas,30,20000000,N/A,N/A,0.1,757,1,12610,N/A,-0.256,101274,0.24,0.07,1.03,1.03,-0.152,-5,0.012
boscoin,09 May 2017,10 May 2017,1,393,12,blockchain,17,17920000,N/A,N/A,0.044,N/A,5,N/A,N/A,18.93,27934,0.19,0.19,3.05,3.05,-0.052,-6,0.002
genesis-vision,15 Oct 2017,15 Nov 2017,31,204,2,fintech,10,2836732,23639433,0.12,1,8082,8,19138,0.5,1.68,683667,0.39,0.27,4.32,4.32,-0.042,-6.5,0.019
credits,15 Feb 2018,28 Feb 2018,13,99,7,saas,9,22570394,22570394,1,0.17,27428,6,18914,0.88,1.4,3014620,0.28,0.17,2.64,2.64,0.029,-4,0.011
blockv,19 Oct 2017,25 Oct 2017,6,225,1,saas,18,21599100,39998333,0.54,0.42,3731,1,6433,0.6,-0.948,492028,0.34,0.23,3.6,3.6,-0.021,-7,0.01
crypterium,31 Oct 2017,14 Jan 2018,75,144,5,fintech,15,51656963,51656963,1,1.5,33935,10,16339,0.82,0.54,183715,-0.38,-0.05,-0.75,-0.75,-0.298,-11,-0.003
ambrosus,22 Sep 2017,22 Oct 2017,30,228,6,insurance services,20,32507330,97800000,0.33,0.29,4226,5,17117,0.82,-0.45,35697,0.1,0.12,1.92,1.88,0.213,0.883,0.011
origintrail,15 Jan 2018,17 Jan 2018,2,141,5,saas,11,21513600,21513600,1,0.1,10070,5,550,0.42,1.364,3901170,0.19,0.06,0.93,0.93,-0.189,-3.5,0.009
jibrel-network,27 Nov 2017,1 Jan 2018,35,157,6,blockchain,9,30000000,30000000,1,0.25,2166,5,6419,0.68,0.689,10089800,0.06,-0.1,-1.64,-1.64,-0.509,-4.5,0.002
crypto20,16 Oct 2017,30 Nov 2017,45,189,1,fintech,6,37698373,75000000,0.5,1.1,N/A,1,9642,0.6,2.373,5672340,-0.21,-0.19,-3.06,-3.15,-0.105,-0.862,-0.005
apex,01 Jan 2018,28 Jan 2018,27,130,12,blockchain,N/A,25000000,25000000,1,0.16,15799,1,N/A,0.4,0.055,9262900,0.4,3.21,6.42,6.42,-0.423,-7.5,-0.002
tokenpay,7 Dec 2017,17 Jan 2018,41,141,7,blockchain,10,40948500,40948500,1,6,17607,1,N/A,N/A,-0.66,1515520,0.43,0.16,2.5,2.5,-0.375,-8.5,0.027
cube,16 Feb 2018,15 Mar 2018,27,84,4,saas,12,N/A,N/A,N/A,N/A,1625,0,5960,0.26,0,6757530,-0.13,0,0.04,0.04,-0.137,-3.5,-0.005
eximchain,01 Feb 2018,13 Feb 2018,12,114,12,blockchain,16,20000000,20000000,1,0.33,10928,N/A,N/A,0.34,1.01,185434,1.21,2.1,4.19,4.19,-0.194,-5,0.023
bread,16 Dec 2017,24 Dec 2017,8,165,6,blockchain,6,20021300,20021300,1,0.78,46071,2,53848,0.6,1.423,56455400,0.23,-0.03,-0.47,-0.47,-0.066,-5.5,-0.002
ethlend,25 Nov 2017,30 Nov 2017,5,189,5,blockchain,25,17860000,17860000,1,0.02,18980,4,46030,0.5,-0.069,728686,0.43,0.26,4.09,4.09,-0.299,-7.5,0.015
telcoin,11 Dec 2017,30 Dec 2017,19,159,8,blockchain,19,25000000,25000000,1,0.001,20965,2,25124,0.4,5.031,842193,0.04,-0.05,-0.81,-0.81,-0.291,-8,-0.002
red-pulse,8 Oct 2017,8 Oct 2017,0,242,3,fintech,11,14508923,14508923,1,0.03,6382,2,32763,N/A,0.849,5395350,-0.05,0.23,3.57,3.57,-0.242,-8.5,0.011
adex,30 Jun 2017,30 Jun 2017,0,342,2,fintech,16,10000000,10000000,1,0.24,4555,2,56026,N/A,2.873,3127370,-0.39,-3.11,-6.22,-6.22,-0.008,-6,-0.014
eidoo,4 Oct 2017,16 Oct 2017,12,234,6,saas,5,27676992,51253689,0.54,2.3,5414,3,25522,N/A,0.035,39128,-0.02,0.15,2.37,2.37,-0.164,-7.5,0.004
paypie,15 Oct 2017,16 Oct 2017,1,234,1,saas,11,26000000,26000000,1,0.37,4228,1,7729,N/A,-0.02,256062,0.06,0.15,2.35,2.35,0.008,-25,0.013
edgeless,28 Feb 2017,21 Mar 2017,21,443,12,saas,0,2000000,N/A,N/A,0.04,1275,1,39757,N/A,-0.23,18692,0.26,0.18,2.87,2.87,0.03,-5,0.014
bitrent,1 Dec 2017,31 Mar 2018,120,68,4,saas,19,14627210,N/A,N/A,0.06,12859,1,6445,0.74,-0.336,156399,0.27,0.05,0.75,0.75,-0.119,-1,0.008
airswap,10 Oct 2017,10 Nov 2017,31,209,1,fintech,4,12600000,12600000,1,0.3,4375,3,N/A,N/A,0.345,3654270,-0.15,0.06,0.95,0.95,-0.067,-7,0.005
babb,6 Feb 2018,6 Mar 2018,28,93,4,fintech,13,20000000,20000000,1,0,14280,2,10376,0.66,0,286765,-0.01,0.23,3.64,3.64,-0.377,-3.5,0.023
medibloc,27 Nov 2017,15 Dec 2017,18,174,7,saas,17,21271251,29959508,0.71,0.02,5610,2,10817,0.6,-0.006,645796,0.53,0.13,1.99,1.99,-0.389,-5.5,0.007
zebi,05 Mar 2018,31 Mar 2018,26,68,7,fintech,17,8561100,8561100,1,0.0333,15147,2,16436,0.46,2.483,5412550,0.14,1.11,2.22,2.22,-0.499,-7.5,-0.005
tokenomy,15 Jan 2018,5 Feb 2018,21,122,12,blockchain,17,22869000,N/A,N/A,N/A,2306,1,46,0.64,0,2372070,-0.57,-0.12,-1.94,-1.94,-0.02,-10,-0.003
singulardtv,2 Oct 2016,2 Oct 2016,0,613,1,saas,0,7500000,N/A,N/A,0.02,326,1,36801,N/A,-0.067,165271,-0.14,-0.11,-1.72,-1.72,-0.098,-7,0.009
wagerr,1 Jun 2017,25 Jun 2017,24,347,10,saas,6,10000000,N/A,N/A,0.06,N/A,1,17053,N/A,0.141,120805,0.14,0.12,1.87,1.87,-0.232,-1,0.011
tokencard,2 May 2017,2 May 2017,0,401,4,fintech,8,12782000,12782000,1,0.54,3,1,18788,N/A,0.926,416619,0.06,0.01,0.19,0.19,-0.105,-9,0.008
wings,18 Nov 2016,6 Jan 2017,49,517,6,saas,14,1706156,2274875,0.75,0.03,N/A,1,632,N/A,-0.287,1601,0.34,0.21,3.4,3.4,-0.02,-6,0.014
district0x,18 Jul 2017,1 Aug 2017,14,310,1,saas,8,9000000,N/A,N/A,0.02,N/A,1,58809,N/A,-0.22,30593,0.46,0.16,2.56,2.56,-0.163,-8,0.015
minexcoin,15 May 2017,13 Jun 2017,29,359,12,fintech,N/A,N/A,N/A,N/A,N/A,3010,N/A,N/A,N/A,0,17365,0.51,0.32,5.01,5.01,0.074,-1,0.016
legolas-exchange,1 Feb 2018,15 Feb 2018,14,112,5,blockchain,9,18856000,N/A,N/A,N/A,N/A,2,11719,N/A,0,682912,-0.21,-0.02,-0.3,-0.3,-0.234,-3,0.003
wepower,1 Feb 2018,2 Feb 2018,1,125,7,saas,20,40000000,40000000,1,0.13,51434,4,35807,0.84,0.35,782690,0,-0.04,-0.7,-0.7,-0.042,-1,-0.005
odem,17 Feb 2018,18 Mar 2018,29,81,6,social services,12,4000000,N/A,N/A,N/A,N/A,1,3095,N/A,0,18548,0.47,3.75,7.5,7.5,0.485,-0.5,0.024
odyssey,21 Jan 2018,22 Jan 2018,1,136,7,blockchain,21,50000000,50000000,1,0.0119,47909,1,859,0.54,1.093,12284200,0.09,0.01,0.2,0.2,-0.169,-17,0.007
wabi,28 Nov 2017,1 Dec 2017,3,188,2,ecommerce,10,11500000,11500000,1,0.25,8384,2,34849,0.42,4.56,26744800,0.21,0.1,1.56,1.56,-0.183,-8,0.004
utrust,2 Nov 2017,20 Nov 2017,18,199,6,saas,26,21000000,21000000,1,0.07,13068,9,28206,0.92,1.993,3956620,0.34,0.08,1.25,1.25,-0.547,-5.5,0.001
ins-ecosystem,04 Dec 2017,25 Dec 2017,21,164,2,other,11,41500000,41500000,1,2.54,17571,N/A,N/A,0.86,1.685,373749,-0.06,-0.1,-1.55,-1.55,-0.264,-4.5,-0.006
havven,28 Feb 2018,7 Mar 2018,7,92,9,blockchain,27,30000000,30000000,1,0.5,64841,8,10846,0.26,-0.039,1203240,-0.09,0.12,1.92,1.92,-0.123,-9,0.007
appcoins,13 Dec 2017,20 Dec 2017,7,169,7,saas,18,15300000,15300000,1,0.1,11798,3,27230,0.58,34.3,124119000,-0.07,-0.12,-1.97,-1.97,-0.11,-1.5,-0.008
loyalcoin,11 Dec 2017,10 Feb 2018,61,117,12,saas,10,40226964,40226964,1,0.01,N/A,N/A,6476,0.5,-0.359,60119,1.53,2.65,5.29,5.29,-0.6,nan,0.002
datawallet,5 Feb 2018,7 Mar 2018,30,92,1,other,13,39436870,39835222,0.99,0.18,6236,1,5677,0.42,-0.226,122971,-0.14,-0.14,-2.24,-2.24,0.308,nan,0.003
datx,11 Feb 2018,11 Mar 2018,28,88,7,other,9,44150000,44150000,1,0.0353,26040,1,47325,0.46,-0.22,612568,-0.28,0.09,1.45,1.45,0.29,nan,0.005
naga,1 Dec 2017,15 Dec 2017,14,174,12,fintech,28,45318896,45318896,1,1,13411,10,26,N/A,0.55,3010670,0.22,0.03,0.47,0.47,-0.051,nan,-0.001
tierion,27 Jul 2017,28 Jul 2017,1,314,1,saas,11,25000000,25000000,1,0.07,4313,1,N/A,0.94,2.332,1142210,-0.11,-0.15,-2.38,-2.38,-0.242,nan,0.004
zeepin,17 Jan 2018,17 Jan 2018,0,141,12,blockchain,N/A,62580000,62580000,1,0.13,20460,1,N/A,0.86,0.51,14383200,-0.01,-0.1,-1.55,-1.55,-0.234,nan,-0.003
universa,27 Oct 2017,27 Nov 2017,31,192,2,saas,25,28559233,98480114,0.29,0.01,14259,8,1128,0.62,4.161,763454,-0.49,-0.13,-1.99,-1.99,-0.289,nan,-0.008
decentbet,21 Sep 2017,19 Oct 2017,28,231,12,other,N/A,N/A,N/A,N/A,0.1,N/A,1,N/A,0.42,0.815,26234,-0.02,0.15,2.36,2.39,-0.388,-3.84,0.012
modum,1 Sep 2017,22 Oct 2017,51,228,6,saas,17,13350000,16481481,0.81,1,2333,1,14333,0.4,-0.373,119265,0.35,0.25,3.9,3.9,-0.159,nan,0.013
presearch,25 Jul 2017,31 Oct 2017,98,219,1,saas,10,16000000,N/A,N/A,0.25,9668,2,1190,N/A,-0.151,98499,0.26,0.13,2.08,2.08,0.149,nan,0.013
mobilego,25 Apr 2017,25 May 2017,30,378,1,saas,6,53000000,N/A,N/A,0.76,2558,2,316,N/A,2.539,187166,-0.05,-0.01,-0.2,-0.2,-0.144,nan,0.001
decent,11 Sep 2016,6 Nov 2016,56,578,6,telecommunications,31,24137000,24137000,1,0.024,N/A,7,29935,N/A,3.583,121,0.2,0.17,2.72,2.72,0.153,nan,0.025
qlink,27 Dec 2017,27 Jan 2018,31,131,7,transportation,14,19270800,19270800,1,0.1,19911,1,345,0.64,1.901,9911000,0.18,0.03,0.42,0.42,-0.409,nan,-0.001
lunyr,29 Mar 2017,28 Apr 2017,30,405,1,saas,3,3400000,N/A,N/A,1.61,N/A,1,33554,N/A,0.59,309766,0.07,0.08,1.22,1.22,-0.21,nan,0.015
banca,26 Feb 2018,26 Feb 2018,0,101,7,other,17,20000000,20000000,1,0.002,9066,1,7120,0.42,-0.655,856596,0.06,0.27,4.21,4.21,-0.706,nan,0.027
taas,27 Mar 2017,28 Apr 2017,32,405,7,fintech,4,7500000,10135135,0.74,1,N/A,4,140,N/A,-0.18,1571,0.08,0.22,3.54,3.54,0.053,nan,0.006
yoyow,21 May 2017,24 May 2017,3,379,3,saas,N/A,4364760,14549200,0.3,0.02,3294,1,N/A,N/A,5.154,8194,-0.04,-0.01,-0.09,-0.09,-0.003,nan,0.01
cashaa,6 Nov 2017,6 Dec 2017,30,183,4,fintech,11,11110000,31742857,0.35,0.1,7574,1,389,0.58,0.182,34753,-0.23,-0.13,-2.14,-2.14,0.196,nan,0.003
etherparty,1 Oct 2017,29 Oct 2017,28,221,1,blockchain,26,33732274,64869758,0.52,0.1,6095,6,2,0.68,-0.565,180346,0.13,0.24,3.75,3.75,0.021,nan,0.01
melon,15 Feb 2017,16 Feb 2017,1,476,6,other,2,N/A,N/A,N/A,N/A,42,1,N/A,N/A,0,57957,0.21,0.07,1.13,1.13,-0.099,nan,0.006
maecenas,7 Sep 2017,8 Oct 2017,31,242,4,saas,8,15375432,18982015,0.81,0.64,1014,2,2333,0.38,-0.279,11868,0.09,0.17,2.68,2.68,-0.234,nan,0.025
hive-project,3 Jul 2017,14 Aug 2017,42,297,5,fintech,18,8949421,N/A,N/A,0.02,N/A,N/A,3042,0.82,0.045,216,0.17,0.12,1.84,1.84,-0.046,nan,0.017
cobinhood,13 Sep 2017,22 Oct 2017,39,228,12,blockchain,5,13078406,25150781,0.52,0.07,12292,7,45718,0.2,-0.262,41446,0.22,0.25,3.91,3.91,0.164,nan,0.011
coss,8 Aug 2017,6 Sep 2017,29,274,7,saas,24,3200000,N/A,N/A,0.56,N/A,2,196,0.48,-0.919,116130,0.39,0.12,1.9,1.9,0.09,nan,0.016
datum,29 Oct 2017,29 Nov 2017,31,190,6,saas,19,7581120,29158154,0.26,0.02,7917,4,36508,0.34,0.397,160521,0.6,0.18,2.92,2.92,-0.121,nan,0.006
viberate,5 Sep 2017,5 Sep 2017,0,275,5,entertainment,34,12000000,12000000,1,0.1,5637,7,33081,0.56,1.75,1490480,-0.19,-0.08,-1.24,-1.24,-0.157,nan,0.004
propy,15 Aug 2017,15 Sep 2017,31,265,1,real estate,11,15077000,100513333,0.15,1,N/A,3,N/A,0.98,-0.255,26854,-0.1,-0.03,-0.52,-0.52,-0.048,nan,0.011
refereum,12 Feb 2018,12 Mar 2018,28,87,1,saas,14,32252400,32252400,1,0.01,99916,3,54238,0.32,1.043,1161020,-0.26,-0.04,-0.56,-0.56,0.03,nan,-0.004
firstblood,25 Sep 2016,26 Sep 2016,1,619,1,blockchain,13,5500000,N/A,N/A,0.08,14,1,31436,N/A,0.991,1255030,-0.2,-0.23,-3.61,-3.61,0.125,nan,0.008
bankex,28 Nov 2017,28 Dec 2017,30,161,1,fintech,9,70600000,103823529,0.68,1.47,6247,4,7661,0.82,0.932,371912,-0.43,-0.22,-3.5,-3.5,-0.13,nan,-0.012
humaniq,6 Apr 2017,27 Apr 2017,21,406,4,saas,19,5163000,N/A,N/A,0.06,N/A,10,30576,N/A,0.178,420384,0.19,0.13,2,2,0.04,nan,0.009
medicalchain,1 Feb 2018,1 Feb 2018,0,126,4,insurance services,10,23991953,24000000,1,0.2,26951,3,15887,0.64,0.588,122744,-0.12,-0.25,-4.03,-3.96,-0.071,0.382,-0.006
alphacat,12 Jan 2018,12 Jan 2018,0,146,12,fintech,7,N/A,N/A,N/A,N/A,8923,0,N/A,N/A,0,474748,-0.19,-0.07,-1.14,-1.14,-0.111,nan,-0.001
mothership,7 Jul 2017,21 Jul 2017,14,321,5,saas,10,5406897,7724139,0.7,0.04,N/A,1,483,0.6,0.006,88727,0.49,0.24,3.74,3.74,-0.055,nan,0.009
stox,2 Aug 2017,4 Aug 2017,2,307,7,fintech,20,33000000,33000000,1,1.1,9359,6,13808,0.48,0.1,1294120,0.4,0.04,0.7,0.7,-0.089,nan,0.002
cofound.it,31 May 2017,07 Jun 2017,7,372,5,fintech,9,14820030,12500000,1,0.12,1092,1,N/A,N/A,1.682,3663160,-0.2,0.04,0.66,0.67,0.004,-1.513,0.001
bloom,30 Nov 2017,1 Jan 2018,32,157,1,saas,11,41420705,80500000,0.51,0.7,13548,3,443,N/A,1.714,101651,-0.32,-0.15,-2.35,-2.31,-0.123,-0.748,-0.005
peerplays,26 Feb 2017,14 May 2017,77,389,1,entertainment,7,5000000,N/A,N/A,4.6,1439,1,5473,N/A,1.446,10275,0.25,0.07,1.13,1.13,0.042,nan,0.01
polybius,31 May 2017,30 Jun 2017,30,342,5,fintech,11,62956169,99930427,0.63,10,3558,5,9,N/A,-0.192,506294,-0.02,0.07,1.03,1.03,-0.363,nan,0.006
synereo,18 Sep 2016,18 Oct 2016,30,597,12,saas,0,4700000,4700000,1,0.19,N/A,1,26677,N/A,-0.988,241,0.23,0.24,3.83,3.83,-0.096,nan,0.013
stk,31 Jan 2018,14 Feb 2018,14,113,1,blockchain,16,17000000,N/A,N/A,0.2,7223,3,10047,N/A,0.262,12919500,-0.23,-0.23,-3.68,-3.68,-0.295,nan,-0.007
envion,15 Dec 2017,14 Jan 2018,30,144,6,blockchain,12,100000000,149253731,0.67,1,22198,5,21224,0.66,-0.036,168394,-0.22,-0.13,-2,-2,-0.282,nan,-0.014
adtoken,26 Jun 2017,26 Jun 2017,0,346,12,saas,N/A,10000000,N/A,N/A,0.02,N/A,1,6584,N/A,2.26,334,-0.07,0.05,0.87,0.87,-0.24,nan,0.007
suncontract,28 Jun 2017,1 Aug 2017,34,310,5,energy,31,2000000,N/A,N/A,0.02,2,1,15197,0.76,1.128,35660,0.05,0.14,2.3,2.3,0.087,nan,0.015
everex,24 Jul 2017,31 Aug 2017,38,280,7,fintech,9,25840000,26101010,0.99,2.13,4669,2,14055,N/A,-0.103,1389230,0.12,0.04,0.62,0.62,0.107,nan,0.005
dmarket,14 Nov 2017,01 Dec 2017,17,188,2,entertainment,4,19026768,52852133,0.36,0.63,3448,3,7235,0.68,0.542,18992,-0.03,0.06,1.02,1.02,0.108,nan,0.008
chronobank,15 Dec 2016,15 Feb 2017,62,477,2,saas,1,5400000,N/A,N/A,10,N/A,7,19807,N/A,-0.06,42133,-0.26,0.03,0.44,0.44,-0.154,nan,0.007
lala-world,5 Jan 2018,5 Feb 2018,31,122,7,saas,5,20191350,20191350,1,0.13,823,N/A,10054,0.34,-0.253,28433,-0.44,0,0.04,0.04,0.149,nan,0.01
lamden,1 Dec 2017,3 Jan 2018,33,155,6,fintech,15,10000000,10000000,1,0.03,9142,1,N/A,0.36,21.283,937600,0.03,-0.05,-0.83,-0.83,-0.336,nan,-0.003
matchpool,2 Apr 2017,4 Apr 2017,2,429,12,saas,7,5800000,N/A,N/A,0.1,2214,1,N/A,N/A,1.41,610,0.18,0.12,1.84,1.84,0.057,-0.365,0.024
sentinel-chain,1 Mar 2018,10 Mar 2018,9,89,7,fintech,23,14400000,14400000,1,0.08,9272,1,4027,0.36,-0.184,1945280,0.52,0.11,1.74,1.74,-0.11,nan,0.008
monetha,31 Aug 2017,31 Aug 2017,0,280,5,fintech,11,35910000,35910000,1,0.19,4751,1,18969,0.68,0.502,2743890,-0.15,-0.11,-1.76,-1.76,-0.166,nan,0.003
dimcoin,1 Jul 2017,27 Aug 2017,57,284,11,fintech,20,14005746,14005746,1,0.01,3085,8,N/A,0.68,23.562,1409400,-0.49,-0.22,-3.44,-3.44,0.112,nan,-0.006
aeron,19 Sep 2017,30 Oct 2017,41,220,10,transportation,11,4897723,30610769,0.16,0.5,19619,1,29773,0.5,-0.189,8757,0.13,0.16,2.58,2.58,0.116,nan,0.028
blackmoon,12 Sep 2017,12 Oct 2017,30,238,12,blockchain,14,30000000,30000000,1,1.1,3484,1,6419,0.46,-0.235,592273,0.01,-0.11,-1.71,-1.71,-0.097,nan,0.004
cappasity,22 Feb 2018,22 Mar 2018,28,77,1,saas,18,2301451,19178758,0.12,0.01,58426,7,37610,0.62,2.315,887638,0.12,0.17,2.68,2.68,0.47,nan,0.014
airtoken,19 Sep 2017,19 Oct 2017,30,231,1,telecommunications,14,15000000,15000000,1,0.02,896,1,6451,0.72,-0.313,303295,-0.25,0.02,0.38,0.38,0.012,nan,0.005
incent,1 Sep 2016,1 Sep 2016,0,644,9,blockchain,7,1000000,N/A,N/A,0.1,N/A,1,13231,N/A,-0.918,43,0.22,0.14,2.19,2.19,-0.029,nan,0.031
morpheus-network,22 Mar 2018,22 Apr 2018,31,46,12,other,12,9883347,17969722,0.55,0.45,12073,0,5790,0.64,-0.104,193829,0.79,1.36,2.72,2.72,-0.196,nan,0.024
dadi,29 Jan 2018,29 Jan 2018,0,129,4,fintech,15,29000000,29000000,1,0.5,22089,1,31672,0.38,-0.112,2381560,-0.21,-0.05,-0.8,-0.8,0.009,nan,-0.005
uptoken,16 Oct 2017,15 Dec 2017,60,174,1,fintech,9,18934021,35063002,0.54,0.1,23,1,3037,N/A,2.021,21597500,-0.43,-0.08,-1.21,-1.21,0.803,nan,-0.01
blocktix,7 Jul 2017,25 Jul 2017,18,317,5,entertainment,7,6981328,7506804,0.93,0.24,N/A,1,5976,N/A,-0.174,11878,0.29,0.07,1.17,1.17,0.052,nan,0.018
selfkey,14 Jan 2018,14 Jan 2018,0,144,7,fintech,48,21776392,21776392,1,0.02,11273,1,0,0.74,2.327,31248100,-0.52,-0.26,-4.06,-4.06,-0.257,nan,-0.013
agrello,16 Jul 2017,17 Aug 2017,32,294,5,saas,13,30100000,43200000,0.7,0.56,4820,1,14946,0.8,-0.284,82770,-0.06,0,-0.03,-0.02,-0.058,-3.347,0.005
karma,29 Nov 2017,15 Dec 2017,16,174,2,fintech,15,10000000,10000000,1,0.01,1219,1,4210,0.44,5.911,150439,-0.01,-0.17,-2.67,-2.67,-0.367,nan,-0.007
daostack,8 May 2018,7 Jun 2018,30,0,7,transportation,9,30000000,30000000,1,1,24069,9,5766,0.68,0.31,1927100,-0.36,-2.88,-5.75,-5.75,0.306,nan,-0.035
carvertical,26 Dec 2017,4 Apr 2018,99,64,5,saas,20,19911150,19911150,1,0.0055,13340,3,N/A,N/A,1.65,451064,-0.05,-0.07,-1.18,-1.18,-0.727,nan,-0.008
covesting,24 Nov 2017,15 Jan 2018,52,143,7,saas,12,18750000,18750000,1,2.56,8919,9,10122,0.82,0.207,328108,-0.21,-0.12,-1.95,-1.95,-0.248,nan,-0.005
quantum,15 Apr 2017,15 May 2017,30,388,5,blockchain,5,4122700,N/A,N/A,0.05,N/A,1,9188,N/A,5.732,136233,0.19,0.06,0.93,0.93,-0.075,nan,0.005
swissborg,7 Dec 2017,10 Jan 2018,34,148,6,blockchain,13,50000000,50000000,1,0.1,4757,10,11176,0.3,0.028,115322,-0.35,-0.18,-2.92,-2.92,-0.233,nan,-0.007
coinpoker,19 Jan 2018,26 Jan 2018,7,132,7,entertainment,15,52712179,N/A,N/A,0.05,4916,8,5241,0.86,0.95,350963,-0.38,-0.01,-0.18,-0.18,-0.521,nan,-0.004
blockport,27 Jan 2018,31 Jan 2018,4,131,12,fintech,N/A,15000000,15000000,1,0.35,28406,1,N/A,0.42,0.25,1024180,0,0.07,1.04,1.04,-0.188,nan,0.002
loki,,26 Mar 2018,25,73,12,telecommunications,14,N/A,N/A,N/A,0.68,17165,0,3070,0.46,0.259,230900,0,0,0,0,1.051,nan,0.004
sureremit,10 Jan 2018,10 Feb 2018,31,117,1,saas,11,10000000,10000000,1,1,2071,1,4429,0.34,-0.963,35294,-0.22,0.02,0.31,0.31,-0.546,nan,0.004
te-food,22 Feb 2018,22 Mar 2018,28,77,6,fintech,19,19100000,19100000,1,0.05,10265,1,10033,0.5,-0.448,302268,-0.04,0.09,1.4,1.4,-0.202,nan,0.002
remme,13 Feb 2018,22 Feb 2018,9,105,7,saas,20,20000000,20000000,1,0.04,16348,2,5884,0.74,-0.209,587552,-0.34,0,-0.05,-0.05,0.046,nan,0.001
latoken,22 Aug 2017,10 Oct 2017,49,240,7,fintech,35,18880673,40171645,0.47,0.3,5539,1,8053,0.44,-0.058,163778,-0.05,0.11,1.73,1.73,-0.048,nan,0.005
divi,25 Oct 2017,21 Nov 2017,27,198,12,other,15,2592064,2592064,1,0.62,2248,1,N/A,0.66,0.365,56068,0.17,0.24,3.82,3.82,-0.202,nan,0.013
unibright,20 Apr 2018,20 May 2018,30,18,5,fintech,13,13542375,13542375,1,0.14,10235,0,5271,0.24,0.384,2400200,-1.35,-2.34,-4.68,-4.68,-0.883,nan,-0.043
indahash,29 Nov 2017,20 Dec 2017,21,169,5,saas,15,42715825,66743477,0.64,0.24,11638,9,9855,0.84,1.561,3113160,-0.2,-0.11,-1.73,-1.73,-0.326,nan,-0.011
betterbetting,15 Dec 2017,31 Jan 2018,47,127,5,other,16,5500000,30555556,0.18,0.1,2970,1,2565,N/A,-0.1,196193,-0.04,-0.3,-0.59,-0.59,-0.941,nan,0.004
graft,18 Jan 2018,18 Feb 2018,31,109,1,blockchain,15,3000000,25000000,0.12,0.28,5463,5,2595,N/A,-0.846,40067,-0.3,0,-0.06,-0.06,0.236,nan,0.008
smartlands,2 Nov 2017,20 Nov 2017,18,199,12,fintech,11,1753698,25052829,0.07,1,1695,1,1968,0.68,-0.803,102013,0.24,0.16,2.52,2.52,0.211,nan,0.046
sharder,22 Feb 2018,22 Mar 2018,28,77,12,saas,N/A,5398600,5398600,1,0.0446,10560,1,N/A,0.26,1.284,3209300,-0.17,-1.36,-2.71,-2.71,-0.615,nan,-0.018
aphelion,15 Nov 2017,7 Dec 2017,22,182,12,fintech,12,4780661,6733325,0.71,0.2,14016,1,14365,N/A,0.456,63598,0.25,1.96,3.93,3.93,-0.385,nan,0.015
hacken,31 Oct 2017,30 Nov 2017,30,189,2,blockchain,8,70000002,N/A,N/A,1,1936,3,9264,0.74,5.77,320959,0.16,0.07,1.05,1.05,0.094,nan,0.007
friendz,1 Mar 2018,20 Mar 2018,19,79,6,fintech,18,13754758,50300000,0.27,0.067,69664,6,55797,0.6,-0.704,250482,0.16,0.06,1.03,1.04,-0.43,-2.301,0.008
paragon,15 Sep 2017,15 Oct 2017,30,235,1,other,12,6000000,100000000,0.06,1,3803,6,N/A,N/A,-0.35,284896,-0.16,0.01,0.14,0.14,-0.163,nan,0
rivetz,10 Aug 2017,10 Sep 2017,31,270,1,saas,16,18653920,20057978,0.93,0.89,1587,1,9726,0.5,-0.446,31436,0,-0.04,-0.59,-0.59,-0.004,nan,0.007
etheroll,13 Feb 2017,27 Feb 2017,14,465,12,other,N/A,36349723,N/A,N/A,0.07,N/A,0,2151,N/A,15.857,33962,0.21,0.13,2.02,2.02,-4.492,nan,2.548
zap,21 Oct 2017,20 Nov 2017,30,199,7,blockchain,23,2827944,31421600,0.09,0.19,130,1,N/A,N/A,4.059,899137,-0.1,-0.06,-1.01,-1.01,-0.274,nan,-0.007
locktrip,29 Oct 2017,30 Nov 2017,32,189,5,other,20,4000000,N/A,N/A,N/A,N/A,1,N/A,N/A,0,169077,0.44,0.14,2.19,2.2,0.064,-2.064,0.01
bitclave,29 Nov 2017,29 Nov 2017,0,190,1,saas,19,25547000,25547000,1,0.1,10619,6,22655,0.66,0.505,957302,0.12,-0.01,-0.23,-0.23,-0.003,nan,-0.003
polyswarm,20 Feb 2018,22 Mar 2018,30,77,1,saas,7,25940000,49884615,0.52,0.0165,7656,7,16,0.72,-0.643,25413,0.41,3.28,6.56,6.56,-0.028,nan,0.009
axpire,8 Jan 2018,12 Jan 2018,4,146,1,other,15,20000000,20000000,1,0.1,8084,1,6428,0.44,0.324,292608,-0.23,-0.15,-2.36,-2.36,-0.598,nan,-0.008
nebula-ai,31 Mar 2018,20 Apr 2018,20,48,1,other,20,5874054,17800164,0.33,0.0059,5475,1,1404,N/A,1.039,155134,-0.01,-0.07,-0.15,-0.15,-0.385,nan,-0.006
domraider,12 Sep 2017,9 Oct 2017,27,241,5,saas,33,67200000,67200000,1,0.12,356,2,152,0.62,-0.461,13888,0.02,0.09,1.36,1.36,-0.034,nan,0.006
matryx,13 Sep 2017,12 Oct 2017,29,238,1,saas,15,1984347,9019759,0.22,0.29,1533,1,109,0.22,1.498,1031,0.21,0.11,1.8,1.8,-0.223,nan,0.018
bitdegree,1 Dec 2017,29 Dec 2017,28,160,5,social services,22,22127834,22127834,1,0.08,16926,1,20212,0.72,5.711,693702,-0.2,0.05,0.79,0.79,-1.014,nan,0.01
rentberry,5 Dec 2017,28 Feb 2018,85,99,7,real estate,25,27500000,29891304,0.92,0.35,14692,9,19994,N/A,-0.806,294933,0.23,1.86,3.71,3.71,-0.408,nan,0.005
flixxo,24 Oct 2017,24 Nov 2017,31,195,10,saas,5,4731021,12130823,0.39,0.12,3719,2,6216,0.6,-0.038,106293,-0.04,0.17,2.66,2.66,0.063,nan,0.011
naviaddress,1 Mar 2018,31 Mar 2018,30,68,7,saas,6,16900000,20119048,0.84,0.05,99988,N/A,199,0.38,-0.518,194240,-0.51,-0.89,-1.77,-1.77,2.738,nan,-0.021
investfeed,23 Jul 2017,7 Aug 2017,15,304,1,saas,11,3400000,N/A,N/A,0,N/A,1,N/A,N/A,0,78892,0.1,0.1,1.55,1.55,-0.334,nan,0.011
patientory,31 May 2017,3 Jun 2017,3,369,1,saas,6,7200000,10285714,0.7,0.1,N/A,1,N/A,N/A,6.165,3256,0.08,0.09,1.41,1.41,-0.049,nan,0.007
playkey,1 Nov 2017,1 Dec 2017,30,188,2,entertainment,16,10512361,105123610,0.1,1.76,10010,3,9880,0.76,-0.682,9317,0.43,0.13,2.14,2.14,-0.214,nan,0.01
atn,27 Apr 2018,20 May 2018,23,18,12,saas,15,N/A,N/A,N/A,N/A,15490,N/A,4727,N/A,0,603047,0.18,-0.01,-0.09,-0.09,-0.052,nan,-0.004
golos,30 Oct 2016,02 Dec 2016,33,552,12,telecommunications,N/A,N/A,N/A,N/A,0.1,N/A,1,N/A,N/A,10.7,701,-0.08,-0.01,-0.14,-0.14,-0.106,nan,0.007
faceter,15 Feb 2018,30 Mar 2018,43,69,11,other,9,28610352,40871931,0.7,0.0349,2083,N/A,51,N/A,-0.43,135291,-0.37,-0.64,-1.28,-1.28,-1.579,nan,0
icos,15 Aug 2017,15 Sep 2017,31,265,2,blockchain,23,14600000,N/A,N/A,44.38,1821,3,5011,0.7,0.034,15683,0.1,0.05,0.76,0.76,-0.177,nan,0.002
nper,19 Jan 2018,31 Jan 2018,12,127,8,saas,15,N/A,N/A,N/A,0.2,N/A,1,6340,N/A,0.679,4371660,-0.23,-1.85,-3.7,-3.7,-0.475,nan,-0.022
hubii-network,17 Aug 2017,31 Aug 2017,14,280,7,telecommunications,15,7130256,50930400,0.14,0.39,1261,2,4607,N/A,-0.493,23209,0.18,0.13,2.06,2.06,0.185,nan,0.031
cargox,23 Jan 2018,4 Mar 2018,40,95,5,fintech,10,6766164,6975427,0.97,N/A,5716,1,4993,0.5,0,1317180,-0.06,-0.17,-2.62,-2.62,-0.283,nan,-0.006
encrypgen,1 Jun 2017,18 Jul 2017,47,324,1,saas,7,10000005,N/A,N/A,0.03,N/A,1,4664,N/A,0.928,22870,0.44,0.24,3.78,3.78,-0.128,nan,0.024
connectjob,12 Feb 2018,30 Apr 2018,77,38,7,saas,24,10437623,11997268,0.87,N/A,7817,5,6355,0.62,0,173329,-0.35,-2.76,-5.52,-5.52,0.116,nan,-0.01
spectiv,8 Dec 2017,31 Dec 2017,23,158,1,entertainment,8,7605767,10600000,0.72,0.5,N/A,2,3330,0.56,-0.966,118105,0.05,0.08,1.3,1.16,-0.12,0.271,0.011
coinfi,8 Feb 2018,18 Feb 2018,10,109,3,saas,15,15000000,15000000,1,0.15,19379,1,4941,N/A,1.384,21603900,-0.18,-0.16,-2.59,-2.59,-0.189,nan,-0.009
insurepal,16 Jan 2018,16 Jan 2018,0,142,5,saas,24,18000000,18000000,1,0.1,6468,7,6776,0.78,2.178,2442080,-0.2,-0.24,-3.87,-3.87,-0.234,nan,-0.013
snovio,30 Oct 2017,30 Nov 2017,31,189,2,fintech,13,2129106,10138600,0.21,0.01,19881,3,10459,0.44,-0.73,12041,0.48,0.23,3.71,3.71,0.032,nan,0.031
adbank,15 Dec 2017,14 Jan 2018,30,144,1,saas,5,13962900,13962900,1,0.05,6612,1,6131,0.64,-0.167,1033600,-0.14,-0.15,-2.44,-2.44,-0.303,nan,-0.004
commerceblock,28 Nov 2017,19 Dec 2017,21,170,4,fintech,7,8820470,25201343,0.35,0.06,1760,3,260,N/A,-0.338,85105,0.17,1.32,2.64,2.64,-0.842,nan,0.006
aidcoin,16 Jan 2018,1 Feb 2018,16,126,6,blockchain,36,18632900,18632900,1,0.52,4368,1,3122,N/A,0.545,1717320,-0.36,-0.23,-3.59,-3.59,-0.131,nan,-0.005
target-coin,15 Jul 2017,31 Aug 2017,47,280,12,blockchain,4,20711412,69038040,0.3,0.05,N/A,1,1625,0.4,-0.164,69996,0.03,0.09,1.46,1.46,-0.251,nan,0.021
bounty0x,1 Dec 2017,15 Dec 2017,14,174,12,saas,8,1602927,1602927,1,0.04,6775,1,14519,N/A,0.899,1059090,0.37,0.13,2.06,2.06,0.684,nan,0.014
bezop,20 Dec 2017,10 Jan 2018,21,148,12,other,4,N/A,N/A,N/A,N/A,6597,1,N/A,0.22,0,281984,0.09,0.03,0.54,0.54,-0.266,nan,0.016
wetrust,2 Mar 2017,14 Apr 2017,43,419,1,saas,9,4978366,N/A,N/A,0.06,N/A,1,10,N/A,0.305,165713,0.24,0.2,3.11,3.03,-0.029,-0.606,0.008
mysterium,30 May 2017,30 May 2017,0,373,1,saas,8,13325693,N/A,N/A,0.89,2678,1,11960,N/A,1.461,1632900,-0.13,0.03,0.43,0.43,-0.261,nan,0.002
jet8,28 Feb 2018,14 Mar 2018,14,85,7,telecommunications,51,32700000,35934066,0.91,0.0974,29228,1,2064,N/A,-0.683,871036,-0.47,-0.03,-0.4,-0.4,0.377,nan,-0.002
fidelium,26 Feb 2018,26 Mar 2018,28,73,1,fintech,18,10000000,47619048,0.21,-0.07,N/A,1,2462,0.36,-4.111,76937,-0.05,-0.37,-0.75,-0.75,-0.161,nan,-0.019
devery,18 Jan 2018,19 Jan 2018,1,139,12,ecommerce,6,10000000,10000000,1,0.19,5265,4,2828,0.24,0.741,862413,-0.27,-0.13,-2.03,-2.03,0.287,nan,0.002
worldcore,14 Oct 2017,15 Dec 2017,62,174,5,saas,14,25000000,100000000,0.25,0.1,3055,8,N/A,0.52,0.146,151573,0.41,0.14,2.23,2.23,0.072,nan,0.003
ink-protocol,01 Feb 2018,28 Feb 2018,27,99,1,other,14,15000000,15000000,1,0.13,10279,N/A,4917,0.42,-0.303,280064,-0.21,-0.04,-0.66,-0.66,-0.226,nan,-0.005
lendingblock,15 Apr 2018,22 Apr 2018,7,46,4,blockchain,6,10000000,10000000,1,0.02,7676,5,6160,0.4,0.548,458040,-0.24,-1.88,-3.76,-3.76,-0.435,nan,-0.025
eroscoin,11 Oct 2017,15 Nov 2017,35,204,12,other,7,N/A,N/A,N/A,0.05,N/A,1,N/A,0.42,1.938,8548340,0.08,-0.07,-1.15,-1.22,0.01,-1.757,-0.003
dovu,3 Oct 2017,17 Oct 2017,14,233,4,saas,6,6644682,28889922,0.23,0.11,129,2,N/A,0.54,-0.169,106502,0.09,0.14,2.24,2.24,0.297,nan,0.013
helbiz,15 Feb 2018,4 Mar 2018,17,95,7,fintech,13,38646754,N/A,N/A,N/A,2110,1,39996,0.44,0,756160,0.16,1.31,2.61,2.61,0.493,nan,0.023
adshares,7 Jul 2017,12 Jan 2018,189,146,12,fintech,2,11900000,N/A,N/A,5.26,1131,1,2244,0.3,-0.927,7590,0.19,0.09,1.48,1.48,-0.025,nan,0.017
ip-exchange,28 Feb 2018,05 Mar 2018,5,94,12,other,N/A,7904319,9299199,0.85,0.0122,6363,N/A,N/A,0.48,-0.483,539393,0.11,0.07,1.08,1.08,0.163,nan,0.008
alis,1 Sep 2017,1 Oct 2017,30,249,8,saas,5,3705000,37050000,0.1,0.15,N/A,1,1752,0.6,0.413,337890,0.2,0.18,2.92,2.92,-0.103,nan,0.008
sportyco,21 Nov 2017,8 Dec 2017,17,181,5,fintech,19,5087896,15899675,0.32,0.12,12314,1,8893,N/A,0.812,31692,0,0.07,1.16,1.16,0.086,nan,0.001
aventus,6 Sep 2017,6 Sep 2017,0,274,4,entertainment,7,18780000,18780000,1,3.66,261,1,N/A,0.6,0.202,950718,-0.32,-0.01,-0.18,-0.18,0.08,nan,0.001
biocoin,1 Nov 2017,18 Feb 2018,109,109,2,other,18,16000000,16000000,1,16,323,5,1257,0.38,-0.999,41016,-0.11,-0.18,-2.92,-2.92,0.098,nan,-0.002
bitcrystals,4 Aug 2015,3 Sep 2015,30,1008,6,blockchain,7,20510,146500,0.14,0.02,N/A,4,6114,N/A,-0.131,5586,-0.06,0.09,1.43,1.43,-0.067,nan,0.007
atbcoin,15 Jul 2017,13 Sep 2017,60,267,12,other,N/A,20400000,N/A,N/A,0.9,2182,3,N/A,0.66,0.289,558166,-0.08,-0.02,-0.26,-0.26,-0.08,nan,-0.001
b2bx,2 Oct 2017,17 Nov 2017,46,202,2,saas,22,8078602,29920748,0.27,0.74,1947,7,3948,N/A,1.378,144393,-0.29,0.02,0.3,0.3,-0.261,nan,0.016
clearpoll,2 Oct 2017,26 Oct 2017,24,224,9,saas,9,N/A,1300000,N/A,0.13,908,2,120213,N/A,2.341,94539,-0.13,0.19,3.04,3.04,-0.141,nan,0.014
leverj,7 Nov 2017,7 Dec 2017,30,182,12,saas,6,13049080,50188769,0.26,0.15,3615,1,5051,0.6,0.817,47085,-0.14,-0.14,-2.28,-2.28,-0.013,nan,-0.004
insights-network,28 Jan 2018,14 Feb 2018,17,113,7,blockchain,3,17376260,17376260,1,0.15,20768,0,N/A,0.3,-0.051,693393,-0.33,-0.04,-0.71,-0.71,-0.07,nan,-0.008
privatix,19 Oct 2017,16 Nov 2017,28,203,12,saas,16,2391939,14949619,0.16,3.3,1934,3,707,0.48,-0.055,99333,0.11,0.15,2.41,2.41,-0.132,nan,0.025
leadcoin,1 Mar 2018,11 Mar 2018,10,88,7,fintech,17,50000000,50000000,1,N/A,12349,2,1469,0.36,0,6963540,-0.02,0,0,0,-0.227,nan,-0.008
fundrequest,20 Nov 2017,01 Dec 2017,11,188,5,blockchain,11,12121040,14964247,0.81,0.48,11473,0,13049,0.54,-0.491,55032,-2,-3.46,-6.92,-6.92,1.007,nan,-0.022
linker-coin,25 Nov 2017,31 Dec 2017,36,158,6,blockchain,20,10133235,10133235,1,0.22,2255,N/A,N/A,N/A,-0.588,164191,0.02,0.18,0.36,0.36,-0.243,nan,-0.004
bigbom,28 May 2018,10 Jun 2018,13,-3,12,saas,13,6792000,6792000,1,0.0283,39478,N/A,N/A,0.72,-0.25,972645,1.17,2.03,4.06,4.06,-0.429,nan,0.063
publica,1 Nov 2017,16 Nov 2017,15,203,1,saas,21,1046210,1046210,1,0.1,1464,3,2292,N/A,1.547,1317120,-0.07,0.18,2.82,2.82,-0.048,nan,0.011
bitdice,15 Aug 2017,15 Sep 2017,31,265,10,other,1,8748793,24996551,0.35,0.1,735,3,3512,N/A,0.495,60084,0.1,0.18,2.83,2.83,-0.144,nan,0.005
aditus,30 Nov 2017,19 Dec 2017,19,170,7,saas,15,7100193,22188103,0.32,0.05,13420,1,N/A,0.44,-0.735,300285,0.4,3.16,6.32,6.32,0.179,nan,0.024
payfair,1 Nov 2017,30 Nov 2017,29,189,2,saas,8,18291,N/A,N/A,0,2764,5,2336,0.32,0,41498,0.16,0.22,3.56,3.56,0.678,nan,0.029
auctus,10 Apr 2018,20 Apr 2018,10,48,7,blockchain,12,3865575,3904621,0.99,0.28,8578,3,9760,0.72,1.642,1413630,0.16,1.29,2.59,2.59,0.171,nan,-0.006
invacio,12 Mar 2018,30 Apr 2018,49,38,4,fintech,15,1912074,31867900,0.06,1,881,0,4178,0.3,-0.857,336316,-0.4,-0.7,-1.4,-1.4,-0.556,nan,-0.024
peculium,21 Dec 2017,24 Jan 2018,34,134,5,fintech,52,9917634,9917634,1,0.01,N/A,3,16227,0.64,-0.583,69616,0,0.05,0.78,0.78,0.106,nan,0.008
tokia,4 Dec 2017,15 Mar 2018,101,84,4,fintech,7,30000000,N/A,N/A,1,8243,0,1640,0.5,-0.813,641864,0.26,0.45,0.9,0.9,-2.79,nan,-0.005
travelflex,13 Dec 2017,11 Jan 2018,29,147,12,other,N/A,N/A,N/A,N/A,0.28,102,3,N/A,0.5,-0.267,29538,-0.18,-0.03,-0.52,-0.52,-0.078,nan,0
dether,7 Feb 2018,9 Feb 2018,2,118,5,saas,8,13444650,13444650,1,0.2,6764,1,1291,0.5,-0.237,40103,-0.32,-0.11,-1.69,-1.69,0.583,nan,0.002
fidentiax,6 Nov 2017,5 Dec 2017,29,184,7,saas,8,1566283,2900524,0.54,0.93,2469,1,3915,0.22,-0.701,77268,0.26,0.07,1.06,1.06,-0.209,nan,0.003
tokes,2 Dec 2016,16 Jan 2017,45,507,1,blockchain,3,N/A,N/A,N/A,5.06,N/A,1,8537,N/A,-0.897,15471,0.25,0.19,2.96,2.96,-0.121,nan,0.011
opus,24 Jul 2017,24 Aug 2017,31,287,12,entertainment,11,5737250,19783621,0.29,0.04,1643,1,3659,0.86,0.299,37435,-0.08,0,-0.01,-0.01,-0.074,nan,0.032
sether,15 Jan 2018,15 Jan 2018,0,143,5,saas,14,28000000,N/A,N/A,N/A,6940,2,10873,0.32,0,46969,-0.1,-0.05,-0.81,-0.81,-0.271,nan,-0.008
fintrux-network,07 Feb 2018,28 Feb 2018,21,99,7,other,6,N/A,N/A,N/A,N/A,N/A,N/A,N/A,N/A,0,102017,-0.04,-0.35,-0.69,-0.69,0.2,nan,-0.025
zrcoin,11 May 2017,9 Jun 2017,29,363,2,blockchain,11,7000000,N/A,N/A,1.55,963,7,N/A,N/A,47.348,2303,0.08,0.03,0.5,0.5,-0.102,nan,0.007
viuly,1 Nov 2017,15 Nov 2017,14,204,5,entertainment,3,N/A,30000000,N/A,0.17,6607,1,6241,0.74,-0.967,14913,0.32,0.25,4.03,4.03,0.12,nan,0.029
adhive,28 Feb 2018,14 Mar 2018,14,85,5,entertainment,17,17491749,17491749,1,0.17,16008,1,5543,0.82,-0.675,772548,0.12,0.93,1.86,1.86,-1.422,nan,-0.003
atlant,7 Sep 2017,1 Nov 2017,55,218,2,real estate,12,6663530,66635300,0.1,0.57,5125,5,4048,0.56,-0.308,323580,-0.27,0.04,0.68,0.68,-0.229,nan,0.005
amlt,11 Dec 2017,29 Jan 2018,49,129,12,blockchain,18,19042042,19042042,1,0.39,4935,0,6582,0.38,-0.798,263017,-0.16,-0.01,-0.1,-0.1,0.038,nan,0
voise,6 May 2017,6 Jun 2017,31,366,5,saas,N/A,64651,N/A,N/A,N/A,9062,6,23893,N/A,0,3629,0.29,0.2,3.11,3.11,0.658,nan,0.092
hoqu,27 Nov 2017,26 Feb 2018,91,101,4,fintech,5,18782400,32951579,0.57,0.17,14752,3,6135,0.84,-0.564,29097,-0.15,-0.04,-0.63,-0.63,0.031,nan,-0.011
starta,4 Jul 2017,3 Aug 2017,30,308,2,fintech,13,50000009,N/A,N/A,1,N/A,7,N/A,N/A,-0.204,6482,0.17,0.05,0.73,0.73,-0.634,nan,0.026
internxt,7 Sep 2017,28 Sep 2017,21,252,5,saas,5,220800,22080000,0.01,1.01,14555,2,2,N/A,2.129,294867,0.16,0.18,2.87,2.87,-0.086,nan,0.021
autonio,22 Sep 2017,22 Oct 2017,30,228,12,fintech,9,N/A,10000000,N/A,0.1,4249,1,6808,N/A,-0.955,11004,0.36,0.27,4.26,4.26,-0.814,nan,0.043
gatcoin,17 Dec 2017,5 Jan 2018,19,153,3,saas,17,14500000,14500000,1,0.2,3972,1,4363,0.54,-0.604,681451,-0.3,-0.23,-3.69,-3.69,-0.044,nan,-0.012
herocoin,14 Sep 2017,14 Oct 2017,30,236,5,other,7,2021034,15546415,0.13,0.0267,1959,1,N/A,0.52,-0.241,852325,0.3,0.16,2.55,2.55,-0.53,nan,0.024
hellogold,28 Aug 2017,2 Oct 2017,35,248,12,saas,19,5208991,N/A,N/A,0.05,1506,1,1985,0.3,-0.516,28580,0,0.14,2.29,2.29,-0.142,nan,0.022
iungo,7 Dec 2017,31 Jan 2018,55,127,5,saas,14,45978800,45978800,1,1.15,10650,1,4957,0.72,-0.587,885373,-0.17,-0.2,-3.17,-3.17,-0.063,nan,-0.011
eboost,13 Sep 2016,25 Oct 2016,42,590,12,other,N/A,N/A,N/A,N/A,0.2,N/A,1,N/A,N/A,-0.126,300469,0.24,0.13,2.11,2.06,0.086,2.88,0.015
blockcat,15 Jul 2017,14 Aug 2017,30,297,1,saas,7,6284400,6284400,1,1,N/A,1,7864,0.42,0.08,28777,0.19,0.06,0.96,0.96,-0.191,nan,0.006
digipulse,1 Oct 2017,31 Oct 2017,30,219,5,other,6,N/A,N/A,N/A,1.21,25292,2,6231,N/A,-0.116,4092,0.12,0.24,3.77,3.77,-0.133,nan,0.017
verime,1 Mar 2018,31 Mar 2018,30,68,7,saas,18,21720000,30166667,0.72,N/A,38985,1,9054,0.48,0,95404,-0.3,-2.41,-4.82,-4.82,0.238,nan,-0.023
upfiring,3 Oct 2017,31 Oct 2017,28,219,12,saas,N/A,25848,N/A,N/A,0.05,N/A,1,N/A,0.38,7.382,362421,-0.26,0.21,3.33,3.33,-0.272,nan,0.017
experty,25 Jan 2018,25 Feb 2018,31,102,6,telecommunications,15,9468000,9468000,1,1.05,13880,7,15584,0.82,-0.373,1742640,-0.58,-0.12,-1.85,-1.85,-0.055,nan,-0.013
cryptopay,2 Oct 2017,30 Oct 2017,28,220,4,blockchain,3,18148220,64815071,0.28,0.31,369,5,8586,0.48,0.243,380453,0.1,0.07,1.04,1.04,-0.347,nan,0.005
cryptoping,25 May 2017,24 Jun 2017,30,348,12,saas,0,2742420,N/A,N/A,0.28,2,8,10437,N/A,0.425,407237,-0.19,0.03,0.48,0.48,-0.083,nan,0.013
lampix,9 Aug 2017,18 Aug 2017,9,293,1,saas,13,14200000,59166667,0.24,0.26,1679,1,3364,0.4,-0.634,29039,0.07,0.06,0.89,0.89,-0.122,nan,0.006
hush,02 May 2018,10 Jun 2018,39,-3,5,blockchain,12,N/A,N/A,0,0.817,631,2,775,0.46,-0.949,69,0.01,0.16,2.51,2.51,-0.123,nan,0.03
starbase,9 Nov 2017,24 Nov 2017,15,195,8,saas,5,8842000,10047727,0.88,0.1,N/A,1,182,0.64,0.078,11977,0.31,0.15,2.32,2.32,1.78,nan,0.247
1world,5 Oct 2017,6 Nov 2017,32,213,1,blockchain,66,5000000,N/A,N/A,1.2,6894,1,7403,0.42,-0.657,357311,-0.08,-0.01,-0.12,-0.12,-0.081,nan,0.005
sense,7 Nov 2017,21 Nov 2017,14,198,1,telecommunications,7,15000000,15000000,1,0.1,2418,1,9018,0.44,-0.433,13019,0.03,-0.16,-2.58,-2.58,-0.277,nan,-0.002
vezt,4 Nov 2017,3 Dec 2017,29,186,1,entertainment,19,1378806,15320067,0.09,0.5,2818,1,5363,0.54,5.32,2379180,-0.14,-0.13,-2.04,-2.04,-0.521,nan,-0.009
tokenbox,14 Nov 2017,28 Nov 2017,14,191,2,saas,8,8000000,20000000,0.4,1,1964,1,2421,0.76,0.5,116601,-0.15,-0.12,-1.91,-1.91,0.075,nan,-0.006
mywish,25 Oct 2017,25 Nov 2017,31,194,2,other,8,2670000,2696970,0.99,0.23,2352,1,4013,N/A,0.354,305113,0.14,0.18,2.8,2.8,0.268,nan,0.007
reftoken,17 Nov 2017,17 Dec 2017,30,172,5,fintech,8,N/A,48000000,N/A,14,2863,1,4169,N/A,-0.506,129535,0.22,0.1,1.57,1.57,-0.09,nan,0.03
parkgene,15 Jan 2018,19 Mar 2018,63,80,7,fintech,5,24335000,34764286,0.7,0.1,6839,4,775,0.6,-0.874,58791,-0.13,-1.05,-2.1,-2.1,-0.407,nan,-0.014
syncfab,15 Feb 2018,15 Mar 2018,28,84,1,saas,9,9155717,19903733,0.46,0.12,10079,5,N/A,0.58,-0.612,48703,0.02,0.14,0.28,0.28,-0.721,nan,-0.008
aigang,15 Nov 2017,15 Dec 2017,30,174,7,fintech,7,4228920,30206571,0.14,0.31,4738,1,7820,0.7,12.097,16206500,-0.22,-0.26,-4.06,-4.06,-0.228,nan,-0.018
bonpay,31 Oct 2017,28 Nov 2017,28,191,4,fintech,4,10000000,N/A,N/A,0.9,965,2,10042,N/A,1.144,4834,-0.02,0,0.04,0.04,-0.099,nan,0
copytrack,10 Dec 2017,10 Feb 2018,62,117,5,fintech,4,11087368,61596489,0.18,1.19,8407,5,N/A,N/A,-0.648,85931,-0.1,-0.02,-0.35,-0.35,0.282,nan,-0.005
ethorse,10 Jan 2018,17 Jan 2018,7,141,7,other,N/A,4800000,N/A,N/A,N/A,N/A,1,1290,0.34,0,523864,0.01,0.03,0.4,0.4,-0.072,nan,-0.002
daneel,29 Jan 2018,5 Mar 2018,35,94,5,fintech,15,2830400,15724444,0.18,0.29,6216,4,N/A,0.68,-0.833,130556,0.37,2.97,5.94,5.94,2.738,nan,0.07
blitzpredict,22 Jan 2018,22 Feb 2018,31,105,12,other,5,4374000,7290000,0.6,0.0292,13714,1,N/A,0.52,-0.677,48405,-0.04,0.08,1.21,1.21,0.345,nan,0.018
chainium,25 Dec 2017,12 Jan 2018,18,146,5,fintech,6,3434946,5540235,0.62,0.0664,N/A,1,76,0.54,0.594,70198,0.07,0.52,1.04,1.04,0.598,nan,-0.008
ethbits,15 Apr 2017,13 May 2017,28,390,4,saas,3,1216178,N/A,N/A,1.14,6090,1,5576,N/A,0.921,3027,0.06,0.25,3.94,3.94,30.707,nan,1.998
mercury-protocol,23 Oct 2017,23 Nov 2017,31,196,1,saas,16,4749479,19789496,0.24,0.043,738,N/A,5434,0.68,-0.07,42740,0.15,0.09,1.47,1.47,-0.034,nan,0.018
micromoney,18 Oct 2017,18 Nov 2017,31,201,12,fintech,18,10541585,30118814,0.35,1,5139,2,165863,N/A,-0.326,452417,0.31,0.09,1.47,1.47,-0.158,nan,0
biotron,27 Mar 2018,05 Apr 2018,9,63,12,other,N/A,N/A,N/A,N/A,0.22,2436,1,N/A,0.46,-0.814,955,0.16,1.3,2.61,2.61,0.182,nan,0.014
signals-network,12 Mar 2018,09 Apr 2018,28,59,12,other,11,N/A,N/A,N/A,N/A,N/A,N/A,N/A,N/A,0,233052,0,0,0,0,0.215,nan,0.001
coinlancer,14 Oct 2017,15 Nov 2017,32,204,12,saas,36,11860153,49417304,0.24,0.25,7177,5,2293,0.5,0.691,3536710,0.03,-0.09,-1.49,-1.49,-0.219,nan,-0.008
obsidian,12 Aug 2017,26 Aug 2017,14,285,4,saas,6,1566332,8701844,0.18,0.15,796,4,8841,0.62,1.49,262223,0.12,0.15,2.45,2.45,-0.033,nan,0.004
pylon-network,4 Oct 2017,24 Oct 2017,20,226,5,energy,11,N/A,N/A,N/A,1.79,1513,1,4003,N/A,12.201,69585,0.11,0.02,0.25,0.25,-0.392,nan,0.003
fabric-token,15 Feb 2018,1 Apr 2018,45,67,5,blockchain,11,1035986,8633217,0.12,0.1125,5363,0,1545,0.42,-0.172,83004,0.81,1.4,2.8,2.8,-4.494,nan,0.012
verify,29 Nov 2017,06 Dec 2017,7,183,7,saas,9,2500000,2500000,1,0.23,3537,1,508,N/A,1.44,803439,0.32,0.12,1.86,1.86,0.171,nan,0.009
goldmint,20 Sep 2017,11 Nov 2017,52,208,2,fintech,11,7300000,40555556,0.18,7,11115,10,2597,0.46,-0.634,74776,0.24,0.16,2.47,2.47,0.146,nan,0.007
tokenstars,31 Aug 2017,31 Oct 2017,61,219,7,other,4,4901220,7540338,0.65,0.42,17611,1,N/A,0.56,-0.165,409248,-0.28,-2.18,-4.37,-4.37,0.06,nan,-0.028
chronologic,25 Aug 2017,25 Sep 2017,31,255,12,fintech,3,7400000,N/A,N/A,0.1,N/A,1,N/A,0.3,108.4,23084,-0.02,0,-0.02,-0.02,-0.007,nan,0.012
trakinvest,8 Feb 2018,7 Mar 2018,27,92,7,fintech,14,50000000,N/A,N/A,N/A,38261,2,475,N/A,0,262810,-0.01,-0.1,-0.2,-0.2,-0.332,nan,-0.009
transcodium,1 Mar 2018,30 Apr 2018,60,38,4,saas,7,10977534,29669011,0.37,0.376,6141,1,N/A,0.52,-0.625,488145,-0.19,-1.5,-3,-3,-0.778,nan,-0.026
ethersportz,9 Jan 2018,10 Jan 2018,1,148,1,entertainment,6,3500000,3500000,1,0.5,1755,1,N/A,N/A,0.123,71545,0.12,0.04,0.57,0.57,1.032,nan,0.015
live-stars,15 Jan 2018,15 Feb 2018,31,112,5,saas,6,2518564,5037128,0.5,0.2,2715,1,7684,0.5,-0.602,144179,-0.06,-0.46,-0.92,-0.92,-0.183,nan,-0.015
hirematch,1 Oct 2017,15 Feb 2018,137,112,1,fintech,4,16000000,N/A,N/A,0.17,N/A,4,1943,0.28,-0.832,98386,0.03,0.16,2.52,2.52,-0.107,nan,0.01
phi-token,8 Mar 2018,21 Mar 2018,13,78,5,other,16,3800000,N/A,N/A,1.61803,26092,1,3790,0.2,-0.631,58338,-0.09,-0.69,-1.38,-1.38,0.191,nan,-0.003
skincoin,21 Jun 2017,21 Jul 2017,30,321,2,blockchain,5,3292183,9976312,0.33,0.04,731,7,6694,N/A,-0.08,9042,-0.18,0,0,0,-0.346,nan,0.01
soma,27 Sep 2017,14 Nov 2017,48,205,5,ecommerce,11,6049621,40330807,0.15,0.74,3818,2,5051,0.54,-0.686,6114,0.39,0.15,2.37,2.37,-0.24,nan,0.025
qvolta,10 Oct 2017,20 Oct 2017,10,230,7,blockchain,4,729652,4560325,0.16,0.3,1593,1,1,N/A,0.064,40141,0.06,0.14,2.28,2.28,0.109,nan,0.017
darcrus,21 Dec 2016,26 Dec 2016,5,528,12,saas,1,29742,129313,0.23,0.02,1536,1,9388,N/A,0.05,6268,0.36,0.17,2.66,2.66,0.97,nan,0.016
emphy,7 Oct 2017,5 Nov 2017,29,214,5,real estate,5,44500,4450000,0.01,0.1,13697,1,13111,N/A,1.42,100754,0.14,0.24,3.84,3.84,0.045,nan,0.032
crycash,12 Dec 2017,31 Jan 2018,50,127,5,blockchain,6,N/A,N/A,N/A,N/A,3111,3,1438,0.42,0,50581,0.07,0.57,1.14,1.14,0.148,nan,-0.005
nitro,30 Nov 2017,26 Dec 2017,26,163,3,saas,11,2694156,53883120,0.05,0.97,16005,1,3791,0.84,0.577,131540,0.07,0.07,1.18,1.18,-0.371,nan,0.028
neverdie,30 Jun 2017,1 Sep 2017,63,279,1,entertainment,2,5800000,10000000,0.58,0.25,15,6,1487,N/A,-0.193,43022,-0.08,-0.16,-2.59,-2.59,-0.257,nan,0.006
wild-crypto,05 Sep 2017,11 Sep 2017,6,269,12,other,N/A,N/A,N/A,N/A,N/A,617,N/A,N/A,N/A,0,4468,0.03,0.13,2.08,2.08,-0.286,nan,0.02
boutspro,11 Mar 2018,25 Mar 2018,14,74,4,blockchain,32,N/A,N/A,N/A,N/A,12606,1,9825,N/A,0,100240,0.04,0.3,0.6,0.6,-0.265,nan,0
authorship,15 Aug 2017,14 Sep 2017,30,266,1,telecommunications,1,N/A,7000000,N/A,0.04,159,1,11699,N/A,-0.287,12714,0.1,0.11,1.74,1.74,-0.111,nan,0.024
earth-token,15 Dec 2017,15 Mar 2018,90,84,11,saas,11,20000000,N/A,N/A,0.16,12934,N/A,20203,0.22,-0.699,509033,-0.36,-2.82,-5.64,-5.64,-0.272,nan,-0.042
tigereum,8 Dec 2017,18 Dec 2017,10,171,4,saas,15,N/A,12000000,N/A,0.8,N/A,2,3554,N/A,-0.819,195263,0.29,0.14,2.27,2.27,-0.128,nan,0.022
bitjob,12 Sep 2017,13 Oct 2017,31,237,12,saas,26,2726424,12000000,0.23,0.39,2182,1,6902,0.62,-0.733,67138,-0.15,0.14,2.26,2.23,-0.182,0.278,0.013
wandx,27 Oct 2017,21 Nov 2017,25,198,7,other,6,86654,N/A,N/A,0.09,2366,1,6412,0.34,4.727,90663,0.3,0.04,0.6,0.6,0.327,nan,0.01
blocklancer,16 Jan 2018,16 Feb 2018,31,111,5,fintech,5,30000010,90909121,0.33,0.09,N/A,1,50,0.68,-0.795,34683,0.24,0.1,1.62,1.62,0.902,nan,0.016
plancoin,24 Jan 2018,23 Feb 2018,30,104,12,blockchain,N/A,1700000,N/A,N/A,0.6,N/A,1,1908,N/A,-0.584,282642,0.03,0.21,0.41,0.41,0.724,nan,0
fundyourselfnow,13 Jun 2017,31 Jul 2017,48,311,12,other,9,N/A,N/A,N/A,N/A,5172,0,N/A,N/A,0,27307,0.24,0.14,2.2,2.2,0.169,nan,0.017
global-jobcoin,28 Oct 2017,6 Dec 2017,39,183,6,saas,4,N/A,N/A,N/A,1.31,N/A,2,12037,N/A,-0.817,14648,0.14,0.13,2.13,2.13,-0.064,nan,0.082
mcap,27 Apr 2017,7 May 2017,10,396,1,blockchain,N/A,44287318,N/A,N/A,4,N/A,1,153,N/A,0.635,3797,-0.1,-0.14,-2.3,-2.3,0.034,nan,-0.003
suretly,11 Jul 2017,11 Aug 2017,31,300,2,fintech,6,28000001,N/A,N/A,30.93,N/A,1,1297,0.54,-0.578,12585,-0.12,-0.04,-0.67,-0.67,-0.024,nan,0.005
oceanlab,07 Aug 2017,31 Aug 2017,24,280,12,blockchain,N/A,N/A,N/A,N/A,N/A,N/A,0,N/A,N/A,0,29066,0.34,0.17,2.64,2.64,-0.144,nan,0.008
bitair,17 Sep 2017,31 Oct 2017,44,219,12,other,N/A,21510000,N/A,N/A,0.019,N/A,1,N/A,0.4,-0.239,209739,0.14,-0.02,-0.32,-0.32,-0.223,nan,0.001
pluscoin,26 Sep 2017,10 Oct 2017,14,240,8,blockchain,13,9598000,N/A,N/A,1.49,118,7,248,0.22,-0.999,67444,-0.11,0.08,1.23,1.23,-0.729,nan,0.053
escroco,30 Oct 2017,28 Nov 2017,29,191,12,fintech,N/A,N/A,N/A,N/A,0.1,N/A,1,N/A,0.22,30.9,515908,0.18,0.03,0.49,0.44,-0.124,6.545,0.015
peerguess,28 Oct 2017,09 Dec 2017,42,180,12,saas,13,N/A,N/A,N/A,N/A,1065,0,2049,N/A,0,42120,-0.24,-0.06,-1.02,-1.07,-0.264,18.955,0.023
fujinto,10 Aug 2017,10 Sep 2017,31,270,8,blockchain,4,17566200,29277000,0.6,0.07,N/A,1,953,0.24,4.452,580241,-0.34,-0.24,-3.74,-3.74,0.323,nan,-0.001
srcoin,1 Mar 2018,31 Mar 2018,30,68,12,insurance services,11,4000000,N/A,N/A,N/A,1219,1,965,0.26,0,132146,0.04,0.31,0.63,0.63,-0.657,nan,-0.007
ecobit,9 Apr 2017,15 Jun 2017,67,357,12,other,N/A,N/A,N/A,N/A,0.03,288,2,1125,N/A,0.078,41297,-0.03,0,0,0,-0.145,nan,0.009
hedge,15 Sep 2017,15 Oct 2017,30,235,5,blockchain,9,2100000,15000000,0.14,0.67,N/A,3,3785,N/A,0.063,35573,0.16,0.13,2.06,2.06,-0.21,nan,0.06
apx,1 May 2017,21 May 2017,20,382,12,blockchain,N/A,2749185,2749185,1,0.6,N/A,1,5254,N/A,4.267,714525,0.21,0.07,1.18,1.18,-0.098,nan,0.008
real,31 Aug 2017,30 Sep 2017,30,250,7,real estate,4,10604571,33139284,0.32,1.38,2002,7,4513,0.52,-0.268,13785,0,-0.02,-0.34,-0.34,0.109,nan,0.016
clearcoin,16 Nov 2017,31 Mar 2018,135,68,1,other,17,4350000,N/A,N/A,0.01,25036,3,N/A,0.52,0.551,93524,0.07,-0.04,-0.6,-0.6,0.404,nan,-0.004
blockpool,01 May 2017,30 Jun 2017,60,342,12,other,10,N/A,N/A,N/A,N/A,N/A,1,N/A,N/A,0,39542,-0.11,0.18,2.93,2.93,-0.023,nan,0.011
flypme,19 Sep 2017,26 Sep 2017,7,261,5,other,1,1610000,N/A,N/A,0.07,22,1,N/A,0.38,1.578,15603,0.1,0.21,3.3,3.3,-0.539,nan,0.021
eventchain,13 Sep 2017,14 Oct 2017,31,236,1,entertainment,8,772896,12881600,0.06,1.47,N/A,1,26721,0.44,-0.887,1884,0.21,0.17,2.74,2.74,-0.525,nan,0.037
centra,03 Aug 2017,02 Oct 2017,60,248,1,fintech,19,26100000,26100000,1,0.73,1191,5,48,0.56,-0.527,2484,0.24,0.14,2.22,2.22,0.789,nan,0.039
farad,1 Oct 2017,31 Oct 2017,30,219,12,energy,11,N/A,N/A,N/A,0.13,76,1,3419,0.56,-0.395,39680,0.05,0.12,1.95,1.95,-0.121,nan,0.012
musiconomi,27 Aug 2017,27 Sep 2017,31,253,12,other,6,N/A,N/A,N/A,0.01,N/A,1,N/A,0.46,10.468,735,0.09,0.12,1.87,1.87,-0.007,nan,0.021
etheriya,21 Jun 2017,10 Aug 2017,50,301,12,saas,N/A,30000,35294,0.85,0.25,N/A,2,603,N/A,5.4,23481,0.18,0.02,0.34,0.34,1.309,nan,0.042
elcoin,08 Jan 2018,05 Feb 2018,28,122,5,saas,18,N/A,30000000,N/A,N/A,690,1,4488,N/A,0,11,-0.12,0.16,2.61,2.61,321.569,nan,37.664
monster-byte,6 Jul 2017,4 Aug 2017,29,307,10,entertainment,2,10000002,10000002,1,0.11,N/A,2,2212,0.44,-0.271,16860,0.13,0.13,2.1,2.1,0.443,nan,0.026
bitpark-coin,15 Sep 2016,20 Oct 2016,35,595,8,fintech,1,29195,N/A,N/A,0.1,N/A,0,1112,N/A,-0.817,103,-0.02,0.08,1.2,1.2,0.494,nan,0.022
blockpay,23 Aug 2016,15 Sep 2016,23,630,6,saas,1,53836010,N/A,N/A,0.12,N/A,2,N/A,N/A,0.762,483,-0.17,-0.01,-0.13,-0.13,0.456,nan,0.028
regalcoin,22 Aug 2017,22 Sep 2017,31,258,12,blockchain,N/A,N/A,N/A,N/A,0.97,5485,1,9613,N/A,10.742,3808740,0.4,0.22,3.52,3.52,-0.259,nan,-0.005
crystal-clear,8 Sep 2017,8 Oct 2017,30,242,2,transportation,7,3377550,N/A,N/A,3.09,N/A,1,4546,N/A,-0.1,21319,-0.14,-0.02,-0.39,-0.39,-0.5,nan,0.018
tigercoin,25 Feb 2018,25 Mar 2018,28,74,12,fintech,N/A,N/A,N/A,N/A,N/A,506,0,N/A,0.32,0,0,-0.24,-0.13,-2.12,-2.12,-0.252,nan,0.046
ccore,9 Nov 2017,30 Nov 2017,21,189,12,fintech,8,1400000,N/A,N/A,0.45,2024,1,3988,0.26,1.163,15228,0.11,0.12,1.84,1.84,0.247,nan,0.043
bankcoin,5 Nov 2016,19 Dec 2016,44,535,10,fintech,2,1000000,6250000,0.16,0.25,20,1,2528,N/A,0.998,47742,0.11,0.23,3.65,3.65,0.229,nan,0.066
300-token,30 Jun 2017,6 Jul 2017,6,336,12,blockchain,N/A,16724,23891,0.7,79.76,N/A,1,850,N/A,7.334,22581,-0.15,0.03,0.48,0.48,0.569,nan,0.016
newbium,1 May 2016,31 May 2016,30,737,12,saas,N/A,38180,636333,0.06,N/A,N/A,1,3287,N/A,0,11,0.27,0.22,3.51,3.51,-0.104,nan,0.087
abjcoin,1 Sep 2017,30 Oct 2017,59,220,12,blockchain,10,N/A,1290000,N/A,0.5,1810,1,N/A,0.28,0.183,87523,0.09,0.23,3.57,3.57,0.351,nan,0.11
bolenum,15 Jul 2017,14 Aug 2017,30,297,12,blockchain,N/A,19121,N/A,N/A,5.98,N/A,3,54542,0.42,-0.996,13218,-0.1,0.12,1.85,1.85,1.08,nan,0.03
copico,16 Oct 2017,16 Nov 2017,31,203,12,blockchain,2,N/A,N/A,N/A,0.006,1266,1,N/A,0.32,2.748,107543,0.05,0.22,3.42,3.42,0.152,nan,0.024
icobid,09 Dec 2016,09 Jan 2017,31,514,12,other,N/A,N/A,N/A,N/A,0,N/A,0,N/A,N/A,0,808,0.25,0.14,2.2,2.2,0.784,nan,0.027
iconic,01 Mar 2018,31 Mar 2018,30,68,12,fintech,N/A,N/A,N/A,N/A,N/A,2922,1,N/A,0.28,0,180,0.24,0.16,2.48,2.48,0.493,nan,0.035
apis,4 Mar 2018,3 Apr 2018,30,65,7,blockchain,21,N/A,N/A,N/A,N/A,N/A,0,N/A,0.2,0,4766240,1.44,2.49,4.99,4.99,-6.189,nan,0.092
libra-credit,01 May 2018,01 Jun 2018,31,6,7,fintech,10,26400000,26400000,1,0.1,96901,N/A,N/A,0.56,1.986,4569100,-1.08,-1.86,-3.73,-3.73,-0.689,nan,-0.027
skrumble-network,05 May 2018,07 May 2018,2,31,12,fintech,31,16472800,16472800,1,0.0515,54602,N/A,2016,0.3,0.873,32789700,-0.17,-1.35,-2.69,-2.69,-0.854,nan,-0.016
pundi-x,21 Jan 2018,21 Jan 2018,0,137,12,saas,4,35000000,35000000,1,2.1,23178,N/A,5627,0.86,-1,970635,-0.19,0.29,4.53,4.53,-0.669,nan,0.037
educoin,18 Mar 2018,25 Mar 2018,7,74,7,social services,4,N/A,N/A,N/A,N/A,373,1,7,N/A,0,4,0.22,0.16,2.51,2.51,14.705,nan,0.744
bankera,27 Nov 2017,27 Feb 2018,92,100,5,fintech,7,150949194,215641706,0.7,0.02,20616,N/A,25421,0.48,-0.481,2604320,-6.25,-10.82,-21.65,-21.65,-2.2,nan,-0.086
bezant,,11 May 2018,8,27,7,blockchain,32,27500000,39855072,0.69,0.1,5329,N/A,1917,N/A,1.1,1779890,-0.11,-0.88,-1.75,-1.75,-0.323,nan,-0.012
crowd-machine,01 Apr 2018,22 May 2019,416,-349,7,saas,13,30638000,100000000,0.30638,N/A,6055,N/A,5214,0.6,0,220487,-0.28,-2.2,-4.39,-4.39,0.474,nan,-0.012
gems,30 Jan 2018,01 Feb 2018,2,126,12,fintech,2,N/A,N/A,N/A,0.075,32582,2,19555,0.52,-0.689,4746,-0.07,0.01,0.16,0.16,-0.958,nan,0.159
phantasma,27 May 2018,28 May 2018,1,10,12,other,13,9650000,9747475,0.99,0.23,20891,N/A,5379,N/A,1.476,799685,0.33,0.57,1.14,1.14,-1.687,nan,0.012
aware,04 Jan 2018,30 Jan 2018,26,128,12,fintech,N/A,N/A,N/A,N/A,0.063,593,1,N/A,0.32,0.495,1391910,-0.31,-0.19,-2.96,-2.96,-0.013,nan,-0.003
cfun,18 Dec 2017,19 Dec 2017,1,170,7,saas,9,15000000,15000000,1,0.03,4567,1,5559,N/A,2.506,14156000,-0.17,-0.18,-2.79,-2.79,0.077,nan,-0.006
exchange-union,05 Aug 2017,29 Aug 2017,24,282,12,other,4,N/A,N/A,N/A,1,N/A,N/A,N/A,0.66,1.29,304953,0.19,0.19,3,3,-0.115,nan,0.01
key,23 Sep 2017,23 Oct 2017,30,227,12,fintech,N/A,21780000,N/A,N/A,0.01,N/A,2,N/A,0.34,0.063,496995,-0.18,-1.41,-2.81,-2.81,0.205,nan,-0.006
silent-notary,15 Mar 2018,12 Apr 2018,28,56,2,blockchain,4,N/A,N/A,N/A,0,30710,0,6825,0.32,0,339139,1.69,2.92,5.85,5.85,-1.712,nan,0.094
patron,27 Mar 2018,9 May 2018,43,29,8,saas,26,40000000,40000000,1,0.5,14469,0,21693,0.64,-0.864,933787,0.29,0.5,1.01,1.01,-2.776,nan,0.008
stockchain,16 Mar 2018,19 Mar 2018,3,80,7,other,18,2693450,N/A,N/A,N/A,87153,1,55766,N/A,0,271642,0.31,-0.03,-0.52,-0.52,-0.165,nan,-0.004
seele,03 Apr 2018,03 Apr 2018,0,65,12,blockchain,N/A,12133800,12133800,1,0.0324,28796,N/A,N/A,0.72,8.3,1750560,-0.72,-1.25,-2.51,-2.51,-1.246,nan,-0.008
spindle,9 May 2018,15 May 2018,6,23,4,blockchain,12,N/A,N/A,N/A,0.23,30156,N/A,24252,0.4,-0.905,2379600,-0.07,-0.12,-0.25,-0.25,-2.206,nan,0.007
sphre-air,1 Jun 2017,30 Jun 2017,29,342,4,saas,4,5272732,N/A,N/A,0.19,N/A,1,N/A,N/A,-0.222,10531,0.17,0.13,2.1,2.1,-0.119,nan,0.004
blockcdn,25 Nov 2016,25 Dec 2016,30,529,12,other,1,N/A,N/A,N/A,N/A,N/A,1,N/A,N/A,0,31955,0.47,0.11,1.7,1.7,0.088,nan,0.006
cryptaur,27 Nov 2017,12 Mar 2018,105,87,7,saas,12,12000000,N/A,N/A,0.01,1848,N/A,1742,0.36,-0.606,165405,8.25,14.29,28.57,28.57,-1,nan,0.04
blockmesh,28 Feb 2018,31 Mar 2018,31,68,12,blockchain,13,3486451,9961289,0.35,0.05,5087,0,13260,0.42,-0.289,87339,-1.44,-2.49,-4.98,-4.98,0.679,nan,-0.033
shopin,30 Mar 2018,15 Apr 2018,16,53,1,other,11,42546499,50054705,0.85,0.1,N/A,N/A,1643,0.22,-0.68,70971,-0.13,-0.23,-0.45,-0.45,5.357,nan,-0.003
amon,4 Mar 2018,4 Apr 2018,31,64,5,other,8,1332600,26652000,0.05,0.05,6980,2,2482,N/A,0.264,152217,-0.43,-3.39,-6.78,-6.78,-1.531,nan,-0.045
xyo-network,20 Mar 2018,21 May 2018,62,17,1,other,25,11951000,47804000,0.25,0.01,16378,0,7339,0.66,-0.398,245464,-0.39,-0.67,-1.34,-1.34,-1.077,nan,-0.02
contractnet,10 Mar 2018,20 Mar 2018,10,79,3,other,10,2661505,N/A,N/A,N/A,N/A,N/A,1223,N/A,0,294035,-0.98,-1.69,-3.39,-3.39,-0.156,nan,-0.031
etherecash,15 Nov 2017,12 Dec 2017,27,177,12,fintech,8,40000000,100000000,0.4,1,N/A,10,1185,N/A,-0.216,248868,-0.15,-0.12,-1.95,-1.95,-0.543,nan,0.003
hero,14 Sep 2017,14 Oct 2017,30,236,5,entertainment,13,36416517,173411986,0.21,0.04,1959,0,4525,0.52,7.513,88370,-0.26,-0.46,-0.92,-0.92,-1.39,nan,-0.02
budbo,29 Jan 2018,5 Mar 2018,35,94,7,blockchain,33,30000000,52631579,0.57,0.35,3308,3,5298,0.34,-0.666,67317,0.1,0.81,1.63,1.63,0.244,nan,0.023
indicoin,30 Sep 2017,1 Nov 2017,32,218,12,blockchain,9,23000,N/A,N/A,0.02,N/A,1,22459,0.26,0.711,60496,0.16,0.05,0.73,0.73,-0.932,nan,0.028
utrum,20 May 2018,20 Jun 2018,31,-13,12,other,7,N/A,5000000,N/A,0.12,7401,1,1336,N/A,-0.249,21504,0.13,1.04,2.09,2.09,0.192,nan,0.007
zengold,26 May 2017,9 Jun 2017,14,363,3,saas,0,1908960,3030095,0.63,0.03,N/A,1,N/A,N/A,10.473,13093,0.18,0.17,2.64,2.64,0.919,nan,0.157
minex,15 May 2017,13 Jun 2017,29,359,2,blockchain,9,78985,N/A,N/A,6.18,N/A,1,10915,N/A,-0.89,8495,0.01,0.06,1.02,1.02,-0.008,nan,0.022
stex,25 Nov 2017,10 Dec 2017,15,179,2,blockchain,5,6700350,55836250,0.12,1,8067,0,937,N/A,-0.835,3009,0.22,0.13,2.02,2.02,-2683.618,nan,88.282
smoke,20 Apr 2018,25 May 2018,35,13,10,telecommunications,6,25000,2500000,0.01,0.1,N/A,1,12153,N/A,-0.949,1761,0.03,0.12,1.88,1.88,0.97,nan,0.132
anryze,12 Sep 2017,12 Oct 2017,30,238,2,blockchain,13,1759099,6065859,0.29,0.02,1018,1,N/A,0.5,0.291,670261,0.23,0.14,2.27,2.27,-0.006,nan,0.015
sisa,20 Nov 2017,20 Dec 2017,30,169,12,fintech,5,N/A,N/A,N/A,0.23,719,1,2981,N/A,-0.488,32828,-0.02,0.09,1.49,1.49,-0.047,nan,0.029
ox-fina,1 Jul 2017,31 Jul 2017,30,311,10,blockchain,N/A,N/A,N/A,N/A,0.07,N/A,1,866,N/A,-0.505,14630,0.2,0.09,1.39,1.39,-0.442,nan,0.048
fapcoin,15 Sep 2017,31 Oct 2017,46,219,12,entertainment,N/A,N/A,N/A,N/A,0.3,N/A,1,N/A,N/A,-0.463,32723,0.1,0.08,1.3,1.3,0.255,nan,0.035
plexcoin,20 Sep 2017,01 Oct 2017,11,249,12,fintech,N/A,N/A,N/A,N/A,N/A,N/A,0,N/A,N/A,0,27979,0.04,0.07,1.16,1.16,-0.598,nan,0.01
solomonexchange,N/A,27 Sep 2017,N/A,N/A,N/A,N/A,N/A,N/A,N/A,N/A,N/A,N/A,N/A,N/A,N/A,-1,0,-100,-100,-100,-100,-100,-100,-100
hackspacecapital,N/A,20 Sep 2017,N/A,N/A,N/A,N/A,N/A,N/A,N/A,N/A,N/A,N/A,N/A,N/A,N/A,-1,0,-100,-100,-100,-100,-100,-100,-100
impakfinance,N/A,20 Sep 2017,N/A,N/A,N/A,N/A,N/A,N/A,N/A,N/A,N/A,N/A,N/A,N/A,N/A,-1,0,-100,-100,-100,-100,-100,-100,-100
modum.io,N/A,22 Sep 2017,N/A,N/A,N/A,N/A,N/A,N/A,N/A,N/A,N/A,N/A,N/A,N/A,N/A,-1,0,-100,-100,-100,-100,-100,-100,-100
detectortoken,N/A,20 Sep 2017,N/A,N/A,N/A,N/A,N/A,N/A,N/A,N/A,N/A,N/A,N/A,N/A,N/A,-1,0,-100,-100,-100,-100,-100,-100,-100
silentnotary,N/A,18 Sep 2017,N/A,N/A,N/A,N/A,N/A,N/A,N/A,N/A,N/A,N/A,N/A,N/A,N/A,-1,0,-100,-100,-100,-100,-100,-100,-100
intelligenttradingtech,N/A,17 Sep 2017,N/A,N/A,N/A,N/A,N/A,N/A,N/A,N/A,N/A,N/A,N/A,N/A,N/A,-1,0,-100,-100,-100,-100,-100,-100,-100
kybernetwork,N/A,16 Sep 2017,N/A,N/A,N/A,N/A,N/A,N/A,N/A,N/A,N/A,N/A,N/A,N/A,N/A,-1,0,-100,-100,-100,-100,-100,-100,-100
kickico,N/A,16 Sep 2017,N/A,N/A,N/A,N/A,N/A,N/A,N/A,N/A,N/A,N/A,N/A,N/A,N/A,-1,0,-100,-100,-100,-100,-100,-100,-100
smartinvestmentfundtoken,N/A,15 Sep 2017,N/A,N/A,N/A,N/A,N/A,N/A,N/A,N/A,N/A,N/A,N/A,N/A,N/A,-1,0,-100,-100,-100,-100,-100,-100,-100
trackr,N/A,15 Sep 2017,N/A,N/A,N/A,N/A,N/A,N/A,N/A,N/A,N/A,N/A,N/A,N/A,N/A,-1,0,-100,-100,-100,-100,-100,-100,-100
facecoin,N/A,15 Sep 2017,N/A,N/A,N/A,N/A,N/A,N/A,N/A,N/A,N/A,N/A,N/A,N/A,N/A,-1,0,-100,-100,-100,-100,-100,-100,-100
icobox,N/A,15 Sep 2017,N/A,N/A,N/A,N/A,N/A,N/A,N/A,N/A,N/A,N/A,N/A,N/A,N/A,-1,0,-100,-100,-100,-100,-100,-100,-100
social(scl),N/A,14 Sep 2017,N/A,N/A,N/A,N/A,N/A,N/A,N/A,N/A,N/A,N/A,N/A,N/A,N/A,-1,0,-100,-100,-100,-100,-100,-100,-100
enigmacatalyst,N/A,12 Sep 2017,N/A,N/A,N/A,N/A,N/A,N/A,N/A,N/A,N/A,N/A,N/A,N/A,N/A,-1,0,-100,-100,-100,-100,-100,-100,-100
ahoolee,N/A,11 Sep 2017,N/A,N/A,N/A,N/A,N/A,N/A,N/A,N/A,N/A,N/A,N/A,N/A,N/A,-1,0,-100,-100,-100,-100,-100,-100,-100
stuffgogo,N/A,11 Sep 2017,N/A,N/A,N/A,N/A,N/A,N/A,N/A,N/A,N/A,N/A,N/A,N/A,N/A,-1,0,-100,-100,-100,-100,-100,-100,-100
prospector,N/A,10 Sep 2017,N/A,N/A,N/A,N/A,N/A,N/A,N/A,N/A,N/A,N/A,N/A,N/A,N/A,-1,0,-100,-100,-100,-100,-100,-100,-100
onegram,N/A,10 Sep 2017,N/A,N/A,N/A,N/A,N/A,N/A,N/A,N/A,N/A,N/A,N/A,N/A,N/A,-1,0,-100,-100,-100,-100,-100,-100,-100
filecoin,N/A,10 Sep 2017,N/A,N/A,N/A,N/A,N/A,N/A,N/A,N/A,N/A,N/A,N/A,N/A,N/A,-1,0,-100,-100,-100,-100,-100,-100,-100
alpencoin,N/A,10 Sep 2017,N/A,N/A,N/A,N/A,N/A,N/A,N/A,N/A,N/A,N/A,N/A,N/A,N/A,-1,0,-100,-100,-100,-100,-100,-100,-100
hubii,N/A,07 Sep 2017,N/A,N/A,N/A,N/A,N/A,N/A,N/A,N/A,N/A,N/A,N/A,N/A,N/A,-1,0,-100,-100,-100,-100,-100,-100,-100
worldwideanonymousmessaging,N/A,06 Sep 2017,N/A,N/A,N/A,N/A,N/A,N/A,N/A,N/A,N/A,N/A,N/A,N/A,N/A,-1,0,-100,-100,-100,-100,-100,-100,-100
indorse,N/A,06 Sep 2017,N/A,N/A,N/A,N/A,N/A,N/A,N/A,N/A,N/A,N/A,N/A,N/A,N/A,-1,0,-100,-100,-100,-100,-100,-100,-100
finshicapital,N/A,31 Aug 2017,N/A,N/A,N/A,N/A,N/A,N/A,N/A,N/A,N/A,N/A,N/A,N/A,N/A,-1,0,-100,-100,-100,-100,-100,-100,-100
moeda,N/A,31 Aug 2017,N/A,N/A,N/A,N/A,N/A,N/A,N/A,N/A,N/A,N/A,N/A,N/A,N/A,-1,0,-100,-100,-100,-100,-100,-100,-100
xplay,N/A,30 Aug 2017,N/A,N/A,N/A,N/A,N/A,N/A,N/A,N/A,N/A,N/A,N/A,N/A,N/A,-1,0,-100,-100,-100,-100,-100,-100,-100
paquarium,N/A,24 Aug 2017,N/A,N/A,N/A,N/A,N/A,N/A,N/A,N/A,N/A,N/A,N/A,N/A,N/A,-1,0,-100,-100,-100,-100,-100,-100,-100
monsterbyte,N/A,04 Aug 2017,N/A,N/A,N/A,N/A,N/A,N/A,N/A,N/A,N/A,N/A,N/A,N/A,N/A,-1,0,-100,-100,-100,-100,-100,-100,-100
coindash,N/A,04 Aug 2017,N/A,N/A,N/A,N/A,N/A,N/A,N/A,N/A,N/A,N/A,N/A,N/A,N/A,-1,0,-100,-100,-100,-100,-100,-100,-100
district0xnetwork,N/A,01 Aug 2017,N/A,N/A,N/A,N/A,N/A,N/A,N/A,N/A,N/A,N/A,N/A,N/A,N/A,-1,0,-100,-100,-100,-100,-100,-100,-100
11.97,N/A,31 Jul 2017,N/A,N/A,N/A,N/A,N/A,N/A,N/A,N/A,N/A,N/A,N/A,N/A,N/A,-1,0,-100,-100,-100,-100,-100,-100,-100
rootproject,N/A,28 Jul 2017,N/A,N/A,N/A,N/A,N/A,N/A,N/A,N/A,N/A,N/A,N/A,N/A,N/A,-1,0,-100,-100,-100,-100,-100,-100,-100
geofounders,N/A,26 Jul 2017,N/A,N/A,N/A,N/A,N/A,N/A,N/A,N/A,N/A,N/A,N/A,N/A,N/A,-1,0,-100,-100,-100,-100,-100,-100,-100
primalbase,N/A,26 Jul 2017,N/A,N/A,N/A,N/A,N/A,N/A,N/A,N/A,N/A,N/A,N/A,N/A,N/A,-1,0,-100,-100,-100,-100,-100,-100,-100
eros,N/A,23 Jul 2017,N/A,N/A,N/A,N/A,N/A,N/A,N/A,N/A,N/A,N/A,N/A,N/A,N/A,-1,0,-100,-100,-100,-100,-100,-100,-100
gilgam,N/A,20 Jul 2017,N/A,N/A,N/A,N/A,N/A,N/A,N/A,N/A,N/A,N/A,N/A,N/A,N/A,-1,0,-100,-100,-100,-100,-100,-100,-100
gilgam.es,N/A,20 Jul 2017,N/A,N/A,N/A,N/A,N/A,N/A,N/A,N/A,N/A,N/A,N/A,N/A,N/A,-1,0,-100,-100,-100,-100,-100,-100,-100
coindash,N/A,17 Jul 2017,N/A,N/A,N/A,N/A,N/A,N/A,N/A,N/A,N/A,N/A,N/A,N/A,N/A,-1,0,-100,-100,-100,-100,-100,-100,-100
sumerchain,N/A,17 Jul 2017,N/A,N/A,N/A,N/A,N/A,N/A,N/A,N/A,N/A,N/A,N/A,N/A,N/A,-1,0,-100,-100,-100,-100,-100,-100,-100
bitquence,N/A,16 Jul 2017,N/A,N/A,N/A,N/A,N/A,N/A,N/A,N/A,N/A,N/A,N/A,N/A,N/A,-1,0,-100,-100,-100,-100,-100,-100,-100
orocrypt,N/A,14 Jul 2017,N/A,N/A,N/A,N/A,N/A,N/A,N/A,N/A,N/A,N/A,N/A,N/A,N/A,-1,0,-100,-100,-100,-100,-100,-100,-100
fuck,N/A,13 Jul 2017,N/A,N/A,N/A,N/A,N/A,N/A,N/A,N/A,N/A,N/A,N/A,N/A,N/A,-1,0,-100,-100,-100,-100,-100,-100,-100
tezos,N/A,13 Jul 2017,N/A,N/A,N/A,N/A,N/A,N/A,N/A,N/A,N/A,N/A,N/A,N/A,N/A,-1,0,-100,-100,-100,-100,-100,-100,-100
insurex,N/A,13 Jul 2017,N/A,N/A,N/A,N/A,N/A,N/A,N/A,N/A,N/A,N/A,N/A,N/A,N/A,-1,0,-100,-100,-100,-100,-100,-100,-100
nimiq,N/A,12 Jul 2017,N/A,N/A,N/A,N/A,N/A,N/A,N/A,N/A,N/A,N/A,N/A,N/A,N/A,-1,0,-100,-100,-100,-100,-100,-100,-100
leviarcoin,N/A,09 Jul 2017,N/A,N/A,N/A,N/A,N/A,N/A,N/A,N/A,N/A,N/A,N/A,N/A,N/A,-1,0,-100,-100,-100,-100,-100,-100,-100
onplace,N/A,06 Jul 2017,N/A,N/A,N/A,N/A,N/A,N/A,N/A,N/A,N/A,N/A,N/A,N/A,N/A,-1,0,-100,-100,-100,-100,-100,-100,-100
santiment,N/A,05 Jul 2017,N/A,N/A,N/A,N/A,N/A,N/A,N/A,N/A,N/A,N/A,N/A,N/A,N/A,-1,0,-100,-100,-100,-100,-100,-100,-100
openanx,N/A,04 Jul 2017,N/A,N/A,N/A,N/A,N/A,N/A,N/A,N/A,N/A,N/A,N/A,N/A,N/A,-1,0,-100,-100,-100,-100,-100,-100,-100
crypviser,N/A,04 Jul 2017,N/A,N/A,N/A,N/A,N/A,N/A,N/A,N/A,N/A,N/A,N/A,N/A,N/A,-1,0,-100,-100,-100,-100,-100,-100,-100
rialto.ai,N/A,03 Jul 2017,N/A,N/A,N/A,N/A,N/A,N/A,N/A,N/A,N/A,N/A,N/A,N/A,N/A,-1,0,-100,-100,-100,-100,-100,-100,-100
encryptotel,N/A,01 Jul 2017,N/A,N/A,N/A,N/A,N/A,N/A,N/A,N/A,N/A,N/A,N/A,N/A,N/A,-1,0,-100,-100,-100,-100,-100,-100,-100
dcorp,N/A,29 Jun 2017,N/A,N/A,N/A,N/A,N/A,N/A,N/A,N/A,N/A,N/A,3,N/A,N/A,-1,0,-100,-100,-100,-100,-100,-100,-100
air,N/A,29 Jun 2017,N/A,N/A,N/A,N/A,N/A,N/A,N/A,N/A,N/A,N/A,N/A,N/A,N/A,-1,0,-100,-100,-100,-100,-100,-100,-100
21million,N/A,28 Jun 2017,N/A,N/A,N/A,N/A,N/A,N/A,N/A,N/A,N/A,N/A,N/A,N/A,N/A,-1,0,-100,-100,-100,-100,-100,-100,-100
silvercoin,N/A,27 Jun 2017,N/A,N/A,N/A,N/A,N/A,N/A,N/A,N/A,N/A,N/A,N/A,N/A,N/A,-1,0,-100,-100,-100,-100,-100,-100,-100
idice,N/A,26 Jun 2017,N/A,N/A,N/A,N/A,N/A,N/A,N/A,N/A,N/A,N/A,N/A,N/A,N/A,-1,0,-100,-100,-100,-100,-100,-100,-100
nvo,N/A,25 Jun 2017,N/A,N/A,N/A,N/A,N/A,N/A,N/A,N/A,N/A,N/A,N/A,N/A,N/A,-1,0,-100,-100,-100,-100,-100,-100,-100
masknetwork,N/A,24 Jun 2017,N/A,N/A,N/A,N/A,N/A,N/A,N/A,N/A,N/A,N/A,N/A,N/A,N/A,-1,0,-100,-100,-100,-100,-100,-100,-100
footballcoin,N/A,23 Jun 2017,N/A,N/A,N/A,N/A,N/A,N/A,N/A,N/A,N/A,N/A,N/A,N/A,N/A,-1,0,-100,-100,-100,-100,-100,-100,-100
internetofcoins,N/A,21 Jun 2017,N/A,N/A,N/A,N/A,N/A,N/A,N/A,N/A,N/A,N/A,N/A,N/A,N/A,-1,0,-100,-100,-100,-100,-100,-100,-100
bidlend,N/A,14 Jun 2017,N/A,N/A,N/A,N/A,N/A,N/A,N/A,N/A,N/A,N/A,N/A,N/A,N/A,-1,0,-100,-100,-100,-100,-100,-100,-100
superdao,N/A,13 Jun 2017,N/A,N/A,N/A,N/A,N/A,N/A,N/A,N/A,N/A,N/A,N/A,N/A,N/A,-1,0,-100,-100,-100,-100,-100,-100,-100
aira,N/A,11 Jun 2017,N/A,N/A,N/A,N/A,N/A,N/A,N/A,N/A,N/A,N/A,N/A,N/A,N/A,-1,0,-100,-100,-100,-100,-100,-100,-100
embermine,N/A,02 Jun 2017,N/A,N/A,N/A,N/A,N/A,N/A,N/A,N/A,N/A,N/A,N/A,N/A,N/A,-1,0,-100,-100,-100,-100,-100,-100,-100
adel,N/A,01 Jun 2017,N/A,N/A,N/A,N/A,N/A,N/A,N/A,N/A,N/A,N/A,N/A,N/A,N/A,-1,0,-100,-100,-100,-100,-100,-100,-100
basicattentiontoken,N/A,31 May 2017,N/A,N/A,N/A,N/A,N/A,N/A,N/A,N/A,N/A,N/A,N/A,N/A,N/A,-1,0,-100,-100,-100,-100,-100,-100,-100
exscudo,N/A,31 May 2017,N/A,N/A,N/A,N/A,N/A,N/A,N/A,N/A,N/A,N/A,N/A,N/A,N/A,-1,0,-100,-100,-100,-100,-100,-100,-100
mysteriumnetwork,N/A,30 May 2017,N/A,N/A,N/A,N/A,N/A,N/A,N/A,N/A,N/A,N/A,N/A,N/A,N/A,-1,0,-100,-100,-100,-100,-100,-100,-100
e4row,N/A,22 May 2017,N/A,N/A,N/A,N/A,N/A,N/A,N/A,N/A,N/A,N/A,N/A,N/A,N/A,-1,0,-100,-100,-100,-100,-100,-100,-100
vivacoin,N/A,21 May 2017,N/A,N/A,N/A,N/A,N/A,N/A,N/A,N/A,N/A,N/A,N/A,N/A,N/A,-1,0,-100,-100,-100,-100,-100,-100,-100
bitcoingrowthfund,N/A,17 May 2017,N/A,N/A,N/A,N/A,N/A,N/A,N/A,N/A,N/A,N/A,N/A,N/A,N/A,-1,0,-100,-100,-100,-100,-100,-100,-100
legendsroom,N/A,15 May 2017,N/A,N/A,N/A,N/A,N/A,N/A,N/A,N/A,N/A,N/A,N/A,N/A,N/A,-1,0,-100,-100,-100,-100,-100,-100,-100
nexxus,N/A,08 May 2017,N/A,N/A,N/A,N/A,N/A,N/A,N/A,N/A,N/A,N/A,N/A,N/A,N/A,-1,0,-100,-100,-100,-100,-100,-100,-100
quantumresistantledger,N/A,07 May 2017,N/A,N/A,N/A,N/A,N/A,N/A,N/A,N/A,N/A,N/A,N/A,N/A,N/A,-1,0,-100,-100,-100,-100,-100,-100,-100
creativechain,N/A,01 May 2017,N/A,N/A,N/A,N/A,N/A,N/A,N/A,N/A,N/A,N/A,N/A,N/A,N/A,-1,0,-100,-100,-100,-100,-100,-100,-100
apptrade,N/A,30 Apr 2017,N/A,N/A,N/A,N/A,N/A,N/A,N/A,N/A,N/A,N/A,N/A,N/A,N/A,-1,0,-100,-100,-100,-100,-100,-100,-100
backtoearth,N/A,28 Apr 2017,N/A,N/A,N/A,N/A,N/A,N/A,N/A,N/A,N/A,N/A,N/A,N/A,N/A,-1,0,-100,-100,-100,-100,-100,-100,-100
iex.ec,N/A,19 Apr 2017,N/A,N/A,N/A,N/A,N/A,N/A,N/A,N/A,N/A,N/A,N/A,N/A,N/A,-1,0,-100,-100,-100,-100,-100,-100,-100
blockchaincapital,N/A,10 Apr 2017,N/A,N/A,N/A,N/A,N/A,N/A,N/A,N/A,N/A,N/A,N/A,N/A,N/A,-1,0,-100,-100,-100,-100,-100,-100,-100
cosmosnetwork,N/A,06 Apr 2017,N/A,N/A,N/A,N/A,N/A,N/A,N/A,N/A,N/A,N/A,N/A,N/A,N/A,-1,0,-100,-100,-100,-100,-100,-100,-100
cosmos,N/A,05 Apr 2017,N/A,N/A,N/A,N/A,N/A,N/A,N/A,N/A,N/A,N/A,N/A,N/A,N/A,-1,0,-100,-100,-100,-100,-100,-100,-100
equibit,N/A,31 Mar 2017,N/A,N/A,N/A,N/A,N/A,N/A,N/A,N/A,N/A,N/A,N/A,N/A,N/A,-1,0,-100,-100,-100,-100,-100,-100,-100
chainofpoints,N/A,31 Mar 2017,N/A,N/A,N/A,N/A,N/A,N/A,N/A,N/A,N/A,N/A,N/A,N/A,N/A,-1,0,-100,-100,-100,-100,-100,-100,-100
cashscripter,N/A,30 Mar 2017,N/A,N/A,N/A,N/A,N/A,N/A,N/A,N/A,N/A,N/A,N/A,N/A,N/A,-1,0,-100,-100,-100,-100,-100,-100,-100
augmentors,N/A,28 Feb 2017,N/A,N/A,N/A,N/A,N/A,N/A,N/A,N/A,N/A,N/A,N/A,N/A,N/A,-1,0,-100,-100,-100,-100,-100,-100,-100
lykke(2ndround),N/A,27 Feb 2017,N/A,N/A,N/A,N/A,N/A,N/A,N/A,N/A,N/A,N/A,N/A,N/A,N/A,-1,0,-100,-100,-100,-100,-100,-100,-100
contingency,N/A,27 Feb 2017,N/A,N/A,N/A,N/A,N/A,N/A,N/A,N/A,N/A,N/A,N/A,N/A,N/A,-1,0,-100,-100,-100,-100,-100,-100,-100
dfinity,N/A,13 Feb 2017,N/A,N/A,N/A,N/A,N/A,N/A,N/A,N/A,N/A,N/A,N/A,N/A,N/A,-1,0,-100,-100,-100,-100,-100,-100,-100
betking,N/A,31 Dec 2016,N/A,N/A,N/A,N/A,N/A,N/A,N/A,N/A,N/A,N/A,N/A,N/A,N/A,-1,0,-100,-100,-100,-100,-100,-100,-100
ether.camp,N/A,22 Dec 2016,N/A,N/A,N/A,N/A,N/A,N/A,N/A,N/A,N/A,N/A,N/A,N/A,N/A,-1,0,-100,-100,-100,-100,-100,-100,-100
virtualaccelerator,N/A,21 Dec 2016,N/A,N/A,N/A,N/A,N/A,N/A,N/A,N/A,N/A,N/A,N/A,N/A,N/A,-1,0,-100,-100,-100,-100,-100,-100,-100
mysterium(1stround),N/A,18 Dec 2016,N/A,N/A,N/A,N/A,N/A,N/A,N/A,N/A,N/A,N/A,N/A,N/A,N/A,-1,0,-100,-100,-100,-100,-100,-100,-100
vdice,N/A,15 Dec 2016,N/A,N/A,N/A,N/A,N/A,N/A,N/A,N/A,N/A,N/A,N/A,N/A,N/A,-1,0,-100,-100,-100,-100,-100,-100,-100
beyondthevoid,N/A,30 Nov 2016,N/A,N/A,N/A,N/A,N/A,N/A,N/A,N/A,N/A,N/A,N/A,N/A,N/A,-1,0,-100,-100,-100,-100,-100,-100,-100
massnetwork,N/A,30 Nov 2016,N/A,N/A,N/A,N/A,N/A,N/A,N/A,N/A,N/A,N/A,N/A,N/A,N/A,-1,0,-100,-100,-100,-100,-100,-100,-100
arcadecity,N/A,29 Nov 2016,N/A,N/A,N/A,N/A,N/A,N/A,N/A,N/A,N/A,N/A,N/A,N/A,N/A,-1,0,-100,-100,-100,-100,-100,-100,-100
etcwin,N/A,23 Nov 2016,N/A,N/A,N/A,N/A,N/A,N/A,N/A,N/A,N/A,N/A,N/A,N/A,N/A,-1,0,-100,-100,-100,-100,-100,-100,-100
kibolotto,N/A,09 Nov 2016,N/A,N/A,N/A,N/A,N/A,N/A,N/A,N/A,N/A,N/A,N/A,N/A,N/A,-1,0,-100,-100,-100,-100,-100,-100,-100
lykke(1stround),N/A,09 Oct 2016,N/A,N/A,N/A,N/A,N/A,N/A,N/A,N/A,N/A,N/A,N/A,N/A,N/A,-1,0,-100,-100,-100,-100,-100,-100,-100
antshares,N/A,07 Sep 2016,N/A,N/A,N/A,N/A,N/A,N/A,N/A,N/A,N/A,N/A,N/A,N/A,N/A,-1,0,-100,-100,-100,-100,-100,-100,-100
metaverse,N/A,05 Sep 2016,N/A,N/A,N/A,N/A,N/A,N/A,N/A,N/A,N/A,N/A,N/A,N/A,N/A,-1,0,-100,-100,-100,-100,-100,-100,-100
icoo,N/A,30 Jul 2016,N/A,N/A,N/A,N/A,N/A,N/A,N/A,N/A,N/A,N/A,N/A,N/A,N/A,-1,0,-100,-100,-100,-100,-100,-100,-100
breakoutcoin,N/A,07 Jul 2016,N/A,N/A,N/A,N/A,N/A,N/A,N/A,N/A,N/A,N/A,N/A,N/A,N/A,-1,0,-100,-100,-100,-100,-100,-100,-100
plutus,N/A,01 Jun 2016,N/A,N/A,N/A,N/A,N/A,N/A,N/A,N/A,N/A,N/A,N/A,N/A,N/A,-1,0,-100,-100,-100,-100,-100,-100,-100
mycelium(2ndround),N/A,17 May 2016,N/A,N/A,N/A,N/A,N/A,N/A,N/A,N/A,N/A,N/A,N/A,N/A,N/A,-1,0,-100,-100,-100,-100,-100,-100,-100
thedao,N/A,01 May 2016,N/A,N/A,N/A,N/A,N/A,N/A,N/A,N/A,N/A,N/A,N/A,N/A,N/A,-1,0,-100,-100,-100,-100,-100,-100,-100
projectdecorum,N/A,01 May 2016,N/A,N/A,N/A,N/A,N/A,N/A,N/A,N/A,N/A,N/A,N/A,N/A,N/A,-1,0,-100,-100,-100,-100,-100,-100,-100
ionomy,N/A,01 Apr 2016,N/A,N/A,N/A,N/A,N/A,N/A,N/A,N/A,N/A,N/A,N/A,N/A,N/A,-1,0,-100,-100,-100,-100,-100,-100,-100
digixglobal,N/A,29 Mar 2016,N/A,N/A,N/A,N/A,N/A,N/A,N/A,N/A,N/A,N/A,N/A,N/A,N/A,-1,0,-100,-100,-100,-100,-100,-100,-100
spellsofgenesis,N/A,01 Sep 2015,N/A,N/A,N/A,N/A,N/A,N/A,N/A,N/A,N/A,N/A,N/A,N/A,N/A,-1,0,-100,-100,-100,-100,-100,-100,-100
neucoin,N/A,30 Apr 2015,N/A,N/A,N/A,N/A,N/A,N/A,N/A,N/A,N/A,N/A,N/A,N/A,N/A,-1,0,-100,-100,-100,-100,-100,-100,-100
dacplay,N/A,21 Feb 2015,N/A,N/A,N/A,N/A,N/A,N/A,N/A,N/A,N/A,N/A,N/A,N/A,N/A,-1,0,-100,-100,-100,-100,-100,-100,-100
getgems,N/A,04 Jan 2015,N/A,N/A,N/A,N/A,N/A,N/A,N/A,N/A,N/A,N/A,N/A,N/A,N/A,-1,0,-100,-100,-100,-100,-100,-100,-100
storjcoinx,N/A,17 Aug 2014,N/A,N/A,N/A,N/A,N/A,N/A,N/A,N/A,N/A,N/A,N/A,N/A,N/A,-1,0,-100,-100,-100,-100,-100,-100,-100