coin,start,end,duration,age,region,industry,team,raised,hardcap,success,price,telegram,N_google_news,N_twitter,ret_ico_to_day_one,vol_day1,sharpe_1,sharpe_3,sharpe_yr,sharpe_yr2,beta_btc,beta_top10,alpha_btc
eos,11 Jun 2017,26 Jun 2017,15,342,1,blockchain,4,185000000,N/A,N/A,0.99,57364,2,N/A,0.02,13613000,0.19,0.09,1.35,1.32,0.076,1.315,0.015
iota,24 Nov 2017,20 Dec 2017,26,165,12,saas,N/A,N/A,N/A,N/A,N/A,2,3,N/A,0,25425600,-0.2,0.12,1.83,1.76,0.069,-0.201,0.008
tron,07 Sep 2017,08 Sep 2017,1,268,12,other,1,58098000,N/A,N/A,0.002,396,1,N/A,-0.006,48512,0.15,0.09,1.5,1.46,-0.072,2.193,0.026
neo,8 Aug 2017,7 Sep 2017,30,269,3,blockchain,16,28056944,N/A,N/A,0.03,4,2,319099,17.616,1349,0.12,0.08,1.33,1.3,0.04,-0.67,0.017
qtum,12 Mar 2017,17 Mar 2017,5,443,7,blockchain,18,15000000,N/A,1,0.3,14088,1,164320,19.633,11221600,0.23,0.06,0.98,0.93,0.072,0.616,0.008
omisego,23 Jun 2017,23 Jul 2017,30,315,7,fintech,5,25000000,25000000,1,0.23,N/A,1,276319,1.533,750698,0.37,0.31,4.86,4.82,-0.059,-1.107,0.016
icon,22 Sep 2017,22 Sep 2017,0,254,8,transportation,41,45000000,N/A,1,0.11,21040,1,102908,3.519,71509,0.34,0.32,5.1,5.05,-0.086,-1.847,0.017
zilliqa,27 Dec 2017,04 Jan 2018,8,150,12,other,N/A,2000000,N/A,N/A,0.008,30189,2,N/A,16.005,4921770,-0.37,-0.14,-2.21,-2.21,-0.356,-0.5,0.003
aeternity,29 May 2017,19 Jun 2017,21,349,5,saas,15,24426689,N/A,N/A,0.28,N/A,1,277,1.484,1518,0.39,0.09,1.42,1.42,0.027,0.393,0.017
0x,15 Aug 2017,15 Sep 2017,31,261,1,saas,6,24000000,N/A,N/A,0.07,N/A,4,44155,2.206,5232600,0.23,0.12,1.97,1.97,-0.256,-1.107,0.016
bytom,20 Jun 2017,20 Jul 2017,30,318,3,saas,5,22554000,N/A,N/A,0.05,N/A,1,17847,1.256,7543670,0.18,0.05,0.77,0.77,-0.084,-1.893,0.013
golem,13 Nov 2016,13 Nov 2016,0,567,5,saas,15,8000000,N/A,1,0.01,313,1,138560,79.101,106960000,-0.55,-4.34,-8.68,-8.68,0.459,1.261,-0.005
wanchain,01 Oct 2017,01 Nov 2017,31,214,12,blockchain,6,35658000,N/A,N/A,0.34,N/A,1,N/A,11.382,189439000,0.18,0.06,0.96,1.08,-0.584,-5.477,0.004
populous,24 Jul 2017,24 Jul 2017,0,314,4,fintech,5,10220400,991001144,0.01,0.25,N/A,1,22920,12.32,2704070,0.2,0.11,1.69,1.75,-0.059,-4.818,0.012
augur,17 Aug 2015,1 Oct 2015,45,976,1,saas,13,5000000,N/A,0.8,0.6,N/A,1,434,1.45,728,0.09,0.14,2.18,2.34,0.027,-0.625,0.009
status,20 Jun 2017,20 Jun 2017,0,348,6,saas,12,10000000,N/A,N/A,0.04,N/A,3,101269,0.404,13747700,-0.21,0.04,0.66,0.72,0.158,-0.5,0.008
nebulas,8 Dec 2017,16 Dec 2017,8,171,1,saas,19,60000000,60000000,1,2,12052,1,22523,1.17,995797,-0.17,0.17,2.64,2.6,-0.137,-2.248,0.012
aion,24 Nov 2017,24 Dec 2017,30,161,12,blockchain,N/A,N/A,N/A,N/A,N/A,11280,0,N/A,0,20958,0.12,0.22,3.46,3.5,-0.134,-5.023,0.018
loopring,1 Aug 2017,16 Aug 2017,15,291,3,saas,3,45000000,N/A,1,0.06,N/A,1,30634,0.747,200829,-0.05,0.12,1.93,1.99,-0.144,-0.034,0.015
digixdao,29 Mar 2016,30 Mar 2016,1,795,7,saas,N/A,55000004,N/A,N/A,4.2,N/A,1,15136,6.543,1900,-0.05,-0.01,-0.14,-0.07,0.031,-1.943,0.006
komodo,15 Oct 2016,16 Nov 2016,32,564,12,saas,N/A,1983781,N/A,N/A,0.38,N/A,1,88942,-0.708,22487,0.02,0.12,1.88,1.89,-0.003,-2.898,0.022
ark,05 Nov 2016,09 Dec 2016,34,541,12,blockchain,N/A,22000000,N/A,N/A,0.1,43,1,N/A,-0.657,133793,0.32,0.26,4.19,4.25,-0.167,-2.057,0.017
cybermiles,21 Nov 2017,21 Dec 2017,30,164,1,saas,9,30000000,36680000,0.82,0.052,69079,5,237173,2.473,12580000,-0.09,0.01,0.22,0.28,-0.015,-4.886,0.007
bancor,12 Jun 2017,12 Jun 2017,0,356,12,saas,6,15300000,N/A,N/A,3.92,6617,10,814,4.097,16871,-0.16,-0.07,-1.04,-0.97,-0.003,-1.42,0.001
dentacoin,1 Oct 2017,1 Nov 2017,31,214,5,insurance services,19,2100000,N/A,N/A,0,N/A,6,110,0,228296,0.04,0.06,0.94,0.98,-0.189,-1.091,0.025
elastos,01 Jan 2018,22 Jan 2018,21,132,12,blockchain,N/A,57891000,N/A,N/A,N/A,17174,2,N/A,0,33745700,0.19,-0.02,-0.34,-0.24,-0.434,1.807,0.004
kyber-network,15 Sep 2017,17 Sep 2017,2,259,7,other,7,N/A,N/A,N/A,N/A,N/A,1,N/A,0,16343900,-0.15,-0.08,-1.21,-1.06,-0.127,-2.386,0.004
cryptonex,01 Sep 2017,30 Sep 2017,29,246,12,other,N/A,N/A,N/A,N/A,N/A,2314,0,N/A,0,79554,-0.03,0.12,1.88,1.95,-0.224,-0.466,0.009
veritaseum,25 Apr 2017,26 May 2017,31,373,1,blockchain,2,6480882,N/A,N/A,12,1818,1,23266,3.047,450758,0.22,0.13,2.02,2.02,-261.85,-1.909,192.568
fusion,1 Feb 2018,10 Feb 2018,9,113,7,fintech,20,108394802,N/A,N/A,2.06,10865,4,7719,0.592,1440790,-0.04,0.12,1.87,1.98,-0.209,-4.5,0.011
substratum,14 Aug 2017,14 Sep 2017,31,262,1,blockchain,6,13800000,N/A,N/A,0.07,62,2,1159,-0.333,41819,0.29,0.28,4.47,4.54,-0.246,-4.216,0.017
theta-token,07 Jan 2018,07 Jan 2018,0,147,12,telecommunications,N/A,20000000,N/A,N/A,0.15,13256,1,N/A,0.222,10023000,0.05,0.06,0.99,1.07,-0.116,7.364,0.01
dragonchain,2 Oct 2017,2 Nov 2017,31,213,1,saas,8,13700000,16689535.8,0.82,0.07,N/A,8,73929,2.853,1142060,0.37,0.26,4.08,4.14,0.111,-3.545,0.013
kin,12 Sep 2017,26 Sep 2017,14,250,1,saas,7,98000000,N/A,N/A,0,N/A,1,24638,0,372049,-0.08,-0.01,-0.17,-0.07,-0.144,-2.341,0.012
electroneum,14 Sep 2017,20 Oct 2017,36,226,4,blockchain,15,40000000,40000000,1,0.01,49435,1,124009,6.736,2464330,-0.13,0.08,1.26,1.31,0.093,-3.148,0.002
storm,07 Nov 2017,07 Dec 2017,30,178,1,fintech,8,32000000,N/A,N/A,0.0113,5,1,26733,0.43,330757,0.68,0.15,2.39,2.45,-0.238,-2.193,0.018
bnktothefuture,16 Feb 2018,16 Mar 2018,28,79,12,fintech,10,33000000,N/A,N/A,0.1,N/A,4,N/A,-0.22,40890,0.31,0.2,3.11,3.21,0.017,0.568,0.02
holo,29 Mar 2018,28 Apr 2018,30,36,7,telecommunications,8,15000000,5000,1,0,N/A,4,4838,0,5764530,0.26,2.05,4.1,4.17,0.632,1.511,0.02
dropil,7 Feb 2018,7 Mar 2018,28,88,1,fintech,6,60000000,31679999.999999996,1,0.00317,726,1,6725,0.985,78904,-0.05,0.06,0.99,1.1,0.037,1.091,0.006
gifto,14 Dec 2017,14 Dec 2017,0,171,3,entertainment,13,30000000,30000000,1,0.1,55887,4,16569,2.489,44959800,0.32,0.12,1.93,1.98,-0.068,-4.466,0.007
iexec-rlc,17 Apr 2017,10 May 2017,23,389,12,other,8,12000000,N/A,N/A,0.178,N/A,1,N/A,0,N/A,N/A,N/A,N/A,N/A,N/A,N/A,N/A
power-ledger,8 Sep 2017,6 Oct 2017,28,240,9,energy,17,13232290,N/A,N/A,0.09,16590,3,917,-0.381,1017460,0.51,0.32,5.09,5.14,0.057,-2.045,0.016
salt,01 Aug 2017,15 Aug 2017,14,292,12,other,N/A,N/A,N/A,N/A,N/A,791,1,N/A,0,4174650,-0.17,0,0.08,0.16,-0.081,-3.602,0.001
deepbrain-chain,15 Dec 2017,15 Dec 2017,0,170,12,other,N/A,N/A,N/A,N/A,N/A,12825,1,N/A,0,18387700,0.29,0.09,1.36,1.42,-0.284,1.057,0.008
monaco,18 May 2017,18 Jun 2017,31,350,6,fintech,4,26700000,N/A,0.1,2.88,7401,4,64606,-0.142,1549870,-0.1,0.2,3.1,3.14,0.047,-1.75,0.014
storj,19 May 2017,25 May 2017,6,374,1,saas,15,30000000,N/A,1,0.5,N/A,1,83040,0.097,211542,0.08,0.11,1.71,1.76,-0.012,-0.42,0.009
civic,21 Jun 2017,22 Jun 2017,1,346,1,saas,2,33000000,33000000,1,0.1,8910,6,86563,0.767,9750800,0.18,0.14,2.26,2.33,-0.244,-1.761,0.009
decentraland,8 Aug 2017,8 Aug 2017,0,299,10,entertainment,13,24000000,600000,1,0.02,N/A,1,3,0.237,688849,-0.21,-0.01,-0.19,-0.12,-0.12,-1.466,0.015
quantstamp,17 Nov 2017,16 Dec 2017,29,169,1,fintech,10,30000000,30000000,1,0.07,24147,1,N/A,0.304,28481900,0.18,0.23,3.59,3.64,-0.322,-1.443,0.013
neblio,6 Aug 2017,20 Aug 2017,14,287,1,fintech,2,14834923,N/A,0.07,0.2,N/A,1,N/A,2.146,257746,0.2,0.24,3.77,3.83,-0.109,0.523,0.022
nexo,17 Mar 2018,15 Apr 2018,29,49,6,fintech,18,52500000,52500000,1,0.1,64045,1,N/A,0.85,3226150,0.04,0.34,0.68,0.76,-0.704,0.716,0.002
request-network,13 Oct 2017,17 Oct 2017,4,229,5,fintech,7,32895000,N/A,N/A,0.06,13882,1,765,0.013,5914220,0.13,0.27,4.23,4.31,-0.187,-2.239,0.011
tenx,24 Jun 2017,24 Jun 2017,0,344,7,fintech,10,80000000,N/A,N/A,0.87,116,3,1718,53.943,303595,0.05,0.16,2.47,2.51,-0.135,-0.193,0.007
singularitynet,19 Dec 2017,19 Dec 2017,0,166,6,saas,9,36000000,N/A,N/A,0.1,15621,2,16561,14.2,17465100,0.09,0,0.08,0.12,-0.129,-9.227,0.003
iconomi,25 Aug 2016,29 Sep 2016,35,612,5,saas,26,10000000,N/A,0.85,0.11,N/A,2,918,1.433,14652,0.13,0.1,1.6,1.65,-0.096,-0.307,0.01
dent,12 Jul 2017,26 Jul 2017,14,312,3,telecommunications,8,43000000,N/A,0.14,0,8123,1,35843,0,71565,0.16,0.1,1.65,1.69,-0.168,-3.159,0.03
bottos,31 Dec 2017,30 Jan 2018,30,124,12,other,N/A,N/A,N/A,N/A,0.1,N/A,1,N/A,2.296,18592600,-0.1,-0.12,-1.97,-1.88,-0.16,-2.932,0.002
time-new-bank,18 Nov 2017,23 Nov 2017,5,192,7,saas,10,8000000,N/A,N/A,0.02,26383,0,14820,0.761,10625600,0.34,0.2,3.17,3.22,-0.147,-0.818,0.009
cindicator,12 Sep 2017,12 Oct 2017,30,234,2,blockchain,12,15000000,15000000,1,0.01,7954,5,38894,1.258,971989,-0.44,0.06,0.89,0.98,-0.143,-1.943,0.014
arcblock,3 Feb 2018,3 Feb 2018,0,120,1,blockchain,4,11000000,N/A,N/A,0.5,38378,5,32764,1.54,94865600,-0.38,0.07,1.09,1.23,-0.066,-1.091,0.001
revain,21 Aug 2017,4 Sep 2017,14,272,2,saas,11,12513346,400,1,0.05,2358,1,6412,0.558,107140,0.26,0.38,6,6.08,0.09,0.045,0.014
lympo,17 Feb 2018,28 Feb 2018,11,95,5,entertainment,11,8366627,N/A,N/A,0.0217,13172,3,6438,-0.258,176692,0.26,0.21,3.41,3.49,-0.087,4.068,0.028
aragon,17 May 2017,17 May 2017,0,382,5,saas,2,25000000,N/A,N/A,0.74,N/A,1,6791,1.054,2745280,0.28,0.09,1.43,1.51,0.011,0.466,0.007
storiqa,28 Nov 2017,29 Jan 2018,62,125,3,saas,11,25000000,25000000,1,0,34291,1,12374,0,271889,-0.09,0.11,1.8,1.91,-0.044,10.989,0.021
particl,16 Mar 2017,12 Apr 2017,27,417,12,other,N/A,750000,N/A,N/A,1,N/A,1,N/A,5.95,983921,-0.06,0.08,1.26,1.36,-0.211,-1.409,0.007
enjin-coin,3 Oct 2017,31 Oct 2017,28,215,7,entertainment,8,23000000,N/A,N/A,0.03,N/A,1,N/A,-0.332,742008,0.02,0.28,4.4,4.47,-0.144,0.205,0.015
poa-network,17 Nov 2017,17 Nov 2017,0,198,1,saas,19,12500000,12500000,1,0.0724,10900,1,305,7.763,79376200,-0.34,0.06,0.99,1.08,-0.35,0.557,-0.001
gnosis,24 Apr 2017,24 Apr 2017,0,405,5,saas,10,12500000,N/A,1,29.85,N/A,2,68106,-1,22984,-0.01,-0.02,-0.32,-0.29,0.179,15.875,0.005
bluzelle,18 Jan 2018,2 Feb 2018,15,121,7,saas,10,19500000,19500000,1,0.12,23268,4,32480,4.648,41214300,0.11,0,-0.02,0.07,-0.652,-4.693,0.005
docademic,29 Jan 2018,15 Apr 2018,76,49,10,insurance services,13,1100000,N/A,N/A,0.017,7036,1,11481,0.388,716822,0.42,3.36,6.72,6.74,3.583,6.463,0.157
credits,15 Feb 2018,28 Feb 2018,13,95,7,saas,9,20000000,20000000,1,0.17,27429,6,18681,1.4,3014620,0.28,0.17,2.64,2.78,0.027,-3.364,0.013
smartmesh,29 Nov 2017,28 Dec 2017,29,157,7,saas,9,15000000,N/A,N/A,0.0167,21638,1,3735,0.868,1131310,0.39,0.15,2.32,2.41,0.05,1.322,0.013
sophiatx,7 Dec 2017,17 Dec 2017,10,168,6,saas,21,7300000,N/A,N/A,0.0716,5509,2,15637,5.361,2148170,0.35,0.08,1.19,1.31,-0.123,-1,0.005
sonm,15 Jun 2017,19 Jun 2017,4,349,2,saas,13,42000000,N/A,N/A,0.59,7965,9,274,-0.116,86186,-0.56,-0.1,-1.66,-1.54,-0.08,-3,0.005
ignis,5 Aug 2017,14 Oct 2017,70,232,5,other,3,21600000,60562000,0.3566592913047786,1.05,N/A,2,27024,1.2,18762,0.26,0.07,1.16,1.19,-1.219,-3.388,0.007
boscoin,09 May 2017,10 May 2017,1,389,12,blockchain,17,17920000,N/A,N/A,0.044,N/A,5,N/A,18.93,27934,0.19,0.19,3.05,3.15,-0.05,-4.719,0.002
metal,9 Jun 2017,9 Jun 2017,0,359,1,blockchain,7,N/A,N/A,1,0.18,201,0,32757,8.278,2843520,0.35,0.3,4.71,4.82,-0.237,0.033,0.01
thekey,15 Jan 2018,15 Jan 2018,0,139,3,other,14,22000000,22000000,1,0.0352,74243,2,29251,-0.186,9008350,0,-0.07,-1.09,-0.88,-0.278,-3.165,-0.002
ambrosus,22 Sep 2017,22 Oct 2017,30,226,6,insurance services,20,32507330,97800000,0.33,0.29,4222,5,16866,-0.45,35697,0.1,0.12,1.92,1.88,0.212,0.884,0.011
blockv,19 Oct 2017,25 Oct 2017,6,221,1,saas,18,21500000,40000000,0.54,0.42,3716,1,6389,-0.948,492028,0.34,0.23,3.6,3.7,-0.018,-3.372,0.01
genesis-vision,15 Oct 2017,15 Nov 2017,31,200,2,fintech,10,2836724,33000000,0.09,1,8047,8,19029,1.68,683667,0.39,0.27,4.32,4.42,-0.038,-3.05,0.019
origintrail,15 Jan 2018,17 Jan 2018,2,137,5,saas,11,22500000,22000000,1,0.1,10088,5,541,1.364,3901170,0.19,0.06,0.93,1.06,-0.181,-3.14,0.009
crypterium,31 Oct 2017,14 Jan 2018,75,140,5,fintech,15,51656963,21750,1,1.5,34071,10,16313,0.54,183715,-0.38,-0.05,-0.75,-0.75,-0.295,-11,-0.003
jibrel-network,27 Nov 2017,1 Jan 2018,35,153,6,blockchain,9,50000000,N/A,N/A,0.25,2174,5,6394,0.689,10089800,0.06,-0.1,-1.64,-1.64,-0.511,-4.5,0.003
cube,16 Feb 2018,15 Mar 2018,27,80,4,saas,12,N/A,N/A,N/A,N/A,1637,0,5956,0,6757530,-0.13,0,0.04,0.04,-0.125,-3.5,-0.004
apex,01 Jan 2018,28 Jan 2018,27,126,12,other,N/A,25000000,N/A,N/A,0.16,15931,1,N/A,0.055,9262900,0.4,3.21,6.42,6.42,-0.447,-7.5,-0.001
crypto20,16 Oct 2017,30 Nov 2017,45,187,1,fintech,6,37698373,75000000,0.5,1.1,N/A,1,9575,2.373,5672340,-0.21,-0.19,-3.06,-3.15,-0.093,-0.866,-0.006
pillar,15 Jul 2017,17 Jul 2017,2,321,4,saas,30,20000000,N/A,N/A,0.1,755,1,12581,-0.256,101274,0.24,0.07,1.03,1.03,-0.152,-5,0.011
tokenpay,7 Dec 2017,17 Jan 2018,41,137,7,blockchain,10,24243811,N/A,N/A,5.46,12,1,N/A,-0.626,1515520,0.43,3.43,6.86,6.86,-0.363,-8.5,0.03
ethlend,25 Nov 2017,30 Nov 2017,5,185,5,blockchain,25,16200000,N/A,N/A,0.02,N/A,4,45949,-0.069,728686,0.43,0.26,4.09,4.09,-0.297,-7.5,0.015
bread,16 Dec 2017,24 Dec 2017,8,161,6,blockchain,6,32000000,20000000,1,0.79,N/A,2,53939,1.392,56455400,0.23,-0.03,-0.47,-0.47,-0.063,-5.5,-0.002
telcoin,11 Dec 2017,30 Dec 2017,19,155,8,blockchain,19,25000000,25000000,1,0.001,20999,2,25009,5.031,842193,0.04,-0.05,-0.81,-0.81,-0.287,-8,-0.002
zebi,05 Mar 2018,31 Mar 2018,26,64,7,fintech,17,10000000,N/A,N/A,0.0333,15242,2,16269,2.483,5412550,0.14,1.11,2.22,2.22,-0.314,-7.5,0.002
red-pulse,8 Oct 2017,8 Oct 2017,0,238,3,fintech,11,15000000,N/A,N/A,0.03,6387,2,32651,0.849,5395350,-0.05,0.23,3.57,3.57,-0.243,-8.5,0.011
airswap,10 Oct 2017,10 Nov 2017,31,205,12,other,14,N/A,N/A,N/A,N/A,8009,3,N/A,0,3654270,-0.15,0.06,0.95,0.95,-0.067,-7,0.006
adex,30 Jun 2017,30 Jun 2017,0,338,2,fintech,16,10000000,N/A,1,0.24,4559,2,55918,3.5,6138100,-0.44,-3.48,-6.96,-6.96,-0.05,-6,-0.017
medibloc,27 Nov 2017,15 Dec 2017,18,170,7,saas,17,30000000,N/A,N/A,0.009,5566,2,10627,1.209,645796,0.53,0.13,1.99,1.99,-0.383,-5.5,0.009
paypie,15 Oct 2017,16 Oct 2017,1,230,1,saas,11,26000000,N/A,N/A,0.37,4231,1,7700,-0.02,256062,0.06,0.15,2.35,2.35,0.009,-25,0.013
babb,6 Feb 2018,6 Mar 2018,28,89,4,fintech,13,20000000,N/A,N/A,0,14279,2,10136,0,286765,-0.01,0.23,3.64,3.64,-0.369,-3.5,0.025
eidoo,4 Oct 2017,16 Oct 2017,12,230,6,saas,5,28000000,N/A,N/A,2.3,5410,3,25470,0.035,39128,-0.02,0.15,2.37,2.37,-0.163,-7.5,0.004
edgeless,28 Feb 2017,21 Mar 2017,21,439,12,saas,0,2000000,N/A,N/A,0.04,1253,1,39740,-0.23,18692,0.26,0.18,2.87,2.87,0.031,-5,0.015
banca,26 Feb 2018,26 Feb 2018,0,97,7,other,17,20000000,20000000,1,0.002,9028,1,7004,-0.655,856596,0.06,0.27,4.21,4.21,-0.722,-3,0.032
singulardtv,2 Oct 2016,2 Oct 2016,0,609,1,saas,0,7500000,N/A,N/A,0.02,288,1,36487,-0.067,165271,-0.14,-0.11,-1.72,-1.72,-0.098,-7,0.009
district0x,18 Jul 2017,1 Aug 2017,14,306,1,saas,8,9000000,N/A,N/A,0.02,N/A,1,58666,-0.22,30593,0.46,0.16,2.56,2.56,-0.163,-8,0.015
wings,18 Nov 2016,6 Jan 2017,49,513,6,saas,14,1706156,N/A,0.75,0.03,N/A,1,637,-0.287,1601,0.34,0.21,3.4,3.4,-0.019,-6,0.014
wepower,1 Feb 2018,2 Feb 2018,1,121,7,saas,20,40000000,40000000,1,0.13,51861,4,35743,0.35,782690,0,-0.04,-0.7,-0.7,-0.038,-1,-0.004
wabi,28 Nov 2017,1 Dec 2017,3,184,2,ecommerce,10,11500000,11500000,1,0.25,8429,2,34783,4.56,26744800,0.21,0.1,1.56,1.56,-0.176,-8,0.005
minexcoin,15 May 2017,13 Jun 2017,29,355,12,fintech,N/A,N/A,N/A,N/A,N/A,2984,2,N/A,0,17365,0.51,0.32,5.01,5.01,0.076,-1,0.017
ins-ecosystem,04 Dec 2017,25 Dec 2017,21,160,2,other,11,45253000,N/A,N/A,N/A,17599,1,N/A,0,373749,-0.06,-0.1,-1.55,-1.55,-0.259,-4.5,-0.006
odyssey,21 Jan 2018,22 Jan 2018,1,132,7,blockchain,21,50000000,N/A,N/A,0.0119,14190,1,840,1.093,12284200,0.09,0.01,0.2,0.2,-0.161,-17,0.009
appcoins,13 Dec 2017,20 Dec 2017,7,165,7,saas,18,15300000,15300000,1,0.1,11810,3,27212,34.3,124119000,-0.07,-0.12,-1.97,-1.97,-0.107,-1.5,-0.008
tokenomy,15 Jan 2018,5 Feb 2018,21,118,12,blockchain,17,22869000,N/A,N/A,0.18,2263,1,43,1.3,2372070,-0.57,-0.12,-1.94,-1.94,-0.022,-10,-0.003
tokencard,2 May 2017,2 May 2017,0,397,4,fintech,8,12782000,N/A,1,0.54,3,1,18781,0.926,416619,0.06,0.01,0.19,0.19,-0.104,-9,0.008
utrust,2 Nov 2017,20 Nov 2017,18,195,6,saas,26,20000000,21000000,0.95,0.07,4894,9,28163,1.993,3956620,0.34,0.08,1.25,1.25,-0.545,-5.5,0.002
tierion,27 Jul 2017,28 Jul 2017,1,310,1,saas,11,25000000,N/A,N/A,0.07,N/A,1,N/A,2.332,1142210,-0.11,-0.15,-2.38,-2.38,-0.242,-4,0.005
havven,28 Feb 2018,7 Mar 2018,7,88,9,blockchain,27,30000000,30000000,1,0.5,N/A,8,10789,-0.039,1203240,-0.09,0.12,1.92,1.92,-0.121,-9,0.006
wagerr,1 Jun 2017,25 Jun 2017,24,343,10,saas,6,10000000,N/A,N/A,0.06,N/A,1,17053,0.141,120805,0.14,0.12,1.87,1.87,-0.231,-1,0.011
legolas-exchange,1 Feb 2018,15 Feb 2018,14,108,5,blockchain,9,18856000,N/A,N/A,N/A,N/A,2,11645,0,682912,-0.21,-0.02,-0.3,-0.3,-0.226,-3,0.003
datx,11 Feb 2018,11 Mar 2018,28,84,7,other,9,N/A,N/A,N/A,0.0353,26236,1,47273,-0.22,612568,-0.28,0.09,1.45,1.45,0.301,-3,0.005
decentbet,21 Sep 2017,19 Oct 2017,28,229,12,other,N/A,N/A,N/A,N/A,0.1,N/A,1,N/A,0.815,26234,-0.02,0.15,2.36,2.39,-0.385,-3.837,0.012
naga,1 Dec 2017,15 Dec 2017,14,170,12,fintech,28,50020960,400000000,0.13,1,N/A,10,25,0.55,3010670,0.22,0.03,0.47,0.47,-0.049,-3,-0.001
modum,1 Sep 2017,22 Oct 2017,51,224,6,saas,17,1050000,N/A,N/A,1,2324,1,14281,-0.373,119265,0.35,0.25,3.9,3.9,-0.157,-6,0.013
zeepin,17 Jan 2018,17 Jan 2018,0,137,12,other,N/A,62600000,N/A,N/A,0.17,20549,1,N/A,0.155,14383200,-0.01,-0.1,-1.55,-1.55,-0.225,-10.5,-0.003
datawallet,5 Feb 2018,7 Mar 2018,30,88,1,other,13,40000000,30000000,1,0.18,6270,1,5647,-0.226,122971,-0.14,-0.14,-2.24,-2.24,0.321,-9.5,0.003
bitrent,1 Dec 2017,31 Mar 2018,120,64,4,saas,19,14627210,N/A,N/A,0.06,12901,1,6432,-0.336,156399,0.27,0.05,0.75,0.75,-0.032,-1,0.002
presearch,25 Jul 2017,31 Oct 2017,98,215,1,saas,10,16000000,N/A,N/A,0.25,N/A,2,1169,-0.151,98499,0.26,0.13,2.08,2.08,0.153,-13.5,0.014
qlink,27 Dec 2017,27 Jan 2018,31,127,7,transportation,14,19000000,N/A,N/A,0.1,9445,1,334,1.901,9911000,0.18,0.03,0.42,0.42,-0.406,-6.5,-0.001
mobilego,25 Apr 2017,25 May 2017,30,374,1,saas,6,53000000,N/A,N/A,0.76,2558,2,316,2.539,187166,-0.05,-0.01,-0.2,-0.2,-0.143,-4.5,0.001
lunyr,29 Mar 2017,28 Apr 2017,30,401,1,saas,3,3400000,N/A,N/A,1.61,N/A,1,33531,0.59,309766,0.07,0.08,1.22,1.22,-0.21,-4.5,0.016
etherparty,1 Oct 2017,29 Oct 2017,28,217,1,blockchain,26,33000000,N/A,N/A,0.1,6072,6,2,-0.565,180346,0.13,0.24,3.75,3.75,0.022,-12,0.011
yoyow,21 May 2017,24 May 2017,3,375,3,saas,N/A,4364760,N/A,0.3,0.02,3287,1,N/A,5.154,8194,-0.04,-0.01,-0.09,-0.09,-0.003,-4.5,0.01
decent,11 Sep 2016,6 Nov 2016,56,574,6,telecommunications,31,15000000,N/A,N/A,N/A,N/A,7,29919,0,121,0.2,0.17,2.72,2.72,0.155,-4.5,0.025
cashaa,6 Nov 2017,6 Dec 2017,30,179,4,fintech,11,18530000,N/A,N/A,0.1,7579,1,388,0.182,34753,-0.23,-0.13,-2.14,-2.14,0.198,10.5,0.004
universa,27 Oct 2017,27 Nov 2017,31,188,2,saas,25,28800000,99000000,0.29,0.01,14255,8,1124,4.161,763454,-0.49,-0.13,-1.99,-1.99,-0.294,-6.5,-0.009
odem,17 Feb 2018,18 Mar 2018,29,77,6,social services,12,4000000,N/A,N/A,N/A,N/A,1,3098,0,18548,0.47,3.75,7.5,7.5,0.469,-0.5,0.023
taas,27 Mar 2017,28 Apr 2017,32,401,7,fintech,4,7500000,N/A,0.74,1,N/A,4,141,-0.18,1571,0.08,0.22,3.54,3.54,0.054,-7,0.006
cobinhood,13 Sep 2017,22 Oct 2017,39,224,12,blockchain,5,13200000,N/A,N/A,0.07,12266,7,45237,-0.262,41446,0.22,0.25,3.91,3.91,0.157,-9,0.012
alphacat,12 Jan 2018,12 Jan 2018,0,142,12,fintech,N/A,N/A,N/A,N/A,N/A,8663,0,N/A,0,474748,-0.19,-0.07,-1.14,-1.14,-0.091,2,0.001
coss,8 Aug 2017,6 Sep 2017,29,270,7,saas,24,3200000,N/A,N/A,0.56,N/A,2,197,-0.919,116130,0.39,0.12,1.9,1.9,0.093,3,0.017
melon,15 Feb 2017,16 Feb 2017,1,472,6,other,2,N/A,N/A,N/A,N/A,42,1,N/A,0,57957,0.21,0.07,1.13,1.13,-0.098,-3.5,0.006
datum,29 Oct 2017,29 Nov 2017,31,186,6,saas,19,7200000,N/A,N/A,0.02,7966,4,36502,0.397,160521,0.6,0.18,2.92,2.92,-0.116,-5,0.006
viberate,5 Sep 2017,5 Sep 2017,0,271,5,entertainment,34,10714285,N/A,1,0.1,5606,7,32874,1.75,1490480,-0.19,-0.08,-1.24,-1.24,-0.157,-6.5,0.005
medicalchain,1 Feb 2018,1 Feb 2018,0,124,4,insurance services,10,23991953,24000000,1,0.2,26990,3,15703,0.588,122744,-0.12,-0.25,-4.03,-3.96,-0.068,0.383,-0.005
refereum,12 Feb 2018,12 Mar 2018,28,83,1,saas,14,40000000,N/A,N/A,0.01,99846,3,54068,1.043,1161020,-0.26,-0.04,-0.56,-0.56,0.032,-4.5,-0.004
propy,15 Aug 2017,15 Sep 2017,31,261,1,real estate,11,15077000,N/A,0.15,1,N/A,3,N/A,-0.255,26854,-0.1,-0.03,-0.52,-0.52,-0.048,-3.5,0.011
humaniq,6 Apr 2017,27 Apr 2017,21,402,4,saas,19,5163000,N/A,N/A,0.06,N/A,10,30580,0.178,420384,0.19,0.13,2,2,0.038,-1,0.009
bloom,30 Nov 2017,1 Jan 2018,32,155,1,saas,11,41420705,80500000,0.51,0.7,13588,3,440,1.714,101651,-0.32,-0.15,-2.35,-2.31,-0.127,-0.745,-0.005
firstblood,25 Sep 2016,26 Sep 2016,1,615,1,blockchain,13,5500000,N/A,N/A,0.08,14,1,31584,0.991,1255030,-0.2,-0.23,-3.61,-3.61,0.127,-6,0.008
bankex,28 Nov 2017,28 Dec 2017,30,157,1,fintech,9,70600000,140000,1,1.47,6275,4,7662,0.932,371912,-0.43,-0.22,-3.5,-3.5,-0.125,-5.5,-0.012
stk,31 Jan 2018,14 Feb 2018,14,109,1,blockchain,16,17000000,N/A,N/A,0.2,7273,3,10033,0.262,12919500,-0.23,-0.23,-3.68,-3.68,-0.296,-11,-0.006
mothership,7 Jul 2017,21 Jul 2017,14,317,5,saas,10,5406897,N/A,0.7,0.04,N/A,1,484,0.006,88727,0.49,0.24,3.74,3.74,-0.054,-3,0.01
stox,2 Aug 2017,4 Aug 2017,2,303,7,fintech,20,33000000,N/A,1,1.1,8984,6,13618,0.1,1294120,0.4,0.04,0.7,0.7,-0.088,-5.5,0.003
hive-project,3 Jul 2017,14 Aug 2017,42,293,5,fintech,18,8949421,N/A,N/A,0.02,N/A,1,3043,0.045,216,0.17,0.12,1.84,1.84,-0.045,-11,0.017
suncontract,28 Jun 2017,1 Aug 2017,34,306,5,energy,31,2000000,N/A,N/A,0.02,2,1,15081,1.128,35660,0.05,0.14,2.3,2.3,0.089,-6.5,0.016
cofound.it,31 May 2017,07 Jun 2017,7,370,5,fintech,9,14820030,12500000,1,0.12,1093,1,N/A,1.682,3663160,-0.2,0.04,0.66,0.67,0.005,-1.513,0.001
synereo,18 Sep 2016,18 Oct 2016,30,593,12,saas,0,4700000,38,1,0.19,N/A,1,26675,-0.988,241,0.23,0.24,3.83,3.83,-0.096,-7,0.013
adtoken,26 Jun 2017,26 Jun 2017,0,342,12,saas,N/A,10000000,N/A,N/A,0.02,N/A,1,6576,2.26,334,-0.07,0.05,0.87,0.87,-0.239,-4,0.007
everex,24 Jul 2017,31 Aug 2017,38,276,7,fintech,9,26700000,N/A,N/A,2.13,4651,2,14027,-0.103,1389230,0.12,0.04,0.62,0.62,0.108,-4,0.005
sentinel-chain,1 Mar 2018,10 Mar 2018,9,85,7,fintech,23,14400000,14400000,1,0.08,9410,1,4032,-0.184,1945280,0.52,4.14,8.29,8.29,-0.094,-7,0.012
chronobank,15 Dec 2016,15 Feb 2017,62,473,2,saas,1,5400000,N/A,N/A,10,N/A,7,19791,-0.06,42133,-0.26,0.03,0.44,0.44,-0.153,-68.5,0.007
lamden,1 Dec 2017,3 Jan 2018,33,151,6,fintech,15,10000000,10000000,1,0.091,9198,1,N/A,6.346,937600,0.03,-0.05,-0.83,-0.83,-0.338,-17,-0.003
karma,29 Nov 2017,15 Dec 2017,16,170,2,fintech,15,10000000,10000000,1,0.01,1226,1,4208,5.911,150439,-0.01,-0.17,-2.67,-2.67,-0.365,21,-0.006
dmarket,14 Nov 2017,01 Dec 2017,17,184,2,entertainment,4,19069000,N/A,N/A,0.18,1127,3,7220,4.398,18992,-0.03,0.06,1.02,1.02,0.118,-3,0.01
polybius,31 May 2017,30 Jun 2017,30,338,5,fintech,11,31000000,N/A,0.15,10,3547,5,9,-0.192,506294,-0.02,0.07,1.03,1.03,-0.364,-4.5,0.006
unibright,20 Apr 2018,20 May 2018,30,14,5,fintech,13,12604551,13542375,0.93,0.14,10419,0,5243,0.384,2400200,-0.72,-1.24,-2.49,-2.49,-1.284,-10,-0.029
morpheus-network,22 Mar 2018,22 Apr 2018,31,42,12,other,12,7500000,18000000,0.42,0.5,11928,0,5621,-0.193,193829,1.14,1.97,3.94,3.94,0.01,3.5,0.042
dadi,29 Jan 2018,29 Jan 2018,0,125,4,fintech,15,28750000,28750000,1,0.5,22236,1,30927,-0.112,2381560,-0.21,-0.05,-0.8,-0.8,0.025,-3.5,-0.005
monetha,31 Aug 2017,31 Aug 2017,0,276,5,fintech,11,37000000,N/A,1,0.19,4658,1,18938,0.502,2743890,-0.15,-0.11,-1.76,-1.76,-0.165,-4.5,0.003
aeron,19 Sep 2017,30 Oct 2017,41,216,10,transportation,11,56888532,N/A,N/A,0.5,19721,1,29747,-0.189,8757,0.13,0.16,2.58,2.58,0.116,-7.5,0.029
matchpool,2 Apr 2017,4 Apr 2017,2,427,12,saas,7,5800000,N/A,N/A,0.1,2218,1,N/A,1.41,610,0.18,0.12,1.84,1.84,0.057,-0.364,0.024
agrello,16 Jul 2017,17 Aug 2017,32,292,5,saas,13,30100000,43200000,0.7,0.56,4818,1,14800,-0.284,82770,-0.06,0,-0.03,-0.02,-0.057,-3.347,0.005
maecenas,7 Sep 2017,8 Oct 2017,31,238,4,saas,8,15750000,N/A,N/A,0.64,N/A,2,2275,-0.279,11868,0.09,0.17,2.68,2.68,-0.231,-18.5,0.024
daostack,01 May 2018,07 Jun 2018,37,-4,7,transportation,9,8000000,30000000,0.27,1,24392,9,5712,0.31,1927100,-0.36,-2.88,-5.75,-5.75,0.458,-8.5,-0.029
uptoken,16 Oct 2017,15 Dec 2017,60,170,1,fintech,9,18934021,100000000,0.19,0.1,21,1,3025,2.021,21597500,-0.43,-0.08,-1.21,-1.21,0.819,-3.5,-0.01
dimcoin,1 Jul 2017,27 Aug 2017,57,280,11,fintech,N/A,14005746,N/A,N/A,0.01,3081,8,N/A,23.562,1409400,-0.49,-0.22,-3.44,-3.44,0.118,-1.5,-0.005
bitclave,29 Nov 2017,29 Nov 2017,0,186,1,saas,19,25500000,25500000,1,0.1,7053,6,22627,0.505,957302,0.12,-0.01,-0.23,-0.23,-0.005,-2.5,-0.003
blocktix,7 Jul 2017,25 Jul 2017,18,313,5,entertainment,7,6981328,7500000,0.93,0.24,N/A,1,5965,-0.174,11878,0.29,0.07,1.17,1.17,0.052,-5,0.019
incent,1 Sep 2016,1 Sep 2016,0,640,9,blockchain,7,1000000,N/A,N/A,0.1,N/A,1,13232,-0.918,43,0.22,0.14,2.19,2.19,-0.027,0.5,0.031
cappasity,22 Feb 2018,22 Mar 2018,28,73,1,saas,5,2301451,20000000,0.12,0.01,58839,7,37586,2.315,887638,0.12,0.17,2.68,2.68,0.469,-3,0.014
peerplays,26 Feb 2017,14 May 2017,77,385,1,entertainment,7,5000000,N/A,N/A,4.6,1441,1,5443,1.446,10275,0.25,0.07,1.13,1.13,-0.347,29,0.008
carvertical,26 Dec 2017,4 Apr 2018,99,60,5,saas,20,6256586,N/A,N/A,0.0055,13365,3,N/A,1.65,451064,-0.05,-0.07,-1.18,-1.18,-0.734,-4,-0.008
sharder,22 Feb 2018,22 Mar 2018,28,73,12,other,N/A,N/A,N/A,N/A,0.044,10639,1,N/A,1.315,3209300,-0.17,-1.36,-2.71,-2.71,-0.422,-3,-0.011
envion,15 Dec 2017,14 Jan 2018,30,140,6,blockchain,12,10001227,105000000,0.1,1,22288,5,21263,-0.036,168394,-0.22,-0.13,-2,-2,-0.294,-4,-0.014
lala-world,5 Jan 2018,5 Feb 2018,31,118,7,saas,5,20000000,N/A,N/A,0.13,824,0,10035,-0.253,28433,-0.44,0,0.04,0.04,0.225,-5.5,0.008
indahash,29 Nov 2017,20 Dec 2017,21,165,5,saas,15,42000000,76800000,0.55,0.24,11698,9,9842,1.561,3113160,-0.2,-0.11,-1.73,-1.73,-0.327,-11,-0.012
covesting,24 Nov 2017,15 Jan 2018,52,139,7,saas,12,33241750,N/A,N/A,2.56,8956,9,10107,0.207,328108,-0.21,-0.12,-1.95,-1.95,-0.247,-4.5,-0.005
sureremit,10 Jan 2018,10 Feb 2018,31,113,1,saas,11,10000000,10000000,1,1,2052,1,4417,-0.963,35294,-0.22,0.02,0.31,0.31,-0.559,-6,0.004
selfkey,14 Jan 2018,14 Jan 2018,0,140,7,fintech,48,21780000,21780000,1,0.02,11338,1,0,2.327,31248100,-0.52,-0.26,-4.06,-4.06,-0.261,-2.5,-0.013
blockport,27 Jan 2018,31 Jan 2018,4,127,12,other,N/A,15000000,N/A,N/A,N/A,28427,1,N/A,0,1024180,0,0.07,1.04,1.04,-0.183,4.5,0.003
coinpoker,19 Jan 2018,26 Jan 2018,7,128,7,entertainment,15,52712179,N/A,N/A,0.05,4876,8,5219,0.95,350963,-0.38,-0.01,-0.18,-0.18,-0.515,3,-0.003
quantum,15 Apr 2017,15 May 2017,30,384,5,blockchain,5,4122700,N/A,N/A,0.05,N/A,1,9193,5.732,136233,0.19,0.06,0.93,0.93,-0.076,-8.5,0.005
hubii-network,17 Aug 2017,31 Aug 2017,14,276,7,other,15,6500000,N/A,N/A,N/A,N/A,2,4596,0,N/A,N/A,N/A,N/A,N/A,N/A,N/A,N/A
lendingblock,15 Apr 2018,22 Apr 2018,7,42,4,blockchain,6,10000000,10000000,1,0.02,7743,5,6107,0.548,458040,-0.24,-1.88,-3.76,-3.76,-0.497,-6.5,-0.026
wetrust,2 Mar 2017,14 Apr 2017,43,417,1,saas,9,4978366,N/A,N/A,0.06,N/A,1,10,0.305,165713,0.24,0.2,3.11,3.03,-0.031,-0.652,0.008
bounty0x,1 Dec 2017,15 Dec 2017,14,170,12,saas,8,N/A,10000000,N/A,0.04,N/A,1,14472,0.899,1059090,0.37,0.13,2.06,2.06,0.689,-6,0.014
investfeed,23 Jul 2017,7 Aug 2017,15,300,1,saas,11,3400000,N/A,N/A,0,N/A,1,N/A,0,78892,0.1,0.1,1.55,1.55,-0.331,-3,0.01
worldcore,14 Oct 2017,15 Dec 2017,62,170,5,saas,14,25000000,100000000,0.25,0.1,3034,8,N/A,0.146,151573,0.41,0.14,2.23,2.23,0.08,-5,0.004
leadcoin,1 Mar 2018,11 Mar 2018,10,84,7,fintech,17,50000000,50000000,1,0.08,11596,2,1385,0.487,6963540,-0.02,0,0,0,-0.215,-8.5,-0.006
encrypgen,1 Jun 2017,18 Jul 2017,47,320,1,saas,7,10000005,N/A,N/A,0.03,N/A,1,4634,0.928,22870,0.44,0.24,3.78,3.78,-0.123,-11.5,0.025
mysterium,30 May 2017,30 May 2017,0,369,1,saas,8,13325693,N/A,N/A,0.89,2660,1,11968,1.461,1632900,-0.13,0.03,0.43,0.43,-0.259,-4.5,0.002
ip-exchange,28 Feb 2018,05 Mar 2018,5,90,12,saas,N/A,7904000,N/A,N/A,N/A,6390,1,N/A,0,539393,0.11,0.07,1.08,1.08,0.169,-1.5,0.009
helbiz,15 Feb 2018,4 Mar 2018,17,91,7,fintech,13,38646754,N/A,N/A,0.14,2106,1,37312,-0.907,756160,0.16,1.31,2.61,2.61,0.606,-8.5,0.029
aventus,6 Sep 2017,6 Sep 2017,0,270,4,entertainment,7,18780000,18800000,1,3.66,255,1,N/A,0.202,950718,-0.32,-0.01,-0.18,-0.18,0.081,-4,0.001
dovu,3 Oct 2017,17 Oct 2017,14,229,4,saas,6,6644682,28400000,0.23,0.11,125,2,N/A,-0.169,106502,0.09,0.14,2.24,2.24,0.303,-12.5,0.013
aidcoin,16 Jan 2018,1 Feb 2018,16,122,6,blockchain,36,18632900,18600000,1,0.65,4385,1,3101,0.236,1717320,-0.36,-0.23,-3.59,-3.59,-0.128,0,-0.004
spectiv,8 Dec 2017,31 Dec 2017,23,156,1,entertainment,8,7605767,10600000,0.72,0.5,N/A,2,3278,-0.966,118105,0.05,0.08,1.3,1.15,-0.144,0.187,0.013
connectjob,12 Feb 2018,30 Apr 2018,77,34,7,saas,24,10437623,12000000,0.87,0.25,7852,5,6378,-0.604,173329,-0.35,-2.76,-5.52,-5.52,0.074,-7,-0.014
adshares,7 Jul 2017,12 Jan 2018,189,142,12,fintech,2,11900000,N/A,N/A,5.26,1130,1,2245,-0.927,7590,0.19,0.09,1.48,1.48,-0.028,-11,0.017
atbcoin,15 Jul 2017,13 Sep 2017,60,263,12,other,N/A,20400000,N/A,N/A,0.9,2156,3,N/A,0.289,558166,-0.08,-0.02,-0.26,-0.26,-0.078,-0.5,-0.001
ink-protocol,01 Feb 2018,28 Feb 2018,27,95,1,blockchain,14,15000000,15000000,1,0.13,10353,1,N/A,-0.303,280064,-0.21,-0.04,-0.66,-0.66,-0.141,-0.5,-0.007
alis,1 Sep 2017,1 Oct 2017,30,245,8,saas,5,3705000,35600000,0.1,0.15,N/A,1,1753,0.413,337890,0.2,0.18,2.92,2.92,-0.1,-4,0.009
insights-network,28 Jan 2018,14 Feb 2018,17,109,7,blockchain,3,17376260,17400000,1,0.15,20936,0,N/A,-0.051,693393,-0.33,-0.04,-0.71,-0.71,-0.076,-5.5,-0.007
eroscoin,11 Oct 2017,15 Nov 2017,35,202,12,other,7,N/A,N/A,N/A,0.05,N/A,1,N/A,1.938,8548340,0.08,-0.07,-1.15,-1.22,0.011,-1.759,-0.003
commerceblock,28 Nov 2017,19 Dec 2017,21,166,4,fintech,7,8820470,25000000,0.35,0.06,1770,3,260,-0.338,85105,0.17,1.32,2.64,2.64,-0.738,-6.5,0.007
bitcrystals,4 Aug 2015,3 Sep 2015,30,1004,6,blockchain,7,20510,N/A,0.14,0.02,N/A,4,6102,-0.131,5586,-0.06,0.09,1.43,1.43,-0.066,-5,0.007
target-coin,15 Jul 2017,31 Aug 2017,47,276,12,blockchain,4,20711412,N/A,0.3,0.05,N/A,1,1625,-0.164,69996,0.03,0.09,1.46,1.46,-0.24,5,0.022
sportyco,21 Nov 2017,8 Dec 2017,17,177,5,fintech,19,5087896,16000000,0.32,0.12,12370,1,8910,0.812,31692,0,0.07,1.16,1.16,0.086,-11,0.001
airtoken,19 Sep 2017,19 Oct 2017,30,227,1,telecommunications,14,15000000,15000000,1,0.02,837,1,6303,-0.313,303295,-0.25,0.02,0.38,0.38,0.03,5,0.002
linker-coin,25 Nov 2017,31 Dec 2017,36,154,6,blockchain,20,10133235,10100000,1,0.22,2255,1,N/A,-0.588,164191,0.02,0.18,0.36,0.36,-0.098,-11.5,-0.004
peculium,21 Dec 2017,24 Jan 2018,34,130,5,fintech,52,9917634,2000000,1,0.01,N/A,3,16197,-0.583,69616,0,0.05,0.78,0.78,0.152,6,0.01
travelflex,13 Dec 2017,11 Jan 2018,29,143,12,other,N/A,N/A,N/A,N/A,0.28,104,3,N/A,-0.267,29538,-0.18,-0.03,-0.52,-0.52,-0.064,-2,0
bitdice,15 Aug 2017,15 Sep 2017,31,261,10,other,1,8748793,25000000,0.35,0.1,737,3,3499,0.495,60084,0.1,0.18,2.83,2.83,-0.136,13.5,0.005
payfair,1 Nov 2017,30 Nov 2017,29,185,2,saas,8,18291,N/A,N/A,0,2762,5,2331,0,41498,0.16,0.22,3.56,3.56,0.668,-15,0.03
fidentiax,6 Nov 2017,5 Dec 2017,29,180,7,saas,8,1566283,2900000,0.54,0.93,2482,1,3906,-0.701,77268,0.26,0.07,1.06,1.06,-0.217,3,0.001
biocoin,1 Nov 2017,18 Feb 2018,109,105,2,other,18,16000000,15000000,1,16,324,5,1258,-0.999,41016,-0.11,-0.18,-2.92,-2.92,0.079,-3,-0.004
jet8,28 Feb 2018,14 Mar 2018,14,81,7,telecommunications,51,32700000,36000000,0.91,0.0974,29449,1,2057,-0.683,871036,-0.47,-0.03,-0.4,-0.4,0.415,-6.5,-0.001
privatix,19 Oct 2017,16 Nov 2017,28,199,12,saas,16,2391939,15000000,0.16,3.3,1934,3,706,-0.055,99333,0.11,0.15,2.41,2.41,-0.128,0.5,0.024
publica,1 Nov 2017,16 Nov 2017,15,199,1,saas,21,1046210,1000000,1,0.1,1517,3,2273,1.547,1317120,-0.07,0.18,2.82,2.82,-0.038,-6.5,0.012
fintrux-network,07 Feb 2018,28 Feb 2018,21,95,7,other,6,N/A,N/A,N/A,N/A,N/A,4,N/A,0,102017,-0.04,-0.35,-0.69,-0.69,0.229,12,-0.024
fundrequest,20 Nov 2017,01 Dec 2017,11,184,5,blockchain,11,12121040,15000000,0.81,0.48,11577,0,13058,-0.491,55032,-2.4,-4.16,-8.32,-8.32,0.849,2.5,-0.027
aditus,30 Nov 2017,19 Dec 2017,19,166,7,saas,15,7100193,22500000,0.32,0.05,13525,1,N/A,-0.735,300285,0.4,3.16,6.32,6.32,0.282,-7,0.02
amlt,11 Dec 2017,29 Jan 2018,49,125,12,blockchain,18,19042042,16000000,1,0.39,4962,0,6591,-0.798,263017,-0.16,-0.01,-0.1,-0.1,0.026,-7.5,0
clearcoin,16 Nov 2017,31 Mar 2018,135,64,1,other,17,4350000,N/A,N/A,0.01,25175,3,N/A,0.551,93524,0.07,0.54,1.08,1.08,0.472,-0.5,-0.004
clearpoll,2 Oct 2017,26 Oct 2017,24,220,9,saas,9,N/A,1300000,N/A,0.13,890,2,120127,2.341,94539,-0.13,0.19,3.04,3.04,-0.129,-3,0.014
adhive,28 Feb 2018,14 Mar 2018,14,81,5,entertainment,17,17491749,17500000,1,0.17,16166,1,5535,-0.675,772548,0.12,0.93,1.86,1.86,-1.431,-3,-0.001
real,31 Aug 2017,30 Sep 2017,30,246,7,real estate,4,10604571,33000000,0.32,1.38,2014,7,4500,-0.268,13785,0,-0.02,-0.34,-0.34,0.105,-5,0.016
b2bx,2 Oct 2017,17 Nov 2017,46,198,2,saas,22,8078602,29500000,0.27,0.74,1971,7,3959,1.378,144393,-0.29,0.02,0.3,0.3,-0.252,-18.5,0.016
viuly,1 Nov 2017,15 Nov 2017,14,200,5,entertainment,3,N/A,30000000,N/A,0.17,6625,1,6230,-0.967,14913,0.32,0.25,4.03,4.03,0.119,-6,0.031
voise,6 May 2017,6 Jun 2017,31,362,5,saas,N/A,64651,N/A,N/A,N/A,9055,6,23937,0,3629,0.29,0.2,3.11,3.11,-2.08,41.5,0.084
auctus,10 Apr 2018,20 Apr 2018,10,44,7,blockchain,12,3865575,3900000,0.99,0.28,8626,3,9707,1.642,1413630,0.16,1.29,2.59,2.59,0.121,-12,-0.011
1world,5 Oct 2017,6 Nov 2017,32,209,1,blockchain,66,5000000,N/A,N/A,1.2,6943,1,7395,-0.657,357311,-0.08,-0.01,-0.12,-0.12,-0.223,6.5,0.008
zrcoin,11 May 2017,9 Jun 2017,29,359,2,blockchain,11,7000000,N/A,N/A,1.55,931,7,N/A,47.348,2303,0.08,0.03,0.5,0.5,-0.097,-3.5,0.007
opus,24 Jul 2017,24 Aug 2017,31,283,12,entertainment,11,5737250,20000000,0.29,0.04,1630,1,3648,0.299,37435,-0.08,0,-0.01,-0.01,-0.102,15,0.033
tokes,2 Dec 2016,16 Jan 2017,45,503,1,blockchain,3,N/A,N/A,N/A,5.06,N/A,1,8521,-0.897,15471,0.25,0.19,2.96,2.96,-0.12,-1.5,0.011
dether,07 Feb 2018,07 Mar 2018,28,88,5,saas,8,13444650,13400000,1,0.23,6821,1,1281,-0.337,40103,-0.32,-0.11,-1.69,-1.69,0.575,-2.5,0.002
cryptopay,2 Oct 2017,30 Oct 2017,28,216,4,blockchain,3,18148220,64300000,0.28,0.31,361,5,8553,0.243,380453,0.1,0.07,1.04,1.04,-0.311,-15.5,0.006
atlant,7 Sep 2017,1 Nov 2017,55,214,2,real estate,12,6663530,69200000,0.1,0.57,5161,5,4047,-0.308,323580,-0.27,0.04,0.68,0.68,-0.221,-8,0.006
hoqu,27 Nov 2017,26 Feb 2018,91,97,4,fintech,5,18782400,33200000,0.57,0.17,14795,3,6137,-0.564,29097,-0.15,-0.04,-0.63,-0.63,0.045,-10,-0.009
internxt,7 Sep 2017,28 Sep 2017,21,248,5,saas,5,220800,41000000,0.01,1.01,10566,2,0,2.129,294867,0.16,0.18,2.87,2.87,-0.083,-11,0.022
sether,15 Jan 2018,15 Jan 2018,0,139,5,saas,14,28000000,N/A,N/A,3.9,6925,2,10884,-0.672,46969,-0.1,-0.05,-0.81,-0.81,-0.258,4,-0.008
lampix,9 Aug 2017,18 Aug 2017,9,289,1,saas,13,14200000,60000000,0.24,0.26,1663,1,3360,-0.634,29039,0.07,0.06,0.89,0.89,-0.12,-1,0.005
gatcoin,17 Dec 2017,5 Jan 2018,19,149,3,saas,17,14500000,14500000,1,0.2,3982,1,4359,-0.604,681451,-0.3,-0.23,-3.69,-3.69,-0.031,-8,-0.013
invacio,12 Mar 2018,30 Apr 2018,49,34,4,fintech,15,1912074,30000000,0.06,1,12,0,4127,-0.857,336316,-1.82,-3.14,-6.29,-6.29,-2.623,-15.5,-0.097
herocoin,14 Sep 2017,14 Oct 2017,30,232,5,other,7,2021034,16000000,0.13,0.0267,1952,1,N/A,-0.241,852325,0.3,0.16,2.55,2.55,-0.528,-6,0.024
vezt,4 Nov 2017,3 Dec 2017,29,182,1,entertainment,19,1378806,15000000,0.09,0.5,2831,1,5366,5.32,2379180,-0.14,-0.13,-2.04,-2.04,-0.545,3.5,-0.013
eboost,13 Sep 2016,25 Oct 2016,42,588,12,other,N/A,N/A,N/A,N/A,0.2,N/A,1,N/A,-0.126,300469,0.24,0.13,2.11,2.06,0.085,2.863,0.015
hellogold,28 Aug 2017,2 Oct 2017,35,244,12,saas,19,5208991,N/A,N/A,0.05,1500,1,1974,-0.516,28580,0,0.14,2.29,2.29,-0.138,-23.5,0.022
starbase,9 Nov 2017,24 Nov 2017,15,191,8,saas,5,8842000,10000000,0.88,0.1,N/A,1,181,0.078,11977,0.31,0.15,2.32,2.32,1.811,0,0.258
cryptoping,25 May 2017,24 Jun 2017,30,344,12,saas,0,2742420,N/A,N/A,0.28,2,8,10431,0.425,407237,-0.19,0.03,0.48,0.48,-0.084,-2.5,0.014
autonio,22 Sep 2017,22 Oct 2017,30,224,12,fintech,9,N/A,10000000,N/A,0.1,4214,1,6761,-0.955,11004,0.36,0.27,4.26,4.26,-0.804,2,0.043
upfiring,3 Oct 2017,31 Oct 2017,28,215,12,saas,N/A,25848,N/A,N/A,0.05,N/A,1,N/A,7.382,362421,-0.26,0.21,3.33,3.33,-0.268,3,0.017
iungo,7 Dec 2017,31 Jan 2018,55,123,5,saas,14,45978800,46000000,1,1.15,10716,1,4968,-0.587,885373,-0.17,-0.2,-3.17,-3.17,-0.058,-9,-0.011
experty,25 Jan 2018,25 Feb 2018,31,98,6,telecommunications,15,9468000,9500000,1,1.05,14003,7,15613,-0.373,1742640,-0.58,-0.12,-1.85,-1.85,-0.055,6,-0.012
digipulse,1 Oct 2017,31 Oct 2017,30,215,5,other,6,N/A,N/A,N/A,1.21,25428,2,6216,-0.116,4092,0.12,0.24,3.77,3.77,-0.131,3,0.018
hush,02 May 2018,10 Jun 2018,39,-7,5,blockchain,12,N/A,N/A,0,0.817,627,2,776,-0.949,69,0.01,0.16,2.51,2.51,-0.123,-1,0.031
blockcat,15 Jul 2017,14 Aug 2017,30,293,1,saas,7,6284400,5000000,1,1,N/A,1,7861,0.08,28777,0.19,0.06,0.96,0.96,-0.192,-3.5,0.007
copytrack,10 Dec 2017,10 Feb 2018,62,113,5,fintech,4,11087368,62900000,0.18,1.19,8444,5,N/A,-0.648,85931,-0.1,-0.02,-0.35,-0.35,0.282,4.5,-0.004
mywish,25 Oct 2017,25 Nov 2017,31,190,2,other,8,2670000,2700000,0.99,0.23,2353,1,4003,0.354,305113,0.14,0.18,2.8,2.8,0.27,-1.5,0.007
parkgene,15 Jan 2018,19 Mar 2018,63,76,7,fintech,5,24335000,35000000,0.7,0.1,6970,4,775,-0.874,58791,-0.13,-1.05,-2.1,-2.1,-0.53,11.5,-0.016
verime,1 Mar 2018,31 Mar 2018,30,64,7,saas,18,21720000,30000000,0.72,0.165,39290,1,9019,-0.167,95404,-0.3,-2.41,-4.82,-4.82,-0.138,-2,-0.038
chainium,25 Dec 2017,12 Jan 2018,18,142,5,fintech,6,3434946,5500000,0.62,0.0664,N/A,1,63,0.594,70198,0.07,0.52,1.04,1.04,0.673,-10.5,-0.003
aigang,15 Nov 2017,15 Dec 2017,30,170,7,fintech,7,4228920,31100000,0.14,0.31,4698,1,7835,12.097,16206500,-0.22,-0.26,-4.06,-4.06,-0.224,-4,-0.019
syncfab,15 Feb 2018,15 Mar 2018,28,80,1,saas,9,9155717,19700000,0.46,0.12,10146,5,N/A,-0.612,48703,0.02,0.14,0.28,0.28,-0.613,-6,-0.01
reftoken,17 Nov 2017,17 Dec 2017,30,168,5,fintech,8,N/A,48000000,N/A,14,2871,1,4186,-0.506,129535,0.22,0.1,1.57,1.57,-0.112,6.5,0.03
fabric-token,15 Feb 2018,1 Apr 2018,45,63,5,blockchain,11,1035986,9000000,0.12,0.1125,5382,0,1525,-0.172,83004,1.54,2.67,5.33,5.33,-4.584,-18,0.04
authorship,15 Aug 2017,14 Sep 2017,30,262,1,telecommunications,1,N/A,7000000,N/A,0.04,156,1,11711,-0.287,12714,0.1,0.11,1.74,1.74,-0.106,-2.5,0.028
mercury-protocol,23 Oct 2017,23 Nov 2017,31,192,1,saas,16,4749479,20000000,0.24,0.043,737,1,5428,-0.07,42740,0.15,0.09,1.47,1.47,-0.046,6,0.019
bonpay,31 Oct 2017,28 Nov 2017,28,187,4,fintech,4,10000000,N/A,N/A,0.9,964,2,10037,1.144,4834,-0.02,0,0.04,0.04,-0.099,-21,-0.001
ethorse,10 Jan 2018,17 Jan 2018,7,137,7,other,N/A,4800000,N/A,N/A,0.052,N/A,1,1286,1.613,523864,0.01,0.03,0.4,0.4,-0.081,-23,-0.002
verify,29 Nov 2017,06 Dec 2017,7,179,7,saas,9,2500000,2500000,1,0.23,3545,1,508,1.44,803439,0.32,0.12,1.86,1.86,0.172,-6,0.01
daneel,29 Jan 2018,5 Mar 2018,35,90,5,fintech,15,2830400,16000000,0.18,0.29,6238,4,N/A,-0.833,130556,0.37,2.97,5.94,5.94,2.836,-3.5,0.075
ethbits,15 Apr 2017,13 May 2017,28,386,4,saas,3,1216178,N/A,N/A,1.14,6171,1,5561,0.921,3027,0.06,0.25,3.94,3.94,30.736,2.5,2.021
coinlancer,14 Oct 2017,15 Nov 2017,32,200,12,saas,36,11860153,50000000,0.24,0.25,7203,5,2272,0.691,3536710,0.03,-0.09,-1.49,-1.49,-0.22,-5.5,-0.008
signals-network,12 Mar 2018,09 Apr 2018,28,55,12,other,11,N/A,N/A,N/A,N/A,N/A,1,N/A,0,233052,0.03,0.05,0.1,0.1,0.349,-6.5,0.003
micromoney,18 Oct 2017,18 Nov 2017,31,197,12,fintech,18,10541585,30000000,0.35,1,5165,2,165959,-0.326,452417,0.31,0.09,1.47,1.47,-0.167,-1,0
pylon-network,4 Oct 2017,24 Oct 2017,20,222,5,energy,11,N/A,N/A,N/A,1.79,1514,1,4018,12.201,69585,0.11,0.02,0.25,0.25,-0.39,-2.5,0.002
blitzpredict,22 Jan 2018,22 Feb 2018,31,101,12,other,5,4374000,7300000,0.6,0.0292,13795,1,N/A,-0.677,48405,-0.04,0.08,1.21,1.21,0.366,-2.5,0.018
eventchain,13 Sep 2017,14 Oct 2017,31,232,1,entertainment,8,772896,13500000,0.06,1.47,N/A,1,26844,-0.887,1884,0.21,0.17,2.74,2.74,-0.528,-22,0.039
tokenstars,31 Aug 2017,31 Oct 2017,61,215,7,other,4,4901220,7500000,0.65,0.42,17759,1,N/A,-0.165,409248,-0.28,-2.18,-4.37,-4.37,0.024,1,-0.03
goldmint,20 Sep 2017,11 Nov 2017,52,204,2,fintech,11,7300000,40000000,0.18,7,11108,10,2600,-0.634,74776,0.24,0.16,2.47,2.47,0.159,35.5,0.007
trakinvest,8 Feb 2018,7 Mar 2018,27,88,7,fintech,14,50000000,N/A,N/A,0.85,38445,2,471,-0.849,262810,-0.01,-0.1,-0.2,-0.2,-0.35,-19.5,0.001
hirematch,1 Oct 2017,15 Feb 2018,137,108,1,fintech,4,16000000,N/A,N/A,0.17,N/A,4,1936,-0.832,98386,0.03,0.16,2.52,2.52,-0.05,-2.5,0.015
emphy,7 Oct 2017,5 Nov 2017,29,210,5,real estate,5,44500,7260000,0.01,0.1,13667,1,13012,1.42,100754,0.14,0.24,3.84,3.84,0.057,-7,0.032
obsidian,12 Aug 2017,26 Aug 2017,14,281,4,saas,6,1566332,8820000,0.18,0.15,801,4,8829,1.49,262223,0.12,0.15,2.45,2.45,-0.033,-0.5,0.004
live-stars,15 Jan 2018,15 Feb 2018,31,108,5,saas,6,2518564,5000000,0.5,0.2,2737,1,7813,-0.602,144179,-0.06,-0.46,-0.92,-0.92,-0.1,-2.5,-0.014
ethersportz,9 Jan 2018,10 Jan 2018,1,144,1,entertainment,6,3500000,3500000,1,0.5,1777,1,N/A,0.123,71545,0.12,0.04,0.57,0.57,1.06,1.5,0.017
chronologic,25 Aug 2017,25 Sep 2017,31,251,12,fintech,3,7400000,N/A,N/A,0.1,N/A,1,N/A,108.4,23084,-0.02,0,-0.02,-0.02,-0.011,7.5,0.012
crycash,12 Dec 2017,31 Jan 2018,50,123,5,blockchain,6,N/A,N/A,N/A,1.1,3120,3,1433,-0.574,50581,0.07,0.57,1.14,1.14,0.135,4,-0.003
darcrus,21 Dec 2016,26 Dec 2016,5,524,12,saas,1,29742,N/A,0.23,0.02,1544,1,9389,0.05,6268,0.36,0.17,2.66,2.66,-0.502,-15.5,0.024
skincoin,21 Jun 2017,21 Jul 2017,30,317,2,blockchain,5,3292183,10000000,0.33,0.04,731,7,6712,-0.08,9042,-0.18,0,0,0,-0.348,-6,0.01
qvolta,10 Oct 2017,20 Oct 2017,10,226,7,blockchain,4,729652,4700000,0.16,0.3,1599,1,1,0.064,40141,0.06,0.14,2.28,2.28,0.104,-18,0.017
farad,1 Oct 2017,31 Oct 2017,30,215,12,energy,11,N/A,N/A,N/A,0.13,76,1,3419,-0.395,39680,0.05,0.12,1.95,1.95,-0.126,8,0.012
transcodium,1 Mar 2018,30 Apr 2018,60,34,4,saas,7,10977534,30000000,0.37,0.376,6174,1,N/A,-0.625,488145,-0.19,-1.5,-3,-3,-0.92,-20.5,-0.026
biotron,27 Mar 2018,05 Apr 2018,9,59,12,other,N/A,N/A,N/A,N/A,0.22,2438,1,N/A,-0.814,955,0.16,1.3,2.61,2.61,0.328,-0.5,0.015
earth-token,15 Dec 2017,15 Mar 2018,90,80,11,saas,11,N/A,N/A,N/A,0.16,13052,3,20266,-0.699,509033,-0.36,-2.82,-5.64,-5.64,-0.269,-1,-0.044
tigereum,8 Dec 2017,18 Dec 2017,10,167,4,saas,15,N/A,12000000,N/A,0.067,N/A,2,3585,1.166,195263,0.29,0.14,2.27,2.27,-0.129,-16.5,0.021
phi-token,8 Mar 2018,21 Mar 2018,13,74,5,other,16,3800000,N/A,N/A,1.61803,26276,1,3815,-0.631,58338,-0.09,-0.69,-1.38,-1.38,0.162,-1.5,-0.01
bitjob,12 Sep 2017,13 Oct 2017,31,235,12,saas,26,2726424,12000000,0.23,0.39,2181,1,6866,-0.733,67138,-0.15,0.14,2.26,2.22,-0.183,0.252,0.014
soma,27 Sep 2017,14 Nov 2017,48,201,5,ecommerce,11,6049621,39800000,0.15,0.74,2133,2,4962,-0.686,6114,0.39,0.15,2.37,2.37,-0.246,33,0.024
wild-crypto,05 Sep 2017,11 Sep 2017,6,265,12,other,N/A,N/A,N/A,N/A,N/A,611,1,N/A,0,4468,0.03,0.13,2.08,2.08,-0.282,-3,0.02
blocklancer,16 Jan 2018,16 Feb 2018,31,107,5,fintech,5,30000010,90000000,0.33,0.09,N/A,1,50,-0.795,34683,0.24,0.1,1.62,1.62,0.984,-1,0.02
boutspro,11 Mar 2018,25 Mar 2018,14,70,4,blockchain,32,N/A,7000000,N/A,0.007,13017,1,9845,2.189,100240,0.04,0.3,0.6,0.6,-0.422,-4.5,-0.003
fundyourselfnow,13 Jun 2017,31 Jul 2017,48,307,12,other,9,N/A,N/A,N/A,N/A,5173,0,N/A,0,27307,0.24,0.14,2.2,2.2,0.174,-7.5,0.017
nitro,30 Nov 2017,26 Dec 2017,26,159,3,saas,11,2694156,58000000,0.05,0.97,16090,1,3739,0.577,131540,0.07,0.07,1.18,1.18,-0.378,3.5,0.027
plancoin,24 Jan 2018,23 Feb 2018,30,100,12,blockchain,N/A,1700000,N/A,N/A,0.6,N/A,1,1909,-0.584,282642,0.03,0.21,0.41,0.41,0.801,16,0
elcoin,08 Jan 2018,05 Feb 2018,28,118,5,saas,18,N/A,30000000,N/A,N/A,690,1,4519,0,11,-0.12,0.16,2.61,2.61,98.761,-15,37.659
suretly,11 Jul 2017,11 Aug 2017,31,296,2,fintech,6,28000001,N/A,N/A,30.93,N/A,1,1292,-0.578,12585,-0.12,-0.04,-0.67,-0.67,-0.024,-8,0.005
mcap,27 Apr 2017,7 May 2017,10,392,1,blockchain,N/A,44287318,N/A,N/A,4,N/A,1,152,0.635,3797,-0.1,-0.14,-2.3,-2.3,0.035,-1.5,-0.003
oceanlab,07 Aug 2017,31 Aug 2017,24,276,12,blockchain,N/A,N/A,N/A,N/A,N/A,N/A,0,N/A,0,29066,0.34,0.17,2.64,2.64,-0.144,-2,0.009
pluscoin,26 Sep 2017,10 Oct 2017,14,236,8,blockchain,13,9598000,N/A,N/A,1.49,117,7,247,-0.999,67444,-0.11,0.08,1.23,1.23,-0.737,-35,0.054
bitair,17 Sep 2017,31 Oct 2017,44,215,12,other,N/A,21510000,N/A,N/A,0.019,N/A,1,N/A,-0.239,209739,0.14,-0.02,-0.32,-0.32,-0.219,1.5,0.003
regalcoin,22 Aug 2017,22 Sep 2017,31,254,12,blockchain,N/A,N/A,N/A,N/A,0.97,5521,1,9579,10.742,3808740,0.4,0.22,3.52,3.52,-0.253,7,-0.005
crystal-clear,8 Sep 2017,8 Oct 2017,30,238,2,transportation,7,3377550,N/A,N/A,3.09,N/A,1,4524,-0.1,21319,-0.14,-0.02,-0.39,-0.39,-0.499,-8.5,0.019
ccore,9 Nov 2017,30 Nov 2017,21,185,12,fintech,8,1400000,N/A,N/A,0.45,2042,1,3928,1.163,15228,0.11,0.12,1.84,1.84,0.253,15.5,0.04
fujinto,10 Aug 2017,10 Sep 2017,31,266,8,blockchain,4,17566200,N/A,0.6,0.07,N/A,1,943,4.452,580241,-0.34,-0.24,-3.74,-3.74,0.353,38,0.002
peerguess,28 Oct 2017,09 Dec 2017,42,178,12,saas,13,N/A,N/A,N/A,0.06,1064,0,2036,1.448,42120,-0.24,-0.06,-1.02,-1.08,-0.26,18.885,0.024
hedge,15 Sep 2017,15 Oct 2017,30,231,5,blockchain,9,2100000,15000000,0.14,0.67,N/A,3,3781,0.063,35573,0.16,0.13,2.06,2.06,-0.663,-30.5,0.064
srcoin,1 Mar 2018,31 Mar 2018,30,64,12,insurance services,11,4000000,N/A,N/A,0.006,1236,1,953,-0.185,132146,0.04,0.31,0.63,0.63,4.41,-1,0.023
ecobit,9 Apr 2017,15 Jun 2017,67,353,12,other,N/A,N/A,N/A,N/A,0.03,286,2,1126,0.078,41297,-0.03,0,0,0,0.212,4,0.007
apx,1 May 2017,21 May 2017,20,378,12,blockchain,N/A,2749185,900,1,0.6,N/A,1,5255,4.267,714525,0.21,0.07,1.18,1.18,0.055,1,0.007
blockpool,01 May 2017,30 Jun 2017,60,338,12,other,10,N/A,N/A,N/A,N/A,N/A,1,N/A,0,39542,-0.11,0.18,2.93,2.93,-0.065,3,0.012
starta,4 Jul 2017,3 Aug 2017,30,304,2,fintech,13,50000009,N/A,N/A,1,N/A,7,N/A,-0.204,6482,0.17,0.05,0.73,0.73,0.25,0.5,0.019
tokenbox,14 Nov 2017,28 Nov 2017,14,187,2,saas,8,8000000,20000000,0.4,1,1964,1,2412,0.5,116601,-0.15,-0.12,-1.91,-1.91,0.139,-26,-0.006
sense,7 Nov 2017,21 Nov 2017,14,194,1,telecommunications,7,15000000,15000000,1,0.1,2437,1,9019,-0.433,13019,0.03,-0.16,-2.58,-2.58,-0.061,3,-0.002
flypme,19 Sep 2017,26 Sep 2017,7,257,5,other,1,1610000,N/A,N/A,0.07,22,1,N/A,1.578,15603,0.1,0.21,3.3,3.3,0.098,-2,0.021
dcorp,01 Jun 2017,29 Jun 2017,28,339,12,fintech,4,N/A,N/A,N/A,N/A,1724,3,N/A,0,199375,-0.09,0.13,2.12,2.12,0.174,26.5,0.01
neverdie,30 Jun 2017,1 Sep 2017,63,275,1,entertainment,2,5800000,10000000,0.58,0.25,10,6,1484,-0.193,43022,-0.08,-0.16,-2.59,-2.59,0.17,2,0.005
centra,03 Aug 2017,02 Oct 2017,60,244,1,fintech,19,26100000,26100000,1,0.73,1188,5,48,-0.527,2484,0.24,0.14,2.22,2.22,-0.203,28.5,0.043
wandx,27 Oct 2017,21 Nov 2017,25,194,7,other,6,86654,N/A,N/A,0.09,2368,1,6390,4.727,90663,0.3,0.04,0.6,0.6,-0.008,6,0.009
monster-byte,6 Jul 2017,4 Aug 2017,29,303,10,entertainment,2,10000002,N/A,1,0.11,N/A,2,2202,-0.271,16860,0.13,0.13,2.1,2.1,-0.382,7.5,0.03
musiconomi,27 Aug 2017,27 Sep 2017,31,249,12,other,6,N/A,N/A,N/A,0.01,N/A,1,N/A,10.468,735,0.09,0.12,1.87,1.87,0.93,3.5,0.019
etheriya,21 Jun 2017,10 Aug 2017,50,297,12,saas,N/A,30000,N/A,0.85,0.25,N/A,2,595,5.4,23481,0.18,0.02,0.34,0.34,1.004,-7,0.043
global-jobcoin,28 Oct 2017,6 Dec 2017,39,179,6,saas,4,N/A,N/A,N/A,1.31,N/A,2,12061,-0.817,14648,0.14,0.13,2.13,2.13,-0.964,62,0.081
bitpark-coin,15 Sep 2016,20 Oct 2016,35,591,8,fintech,1,29195,N/A,N/A,0.1,N/A,0,1110,-0.817,103,-0.02,0.08,1.2,1.2,0.117,-8,0.024
newbium,1 May 2016,31 May 2016,30,733,12,saas,N/A,38180,600000,0.06,N/A,N/A,1,3274,0,11,0.27,0.22,3.51,3.51,0.299,9,0.086
blockpay,23 Aug 2016,15 Sep 2016,23,626,6,saas,1,53836010,N/A,N/A,0.12,N/A,2,N/A,0.762,483,-0.17,-0.01,-0.13,-0.13,0.267,-13.5,0.029
escroco,30 Oct 2017,28 Nov 2017,29,189,12,fintech,N/A,N/A,N/A,N/A,0.1,N/A,1,N/A,30.9,515908,0.18,0.03,0.49,0.44,-0.125,6.359,0.017
tigercoin,25 Feb 2018,25 Mar 2018,28,70,12,fintech,N/A,N/A,N/A,N/A,N/A,504,0,N/A,0,0,-0.24,-0.13,-2.12,-2.12,-1.074,5.5,0.049
bankcoin,5 Nov 2016,19 Dec 2016,44,531,10,fintech,2,1000000,N/A,0.16,0.25,20,1,2529,0.998,47742,0.11,0.23,3.65,3.65,0.431,-2,0.066
300-token,30 Jun 2017,6 Jul 2017,6,332,12,blockchain,N/A,16724,N/A,0.7,79.76,N/A,1,822,7.334,22581,-0.15,0.03,0.48,0.48,-0.14,2,0.019
abjcoin,1 Sep 2017,30 Oct 2017,59,216,12,blockchain,10,N/A,1290000,N/A,0.5,1816,1,N/A,0.183,87523,0.09,0.23,3.57,3.57,0.667,-41,0.111
libra-credit,01 May 2018,01 Jun 2018,31,2,7,fintech,10,26400000,26400000,1,0.12,97530,1,N/A,1.488,4569100,-1.07,-1.86,-3.72,-3.72,1.12,10.5,-0.017
skrumble-network,05 May 2018,07 May 2018,2,27,12,fintech,31,16472800,16500000,1,0.0515,55048,1,1945,0.873,32789700,-0.17,-1.35,-2.69,-2.69,-0.27,5,-0.014
pundi-x,21 Jan 2018,21 Jan 2018,0,133,12,saas,4,35000000,35000000,1,2.1,22960,1,5257,-1,970635,-0.19,0.29,4.53,4.53,0.173,-2,0.041
educoin,18 Mar 2018,25 Mar 2018,7,70,7,social services,4,N/A,N/A,N/A,N/A,374,1,7,0,4,0.22,0.16,2.51,2.51,15.831,0,0.752
apis,4 Mar 2018,3 Apr 2018,30,61,7,blockchain,21,N/A,3600,N/A,0.0036,N/A,0,N/A,0.028,4766240,1.75,3.03,6.06,6.06,-3.345,21.5,0.14
aware,04 Jan 2018,30 Jan 2018,26,124,12,fintech,N/A,N/A,N/A,N/A,0.063,600,1,N/A,0.495,1391910,-0.31,-0.19,-2.96,-2.96,0.074,0.5,-0.002
crowd-machine,01 Apr 2018,22 May 2019,416,-353,7,saas,13,30795000,100000000,0.30795,N/A,6098,1,5078,0,220487,-0.28,-2.2,-4.39,-4.39,0.398,6,-0.01
spindle,9 May 2018,15 May 2018,6,19,4,blockchain,12,N/A,N/A,N/A,0.23,30540,1,23764,-0.905,2379600,0.88,1.52,3.04,3.04,1.794,6.5,0.025
silent-notary,15 Mar 2018,12 Apr 2018,28,52,2,blockchain,4,N/A,N/A,N/A,0,30358,0,6238,0,339139,2.16,3.75,7.49,7.36,-0.743,-21.667,0.135
seele,03 Apr 2018,03 Apr 2018,0,61,12,blockchain,N/A,12133800,12100000,1,0.0324,28776,1,N/A,8.3,1750560,-6.51,-11.27,-22.54,-23.73,0.605,5,-0.057
patron,27 Mar 2018,9 May 2018,43,25,8,saas,26,40000000,35000000,1,0.5,14586,0,21640,-0.864,933787,0.47,0.81,1.63,1.53,-0.494,-1,0.041
gems,30 Jan 2018,01 Feb 2018,2,122,12,fintech,2,N/A,N/A,N/A,0.075,32810,2,19368,-0.689,4746,-0.07,0.01,0.16,-0.12,-0.886,-1047,0.159
exchange-union,05 Aug 2017,29 Aug 2017,24,278,12,other,4,N/A,N/A,N/A,1,N/A,1,N/A,1.29,304953,0.19,0.19,3,2.81,0.087,1,0.01
key,23 Sep 2017,23 Oct 2017,30,223,12,fintech,N/A,21780000,N/A,N/A,0.01,N/A,2,N/A,0.063,496995,-0.18,-1.41,-2.81,-3.51,-0.224,8,-0.006
tokia,4 Dec 2017,15 Mar 2018,101,80,4,fintech,7,30000000,N/A,N/A,1,8301,0,1629,-0.813,641864,0.37,0.63,1.26,1.1,1.084,-20,0.026
cfun,18 Dec 2017,19 Dec 2017,1,166,7,saas,9,15000000,15000000,1,0.03,4572,1,5571,2.506,14156000,-0.17,-0.18,-2.79,-3.06,0.068,-3.333,-0.007
phantasma,27 May 2018,28 May 2018,1,6,12,other,13,9650000,9700000,0.99,0.23,21466,1,4887,1.476,799685,-1.35,-2.34,-4.67,-5.3,0.951,-6,-0.02
stockchain,16 Mar 2018,19 Mar 2018,3,76,7,other,18,2693450,N/A,N/A,0.011,87815,1,54750,1.704,271642,0.31,-0.03,-0.52,-0.77,0.08,-6.667,-0.004
eximchain,01 Feb 2018,13 Feb 2018,12,110,12,blockchain,16,20000000,20000000,1,0.33,10954,1,N/A,1.01,185434,3.37,5.83,11.67,11.13,-0.965,-14,0.056
xyo-network,20 Mar 2018,21 May 2018,62,13,1,other,25,11951000,48000000,0.25,0.01,16443,0,7172,-0.398,245464,-0.21,-0.37,-0.74,-0.99,-0.102,-18.667,-0.008
hero,14 Sep 2017,14 Oct 2017,30,232,5,entertainment,13,36416517,173900000,0.21,0.04,1954,0,4495,7.513,88370,-0.05,-0.09,-0.17,-0.36,-0.554,31.333,-0.006
naviaddress,1 Mar 2018,31 Mar 2018,30,64,7,saas,6,16900000,20000000,0.84,0.05,100000,1,194,-0.518,194240,-0.19,-0.32,-0.65,-1.02,-1.213,-3.333,-0.003
blockcdn,25 Nov 2016,25 Dec 2016,30,525,12,other,1,N/A,N/A,N/A,N/A,N/A,1,N/A,0,31955,0.47,0.11,1.7,1.41,0.066,-11.667,0.006
contractnet,10 Mar 2018,20 Mar 2018,10,75,3,other,10,2661505,N/A,N/A,0.6,N/A,1,1210,0.2,294035,0.49,0.86,1.71,1.47,-2.816,-1,0.06
sphre-air,1 Jun 2017,30 Jun 2017,29,338,4,saas,4,5272732,N/A,N/A,0.19,N/A,1,N/A,-0.222,10531,0.17,0.13,2.1,1.74,-0.113,1,0.004
etherecash,15 Nov 2017,12 Dec 2017,27,173,12,fintech,8,40000000,100000000,0.4,1,N/A,10,1166,-0.216,248868,-0.15,-0.12,-1.95,-2.39,0.549,73,0.008
blockmesh,28 Feb 2018,31 Mar 2018,31,64,12,blockchain,13,3486451,10000000,0.35,0.05,5117,0,12904,-0.289,87339,-0.97,-1.68,-3.36,-3.7,-0.915,-5.333,-0.03
faceter,15 Feb 2018,30 Mar 2018,43,65,11,other,9,28610352,40800000,0.7,0.0349,2094,2,51,-0.43,135291,-0.25,-0.42,-0.85,-1.34,-0.846,-1,-0.003
betterbetting,15 Dec 2017,31 Jan 2018,47,123,5,other,16,5500000,30000000,0.18,0.1,2960,1,2560,-0.1,196193,-0.04,-0.3,-0.59,-0.98,0.32,24,0.013
indicoin,30 Sep 2017,1 Nov 2017,32,214,12,blockchain,9,23000,N/A,N/A,0.02,N/A,1,21440,0.711,60496,0.16,0.05,0.73,0.56,0.334,-48.333,0.029
amon,4 Mar 2018,4 Apr 2018,31,60,5,other,8,1332600,25000000,0.05,0.05,7073,2,2447,0.264,152217,-0.43,-3.39,-6.78,-7.11,0.375,22.667,-0.026
utrum,20 May 2018,20 Jun 2018,31,-17,12,other,7,N/A,5000000,N/A,0.12,7267,1,1327,-0.249,21504,0.13,1.04,2.09,1.36,-0.429,-6,0.004
budbo,29 Jan 2018,5 Mar 2018,35,90,7,blockchain,33,30000000,52500000,0.57,0.35,3332,3,5286,-0.666,67317,0.1,0.81,1.63,1.54,0.991,4,0.017
sisa,20 Nov 2017,20 Dec 2017,30,165,12,fintech,5,N/A,N/A,N/A,0.23,722,1,2978,-0.488,32828,-0.02,0.09,1.49,1.38,-0.421,-16.667,0.03
zengold,26 May 2017,9 Jun 2017,14,359,3,saas,0,1908960,N/A,0.63,0.03,N/A,1,N/A,10.473,13093,0.18,0.17,2.64,2.57,1.968,0.333,0.154
smoke,20 Apr 2018,25 May 2018,35,9,10,telecommunications,6,25000,1900000,0.01,0.1,N/A,1,11855,-0.949,1761,0.03,0.12,1.88,1.84,3.857,2.667,0.131
plexcoin,20 Sep 2017,01 Oct 2017,11,245,12,fintech,N/A,N/A,N/A,N/A,N/A,N/A,0,N/A,0,27979,0.04,0.07,1.16,1.06,-0.071,-10.333,0.01
minex,15 May 2017,13 Jun 2017,29,355,2,blockchain,9,78985,N/A,N/A,6.18,N/A,1,10875,-0.89,8495,0.01,0.06,1.02,0.92,-0.17,-1,0.023
stex,25 Nov 2017,10 Dec 2017,15,175,2,blockchain,5,6700350,55000000,0.12,1,8088,0,930,-0.835,3009,0.22,0.13,2.02,2.02,-114.893,-3.333,77.963
fapcoin,15 Sep 2017,31 Oct 2017,46,215,12,entertainment,N/A,N/A,N/A,N/A,0.3,N/A,1,N/A,-0.463,32723,0.1,0.08,1.3,1.23,-1.041,-6.667,0.04
ox-fina,1 Jul 2017,31 Jul 2017,30,307,10,blockchain,N/A,N/A,N/A,N/A,0.07,N/A,1,854,-0.505,14630,0.2,0.09,1.39,1.3,-0.552,-1,0.048
anryze,12 Sep 2017,12 Oct 2017,30,234,2,blockchain,13,1759099,6000000,0.29,0.02,1041,1,N/A,0.291,670261,0.23,0.14,2.27,2.15,0.059,-3.667,0.015
solomonexchange,N/A,27 Sep 2017,N/A,N/A,N/A,N/A,N/A,N/A,N/A,N/A,N/A,N/A,N/A,N/A,-1,0,-100,-100,-100,-100,-100,-100,-100
hackspacecapital,N/A,20 Sep 2017,N/A,N/A,N/A,N/A,N/A,N/A,N/A,N/A,N/A,N/A,N/A,N/A,-1,0,-100,-100,-100,-100,-100,-100,-100
impakfinance,N/A,20 Sep 2017,N/A,N/A,N/A,N/A,N/A,N/A,N/A,N/A,N/A,N/A,N/A,N/A,-1,0,-100,-100,-100,-100,-100,-100,-100
modum.io,N/A,22 Sep 2017,N/A,N/A,N/A,N/A,N/A,N/A,N/A,N/A,N/A,N/A,N/A,N/A,-1,0,-100,-100,-100,-100,-100,-100,-100
detectortoken,N/A,20 Sep 2017,N/A,N/A,N/A,N/A,N/A,N/A,N/A,N/A,N/A,N/A,N/A,N/A,-1,0,-100,-100,-100,-100,-100,-100,-100
silentnotary,N/A,18 Sep 2017,N/A,N/A,N/A,N/A,N/A,N/A,N/A,N/A,N/A,N/A,N/A,N/A,-1,0,-100,-100,-100,-100,-100,-100,-100
intelligenttradingtech,N/A,17 Sep 2017,N/A,N/A,N/A,N/A,N/A,N/A,N/A,N/A,N/A,N/A,N/A,N/A,-1,0,-100,-100,-100,-100,-100,-100,-100
kybernetwork,N/A,16 Sep 2017,N/A,N/A,N/A,N/A,N/A,N/A,N/A,N/A,N/A,N/A,N/A,N/A,-1,0,-100,-100,-100,-100,-100,-100,-100
kickico,N/A,16 Sep 2017,N/A,N/A,N/A,N/A,N/A,N/A,N/A,N/A,N/A,N/A,N/A,N/A,-1,0,-100,-100,-100,-100,-100,-100,-100
smartinvestmentfundtoken,N/A,15 Sep 2017,N/A,N/A,N/A,N/A,N/A,N/A,N/A,N/A,N/A,N/A,N/A,N/A,-1,0,-100,-100,-100,-100,-100,-100,-100
trackr,N/A,15 Sep 2017,N/A,N/A,N/A,N/A,N/A,N/A,N/A,N/A,N/A,N/A,N/A,N/A,-1,0,-100,-100,-100,-100,-100,-100,-100
facecoin,N/A,15 Sep 2017,N/A,N/A,N/A,N/A,N/A,N/A,N/A,N/A,N/A,N/A,N/A,N/A,-1,0,-100,-100,-100,-100,-100,-100,-100
icobox,N/A,15 Sep 2017,N/A,N/A,N/A,N/A,N/A,N/A,N/A,N/A,N/A,N/A,N/A,N/A,-1,0,-100,-100,-100,-100,-100,-100,-100
social(scl),N/A,14 Sep 2017,N/A,N/A,N/A,N/A,N/A,N/A,N/A,N/A,N/A,N/A,N/A,N/A,-1,0,-100,-100,-100,-100,-100,-100,-100
enigmacatalyst,N/A,12 Sep 2017,N/A,N/A,N/A,N/A,N/A,N/A,N/A,N/A,N/A,N/A,N/A,N/A,-1,0,-100,-100,-100,-100,-100,-100,-100
ahoolee,N/A,11 Sep 2017,N/A,N/A,N/A,N/A,N/A,N/A,N/A,N/A,N/A,N/A,N/A,N/A,-1,0,-100,-100,-100,-100,-100,-100,-100
stuffgogo,N/A,11 Sep 2017,N/A,N/A,N/A,N/A,N/A,N/A,N/A,N/A,N/A,N/A,N/A,N/A,-1,0,-100,-100,-100,-100,-100,-100,-100
prospector,N/A,10 Sep 2017,N/A,N/A,N/A,N/A,N/A,N/A,N/A,N/A,N/A,N/A,N/A,N/A,-1,0,-100,-100,-100,-100,-100,-100,-100
onegram,N/A,10 Sep 2017,N/A,N/A,N/A,N/A,N/A,N/A,N/A,N/A,N/A,N/A,N/A,N/A,-1,0,-100,-100,-100,-100,-100,-100,-100
filecoin,N/A,10 Sep 2017,N/A,N/A,N/A,N/A,N/A,N/A,N/A,N/A,N/A,N/A,N/A,N/A,-1,0,-100,-100,-100,-100,-100,-100,-100
alpencoin,N/A,10 Sep 2017,N/A,N/A,N/A,N/A,N/A,N/A,N/A,N/A,N/A,N/A,N/A,N/A,-1,0,-100,-100,-100,-100,-100,-100,-100
hubii,N/A,07 Sep 2017,N/A,N/A,N/A,N/A,N/A,N/A,N/A,N/A,N/A,N/A,N/A,N/A,-1,0,-100,-100,-100,-100,-100,-100,-100
worldwideanonymousmessaging,N/A,06 Sep 2017,N/A,N/A,N/A,N/A,N/A,N/A,N/A,N/A,N/A,N/A,N/A,N/A,-1,0,-100,-100,-100,-100,-100,-100,-100
indorse,N/A,06 Sep 2017,N/A,N/A,N/A,N/A,N/A,N/A,N/A,N/A,N/A,N/A,N/A,N/A,-1,0,-100,-100,-100,-100,-100,-100,-100
finshicapital,N/A,31 Aug 2017,N/A,N/A,N/A,N/A,N/A,N/A,N/A,N/A,N/A,N/A,N/A,N/A,-1,0,-100,-100,-100,-100,-100,-100,-100
moeda,N/A,31 Aug 2017,N/A,N/A,N/A,N/A,N/A,N/A,N/A,N/A,N/A,N/A,N/A,N/A,-1,0,-100,-100,-100,-100,-100,-100,-100
xplay,N/A,30 Aug 2017,N/A,N/A,N/A,N/A,N/A,N/A,N/A,N/A,N/A,N/A,N/A,N/A,-1,0,-100,-100,-100,-100,-100,-100,-100
paquarium,N/A,24 Aug 2017,N/A,N/A,N/A,N/A,N/A,N/A,N/A,N/A,N/A,N/A,N/A,N/A,-1,0,-100,-100,-100,-100,-100,-100,-100
monsterbyte,N/A,04 Aug 2017,N/A,N/A,N/A,N/A,N/A,N/A,N/A,N/A,N/A,N/A,N/A,N/A,-1,0,-100,-100,-100,-100,-100,-100,-100
coindash,N/A,04 Aug 2017,N/A,N/A,N/A,N/A,N/A,N/A,N/A,N/A,N/A,N/A,N/A,N/A,-1,0,-100,-100,-100,-100,-100,-100,-100
district0xnetwork,N/A,01 Aug 2017,N/A,N/A,N/A,N/A,N/A,N/A,N/A,N/A,N/A,N/A,N/A,N/A,-1,0,-100,-100,-100,-100,-100,-100,-100
11.97,N/A,31 Jul 2017,N/A,N/A,N/A,N/A,N/A,N/A,N/A,N/A,N/A,N/A,N/A,N/A,-1,0,-100,-100,-100,-100,-100,-100,-100
rootproject,N/A,28 Jul 2017,N/A,N/A,N/A,N/A,N/A,N/A,N/A,N/A,N/A,N/A,N/A,N/A,-1,0,-100,-100,-100,-100,-100,-100,-100
geofounders,N/A,26 Jul 2017,N/A,N/A,N/A,N/A,N/A,N/A,N/A,N/A,N/A,N/A,N/A,N/A,-1,0,-100,-100,-100,-100,-100,-100,-100
primalbase,N/A,26 Jul 2017,N/A,N/A,N/A,N/A,N/A,N/A,N/A,N/A,N/A,N/A,N/A,N/A,-1,0,-100,-100,-100,-100,-100,-100,-100
eros,N/A,23 Jul 2017,N/A,N/A,N/A,N/A,N/A,N/A,N/A,N/A,N/A,N/A,N/A,N/A,-1,0,-100,-100,-100,-100,-100,-100,-100
gilgam,N/A,20 Jul 2017,N/A,N/A,N/A,N/A,N/A,N/A,N/A,N/A,N/A,N/A,N/A,N/A,-1,0,-100,-100,-100,-100,-100,-100,-100
gilgam.es,N/A,20 Jul 2017,N/A,N/A,N/A,N/A,N/A,N/A,N/A,N/A,N/A,N/A,N/A,N/A,-1,0,-100,-100,-100,-100,-100,-100,-100
coindash,N/A,17 Jul 2017,N/A,N/A,N/A,N/A,N/A,N/A,N/A,N/A,N/A,N/A,N/A,N/A,-1,0,-100,-100,-100,-100,-100,-100,-100
sumerchain,N/A,17 Jul 2017,N/A,N/A,N/A,N/A,N/A,N/A,N/A,N/A,N/A,N/A,N/A,N/A,-1,0,-100,-100,-100,-100,-100,-100,-100
bitquence,N/A,16 Jul 2017,N/A,N/A,N/A,N/A,N/A,N/A,N/A,N/A,N/A,N/A,N/A,N/A,-1,0,-100,-100,-100,-100,-100,-100,-100
orocrypt,N/A,14 Jul 2017,N/A,N/A,N/A,N/A,N/A,N/A,N/A,N/A,N/A,N/A,N/A,N/A,-1,0,-100,-100,-100,-100,-100,-100,-100
fuck,N/A,13 Jul 2017,N/A,N/A,N/A,N/A,N/A,N/A,N/A,N/A,N/A,N/A,N/A,N/A,-1,0,-100,-100,-100,-100,-100,-100,-100
tezos,N/A,13 Jul 2017,N/A,N/A,N/A,N/A,N/A,N/A,N/A,N/A,N/A,N/A,N/A,N/A,-1,0,-100,-100,-100,-100,-100,-100,-100
insurex,N/A,13 Jul 2017,N/A,N/A,N/A,N/A,N/A,N/A,N/A,N/A,N/A,N/A,N/A,N/A,-1,0,-100,-100,-100,-100,-100,-100,-100
nimiq,N/A,12 Jul 2017,N/A,N/A,N/A,N/A,N/A,N/A,N/A,N/A,N/A,N/A,N/A,N/A,-1,0,-100,-100,-100,-100,-100,-100,-100
leviarcoin,N/A,09 Jul 2017,N/A,N/A,N/A,N/A,N/A,N/A,N/A,N/A,N/A,N/A,N/A,N/A,-1,0,-100,-100,-100,-100,-100,-100,-100
onplace,N/A,06 Jul 2017,N/A,N/A,N/A,N/A,N/A,N/A,N/A,N/A,N/A,N/A,N/A,N/A,-1,0,-100,-100,-100,-100,-100,-100,-100
santiment,N/A,05 Jul 2017,N/A,N/A,N/A,N/A,N/A,N/A,N/A,N/A,N/A,N/A,N/A,N/A,-1,0,-100,-100,-100,-100,-100,-100,-100
openanx,N/A,04 Jul 2017,N/A,N/A,N/A,N/A,N/A,N/A,N/A,N/A,N/A,N/A,N/A,N/A,-1,0,-100,-100,-100,-100,-100,-100,-100
crypviser,N/A,04 Jul 2017,N/A,N/A,N/A,N/A,N/A,N/A,N/A,N/A,N/A,N/A,N/A,N/A,-1,0,-100,-100,-100,-100,-100,-100,-100
rialto.ai,N/A,03 Jul 2017,N/A,N/A,N/A,N/A,N/A,N/A,N/A,N/A,N/A,N/A,N/A,N/A,-1,0,-100,-100,-100,-100,-100,-100,-100
encryptotel,N/A,01 Jul 2017,N/A,N/A,N/A,N/A,N/A,N/A,N/A,N/A,N/A,N/A,N/A,N/A,-1,0,-100,-100,-100,-100,-100,-100,-100
air,N/A,29 Jun 2017,N/A,N/A,N/A,N/A,N/A,N/A,N/A,N/A,N/A,N/A,N/A,N/A,-1,0,-100,-100,-100,-100,-100,-100,-100
21million,N/A,28 Jun 2017,N/A,N/A,N/A,N/A,N/A,N/A,N/A,N/A,N/A,N/A,N/A,N/A,-1,0,-100,-100,-100,-100,-100,-100,-100
silvercoin,N/A,27 Jun 2017,N/A,N/A,N/A,N/A,N/A,N/A,N/A,N/A,N/A,N/A,N/A,N/A,-1,0,-100,-100,-100,-100,-100,-100,-100
idice,N/A,26 Jun 2017,N/A,N/A,N/A,N/A,N/A,N/A,N/A,N/A,N/A,N/A,N/A,N/A,-1,0,-100,-100,-100,-100,-100,-100,-100
nvo,N/A,25 Jun 2017,N/A,N/A,N/A,N/A,N/A,N/A,N/A,N/A,N/A,N/A,N/A,N/A,-1,0,-100,-100,-100,-100,-100,-100,-100
masknetwork,N/A,24 Jun 2017,N/A,N/A,N/A,N/A,N/A,N/A,N/A,N/A,N/A,N/A,N/A,N/A,-1,0,-100,-100,-100,-100,-100,-100,-100
footballcoin,N/A,23 Jun 2017,N/A,N/A,N/A,N/A,N/A,N/A,N/A,N/A,N/A,N/A,N/A,N/A,-1,0,-100,-100,-100,-100,-100,-100,-100
internetofcoins,N/A,21 Jun 2017,N/A,N/A,N/A,N/A,N/A,N/A,N/A,N/A,N/A,N/A,N/A,N/A,-1,0,-100,-100,-100,-100,-100,-100,-100
bidlend,N/A,14 Jun 2017,N/A,N/A,N/A,N/A,N/A,N/A,N/A,N/A,N/A,N/A,N/A,N/A,-1,0,-100,-100,-100,-100,-100,-100,-100
superdao,N/A,13 Jun 2017,N/A,N/A,N/A,N/A,N/A,N/A,N/A,N/A,N/A,N/A,N/A,N/A,-1,0,-100,-100,-100,-100,-100,-100,-100
aira,N/A,11 Jun 2017,N/A,N/A,N/A,N/A,N/A,N/A,N/A,N/A,N/A,N/A,N/A,N/A,-1,0,-100,-100,-100,-100,-100,-100,-100
embermine,N/A,02 Jun 2017,N/A,N/A,N/A,N/A,N/A,N/A,N/A,N/A,N/A,N/A,N/A,N/A,-1,0,-100,-100,-100,-100,-100,-100,-100
adel,N/A,01 Jun 2017,N/A,N/A,N/A,N/A,N/A,N/A,N/A,N/A,N/A,N/A,N/A,N/A,-1,0,-100,-100,-100,-100,-100,-100,-100
basicattentiontoken,N/A,31 May 2017,N/A,N/A,N/A,N/A,N/A,N/A,N/A,N/A,N/A,N/A,N/A,N/A,-1,0,-100,-100,-100,-100,-100,-100,-100
exscudo,N/A,31 May 2017,N/A,N/A,N/A,N/A,N/A,N/A,N/A,N/A,N/A,N/A,N/A,N/A,-1,0,-100,-100,-100,-100,-100,-100,-100
mysteriumnetwork,N/A,30 May 2017,N/A,N/A,N/A,N/A,N/A,N/A,N/A,N/A,N/A,N/A,N/A,N/A,-1,0,-100,-100,-100,-100,-100,-100,-100
e4row,N/A,22 May 2017,N/A,N/A,N/A,N/A,N/A,N/A,N/A,N/A,N/A,N/A,N/A,N/A,-1,0,-100,-100,-100,-100,-100,-100,-100
vivacoin,N/A,21 May 2017,N/A,N/A,N/A,N/A,N/A,N/A,N/A,N/A,N/A,N/A,N/A,N/A,-1,0,-100,-100,-100,-100,-100,-100,-100
bitcoingrowthfund,N/A,17 May 2017,N/A,N/A,N/A,N/A,N/A,N/A,N/A,N/A,N/A,N/A,N/A,N/A,-1,0,-100,-100,-100,-100,-100,-100,-100
legendsroom,N/A,15 May 2017,N/A,N/A,N/A,N/A,N/A,N/A,N/A,N/A,N/A,N/A,N/A,N/A,-1,0,-100,-100,-100,-100,-100,-100,-100
nexxus,N/A,08 May 2017,N/A,N/A,N/A,N/A,N/A,N/A,N/A,N/A,N/A,N/A,N/A,N/A,-1,0,-100,-100,-100,-100,-100,-100,-100
quantumresistantledger,N/A,07 May 2017,N/A,N/A,N/A,N/A,N/A,N/A,N/A,N/A,N/A,N/A,N/A,N/A,-1,0,-100,-100,-100,-100,-100,-100,-100
creativechain,N/A,01 May 2017,N/A,N/A,N/A,N/A,N/A,N/A,N/A,N/A,N/A,N/A,N/A,N/A,-1,0,-100,-100,-100,-100,-100,-100,-100
apptrade,N/A,30 Apr 2017,N/A,N/A,N/A,N/A,N/A,N/A,N/A,N/A,N/A,N/A,N/A,N/A,-1,0,-100,-100,-100,-100,-100,-100,-100
backtoearth,N/A,28 Apr 2017,N/A,N/A,N/A,N/A,N/A,N/A,N/A,N/A,N/A,N/A,N/A,N/A,-1,0,-100,-100,-100,-100,-100,-100,-100
iex.ec,N/A,19 Apr 2017,N/A,N/A,N/A,N/A,N/A,N/A,N/A,N/A,N/A,N/A,N/A,N/A,-1,0,-100,-100,-100,-100,-100,-100,-100
blockchaincapital,N/A,10 Apr 2017,N/A,N/A,N/A,N/A,N/A,N/A,N/A,N/A,N/A,N/A,N/A,N/A,-1,0,-100,-100,-100,-100,-100,-100,-100
cosmosnetwork,N/A,06 Apr 2017,N/A,N/A,N/A,N/A,N/A,N/A,N/A,N/A,N/A,N/A,N/A,N/A,-1,0,-100,-100,-100,-100,-100,-100,-100
cosmos,N/A,05 Apr 2017,N/A,N/A,N/A,N/A,N/A,N/A,N/A,N/A,N/A,N/A,N/A,N/A,-1,0,-100,-100,-100,-100,-100,-100,-100
equibit,N/A,31 Mar 2017,N/A,N/A,N/A,N/A,N/A,N/A,N/A,N/A,N/A,N/A,N/A,N/A,-1,0,-100,-100,-100,-100,-100,-100,-100
chainofpoints,N/A,31 Mar 2017,N/A,N/A,N/A,N/A,N/A,N/A,N/A,N/A,N/A,N/A,N/A,N/A,-1,0,-100,-100,-100,-100,-100,-100,-100
cashscripter,N/A,30 Mar 2017,N/A,N/A,N/A,N/A,N/A,N/A,N/A,N/A,N/A,N/A,N/A,N/A,-1,0,-100,-100,-100,-100,-100,-100,-100
augmentors,N/A,28 Feb 2017,N/A,N/A,N/A,N/A,N/A,N/A,N/A,N/A,N/A,N/A,N/A,N/A,-1,0,-100,-100,-100,-100,-100,-100,-100
lykke(2ndround),N/A,27 Feb 2017,N/A,N/A,N/A,N/A,N/A,N/A,N/A,N/A,N/A,N/A,N/A,N/A,-1,0,-100,-100,-100,-100,-100,-100,-100
contingency,N/A,27 Feb 2017,N/A,N/A,N/A,N/A,N/A,N/A,N/A,N/A,N/A,N/A,N/A,N/A,-1,0,-100,-100,-100,-100,-100,-100,-100
dfinity,N/A,13 Feb 2017,N/A,N/A,N/A,N/A,N/A,N/A,N/A,N/A,N/A,N/A,N/A,N/A,-1,0,-100,-100,-100,-100,-100,-100,-100
betking,N/A,31 Dec 2016,N/A,N/A,N/A,N/A,N/A,N/A,N/A,N/A,N/A,N/A,N/A,N/A,-1,0,-100,-100,-100,-100,-100,-100,-100
ether.camp,N/A,22 Dec 2016,N/A,N/A,N/A,N/A,N/A,N/A,N/A,N/A,N/A,N/A,N/A,N/A,-1,0,-100,-100,-100,-100,-100,-100,-100
virtualaccelerator,N/A,21 Dec 2016,N/A,N/A,N/A,N/A,N/A,N/A,N/A,N/A,N/A,N/A,N/A,N/A,-1,0,-100,-100,-100,-100,-100,-100,-100
mysterium(1stround),N/A,18 Dec 2016,N/A,N/A,N/A,N/A,N/A,N/A,N/A,N/A,N/A,N/A,N/A,N/A,-1,0,-100,-100,-100,-100,-100,-100,-100
vdice,N/A,15 Dec 2016,N/A,N/A,N/A,N/A,N/A,N/A,N/A,N/A,N/A,N/A,N/A,N/A,-1,0,-100,-100,-100,-100,-100,-100,-100
beyondthevoid,N/A,30 Nov 2016,N/A,N/A,N/A,N/A,N/A,N/A,N/A,N/A,N/A,N/A,N/A,N/A,-1,0,-100,-100,-100,-100,-100,-100,-100
massnetwork,N/A,30 Nov 2016,N/A,N/A,N/A,N/A,N/A,N/A,N/A,N/A,N/A,N/A,N/A,N/A,-1,0,-100,-100,-100,-100,-100,-100,-100
arcadecity,N/A,29 Nov 2016,N/A,N/A,N/A,N/A,N/A,N/A,N/A,N/A,N/A,N/A,N/A,N/A,-1,0,-100,-100,-100,-100,-100,-100,-100
etcwin,N/A,23 Nov 2016,N/A,N/A,N/A,N/A,N/A,N/A,N/A,N/A,N/A,N/A,N/A,N/A,-1,0,-100,-100,-100,-100,-100,-100,-100
kibolotto,N/A,09 Nov 2016,N/A,N/A,N/A,N/A,N/A,N/A,N/A,N/A,N/A,N/A,N/A,N/A,-1,0,-100,-100,-100,-100,-100,-100,-100
lykke(1stround),N/A,09 Oct 2016,N/A,N/A,N/A,N/A,N/A,N/A,N/A,N/A,N/A,N/A,N/A,N/A,-1,0,-100,-100,-100,-100,-100,-100,-100
antshares,N/A,07 Sep 2016,N/A,N/A,N/A,N/A,N/A,N/A,N/A,N/A,N/A,N/A,N/A,N/A,-1,0,-100,-100,-100,-100,-100,-100,-100
metaverse,N/A,05 Sep 2016,N/A,N/A,N/A,N/A,N/A,N/A,N/A,N/A,N/A,N/A,N/A,N/A,-1,0,-100,-100,-100,-100,-100,-100,-100
icoo,N/A,30 Jul 2016,N/A,N/A,N/A,N/A,N/A,N/A,N/A,N/A,N/A,N/A,N/A,N/A,-1,0,-100,-100,-100,-100,-100,-100,-100
breakoutcoin,N/A,07 Jul 2016,N/A,N/A,N/A,N/A,N/A,N/A,N/A,N/A,N/A,N/A,N/A,N/A,-1,0,-100,-100,-100,-100,-100,-100,-100
plutus,N/A,01 Jun 2016,N/A,N/A,N/A,N/A,N/A,N/A,N/A,N/A,N/A,N/A,N/A,N/A,-1,0,-100,-100,-100,-100,-100,-100,-100
mycelium(2ndround),N/A,17 May 2016,N/A,N/A,N/A,N/A,N/A,N/A,N/A,N/A,N/A,N/A,N/A,N/A,-1,0,-100,-100,-100,-100,-100,-100,-100
thedao,N/A,01 May 2016,N/A,N/A,N/A,N/A,N/A,N/A,N/A,N/A,N/A,N/A,N/A,N/A,-1,0,-100,-100,-100,-100,-100,-100,-100
projectdecorum,N/A,01 May 2016,N/A,N/A,N/A,N/A,N/A,N/A,N/A,N/A,N/A,N/A,N/A,N/A,-1,0,-100,-100,-100,-100,-100,-100,-100
ionomy,N/A,01 Apr 2016,N/A,N/A,N/A,N/A,N/A,N/A,N/A,N/A,N/A,N/A,N/A,N/A,-1,0,-100,-100,-100,-100,-100,-100,-100
digixglobal,N/A,29 Mar 2016,N/A,N/A,N/A,N/A,N/A,N/A,N/A,N/A,N/A,N/A,N/A,N/A,-1,0,-100,-100,-100,-100,-100,-100,-100
spellsofgenesis,N/A,01 Sep 2015,N/A,N/A,N/A,N/A,N/A,N/A,N/A,N/A,N/A,N/A,N/A,N/A,-1,0,-100,-100,-100,-100,-100,-100,-100
neucoin,N/A,30 Apr 2015,N/A,N/A,N/A,N/A,N/A,N/A,N/A,N/A,N/A,N/A,N/A,N/A,-1,0,-100,-100,-100,-100,-100,-100,-100
dacplay,N/A,21 Feb 2015,N/A,N/A,N/A,N/A,N/A,N/A,N/A,N/A,N/A,N/A,N/A,N/A,-1,0,-100,-100,-100,-100,-100,-100,-100
getgems,N/A,04 Jan 2015,N/A,N/A,N/A,N/A,N/A,N/A,N/A,N/A,N/A,N/A,N/A,N/A,-1,0,-100,-100,-100,-100,-100,-100,-100
storjcoinx,N/A,17 Aug 2014,N/A,N/A,N/A,N/A,N/A,N/A,N/A,N/A,N/A,N/A,N/A,N/A,-1,0,-100,-100,-100,-100,-100,-100,-100
