coin,start,end,duration,age,region,industry,team,raised,hardcap,success,price,telegram,N_google_news,N_twitter,hype,risk,ret_ico_to_day_one,vol_day1,sharpe_1,sharpe_3,sharpe_yr,sharpe_yr2,beta_btc,beta_top10,alpha_btc,alpha_top10
eos,11 Jun 2017,26 Jun 2017,15.0,324.0,1,blockchain,4,4658000.0,N/A,N/A,0.99,51728,30,N/A,0.62,0.64,0.02,13613000,0.19,0.09,1.35,1.31,0.082,1.473,0.015,0.017
tron,07 Sep 2017,08 Sep 2017,1.0,250.0,3,blockchain,1,70000000.0,70000000.0,1.0,0.0,406,20,N/A,0.62,0.6,-1.0,0.0,-100.0,-100.0,-100.0,-100,-100.0,-100.0,-100.0,-100.0
icon,22 Sep 2017,22 Sep 2017,0.0,236.0,8,transportation,41,42750000.0,42800000.0,1.0,0.11,20942,30,101210,0.5,0.44,3.52,71509,0.34,0.32,5.1,5.04,-0.09,-1.905,0.02,0.021
zilliqa,27 Dec 2017,04 Jan 2018,8.0,132.0,12,blockchain,N/A,22000000.0,22000000.0,1.0,0.0,29162,5,N/A,0.74,0.56,-1.0,0.0,-100.0,-100.0,-100.0,-100,-100.0,-100.0,-100.0,-100.0
wanchain,01 Oct 2017,01 Nov 2017,31.0,196.0,3,blockchain,17,35990000.0,36000000.0,1.0,0.34,48257,0,N/A,0.54,0.46,11.38,189439000,0.18,1.41,2.83,2.79,-0.573,-1.582,0.011,0.012
populous,24 Jul 2017,24 Jul 2017,0.0,296.0,4,fintech,5,10220400.0,991001144.0,0.01,0.28,N/A,0,22760,0.82,0.56,10.89,2704070,0.2,0.11,1.69,1.62,-0.051,1.423,0.013,0.004
loopring,1 Aug 2017,16 Aug 2017,15.0,273.0,3,saas,3,120000.0,N/A,N/A,0.11,N/A,0,26901,0.6,0.6,-0.05,200829,-0.05,0.12,1.93,1.78,-0.149,-0.306,0.016,0.004
nebulas,8 Dec 2017,16 Dec 2017,8.0,151.0,1,saas,19,60000000.0,60000000.0,1.0,2.0,11937,0,22343,0.76,0.4,-1.0,0.0,-100.0,-100.0,-100.0,-100,-100.0,-100.0,-100.0,-100.0
dentacoin,1 Oct 2017,1 Nov 2017,31.0,196.0,5,insurance services,19,1923507.0,28800000.0,0.07,0.0,1437,0,110,0.6,0.62,-1.0,0.0,-100.0,-100.0,-100.0,-100,-100.0,-100.0,-100.0,-100.0
fusion,1 Feb 2018,10 Feb 2018,9.0,95.0,7,fintech,19,42185216.0,42200000.0,1.0,2.06,10186,0,7312,0.4,0.64,0.59,1440790,-0.04,0.12,1.87,1.59,-0.197,-3.041,0.016,0.037
substratum,14 Aug 2017,14 Sep 2017,31.0,244.0,1,blockchain,6,13800000.0,45000000.0,0.31,0.08,64,0,1192,0.4,0.64,-0.42,41819,0.29,0.28,4.47,4.29,-0.248,-5.367,0.02,0.009
cybermiles,21 Nov 2017,21 Dec 2017,30.0,146.0,1,saas,9,30881582.0,36680000.0,0.84,0.05,74497,0,218623,0.62,0.62,2.61,12580000,-0.09,0.01,0.22,0.07,-0.005,-1.388,0.007,0.045
dragonchain,2 Oct 2017,2 Nov 2017,31.0,195.0,1,saas,8,13193000.0,15807375.0,0.83,0.07,N/A,0,73373,0.3,0.58,2.85,1142060,0.37,0.26,4.08,3.94,0.11,-4.122,0.015,0.002
kin,12 Sep 2017,26 Sep 2017,14.0,232.0,1,saas,7,48594816.0,75000000.0,0.65,0.0,N/A,0,24400,0.58,0.52,-1.0,0.0,-100.0,-100.0,-100.0,-100,-100.0,-100.0,-100.0,-100.0
gifto,14 Dec 2017,14 Dec 2017,0.0,153.0,3,entertainment,13,10000000.0,10000000.0,1.0,0.1,58161,0,16398,0.48,0.62,2.49,44959800,0.32,0.12,1.93,1.78,-0.067,-6.367,0.01,0.031
electroneum,14 Sep 2017,20 Oct 2017,36.0,208.0,4,blockchain,14,39934610.0,40000000.0,1.0,0.01,48975,0,122658,0.44,0.48,6.74,2464330,-0.13,0.08,1.26,1.12,0.099,-3.714,0.002,0.011
revain,21 Aug 2017,4 Sep 2017,14.0,254.0,2,saas,11,8230000.0,N/A,N/A,0.05,2379,0,6493,0.46,0.66,0.56,107140,0.26,0.38,6.0,5.8,0.079,-1.592,0.018,0.003
monaco,18 May 2017,18 Jun 2017,31.0,332.0,6,fintech,4,54317000.0,N/A,N/A,3.8,7309,0,64681,0.78,0.52,-0.35,1549870,-0.1,0.2,3.1,3.02,0.043,1.204,0.016,0.014
neblio,6 Aug 2017,20 Aug 2017,14.0,269.0,1,fintech,2,2000000.0,N/A,N/A,0.21,N/A,0,N/A,0.44,0.7,2.0,257746,0.2,0.24,3.77,3.62,-0.127,-2.408,0.025,0.013
bnktothefuture,16 Feb 2018,16 Mar 2018,28.0,61.0,12,fintech,10,33000000.0,N/A,N/A,0.1,N/A,0,N/A,0.58,0.62,-0.22,40890,0.31,2.47,4.94,4.94,-0.063,0.0,0.027,-0.005
decentraland,8 Aug 2017,8 Aug 2017,0.0,281.0,10,entertainment,13,24137000.0,600000.0,1.0,0.02,N/A,0,3,0.7,0.62,0.24,688849,-0.21,-0.01,-0.19,-0.19,-0.13,-4.0,0.017,-0.026
bottos,31 Dec 2017,30 Jan 2018,30.0,106.0,12,other,N/A,N/A,N/A,N/A,N/A,N/A,0,N/A,0.42,0.64,-1.0,0.0,-100.0,-100.0,-100.0,-100,-100.0,-100.0,-100.0,-100.0
credits,15 Feb 2018,28 Feb 2018,13.0,77.0,7,saas,9,22570394.0,20000000.0,1.0,0.19,27559,0,18100,0.88,0.56,1.15,3014620,0.28,0.17,2.64,2.64,0.056,2.5,0.021,0.017
cindicator,12 Sep 2017,12 Oct 2017,30.0,216.0,2,blockchain,12,15000000.0,15000000.0,1.0,0.01,7999,0,38918,0.68,0.36,1.26,971989,-0.44,0.06,0.89,0.89,-0.145,-1.5,0.016,-0.021
quantstamp,17 Nov 2017,16 Dec 2017,29.0,151.0,1,fintech,10,31320000.0,31300000.0,1.0,0.07,24244,0,N/A,0.56,0.56,0.3,28481900,0.18,0.23,3.59,3.59,-0.307,5.5,0.014,-0.011
sophiatx,7 Dec 2017,17 Dec 2017,10.0,150.0,6,saas,21,23470356.0,82300000.0,0.29,0.07,5473,0,15537,0.72,0.62,5.51,2148170,0.35,0.08,1.19,1.19,-0.13,-0.5,0.007,0.007
bluzelle,18 Jan 2018,2 Feb 2018,15.0,103.0,7,saas,10,19500000.0,19500000.0,1.0,0.12,23630,0,31958,0.96,0.56,4.65,41214300,0.11,-0.0,-0.02,-0.02,-0.673,-5.0,0.008,-0.011
arcblock,3 Feb 2018,3 Feb 2018,0.0,102.0,1,blockchain,4,45000000.0,45000000.0,1.0,0.5,39190,0,31655,0.72,0.66,1.54,94865600,-0.38,0.07,1.09,1.09,-0.075,0.0,0.001,-0.011
ignis,5 Aug 2017,14 Oct 2017,70.0,214.0,5,other,3,21600000.0,60562000.0,0.36,0.04,N/A,0,27072,0.52,0.46,56.75,18762,0.26,0.07,1.16,1.16,-1.248,-6.0,0.01,-0.017
origintrail,15 Jan 2018,17 Jan 2018,2.0,119.0,5,saas,11,21513600.0,21500000.0,1.0,0.1,9953,0,540,0.42,0.66,1.36,3901170,0.19,0.06,0.93,0.93,-0.188,0.5,0.013,0.039
ambrosus,22 Sep 2017,22 Oct 2017,30.0,206.0,6,insurance services,20,32507330.0,97800000.0,0.33,0.3,4190,0,16638,0.82,0.52,-1.0,0.0,-100.0,-100.0,-100.0,-100,-100.0,-100.0,-100.0,-100.0
crypterium,31 Oct 2017,14 Jan 2018,75.0,122.0,5,fintech,15,51656963.0,47000000.0,1.0,0.75,34512,0,16117,0.82,0.54,2.08,183715,-0.38,-0.05,-0.75,-0.75,-0.263,-12.0,-0.001,0.019
zebi,05 Mar 2018,31 Mar 2018,26.0,46.0,7,fintech,17,8561100.0,8600000.0,1.0,0.03,15215,0,15924,0.46,0.6,2.87,5412550,1.01,1.75,3.51,3.51,-0.229,-5.0,0.026,0.023
ethlend,25 Nov 2017,30 Nov 2017,5.0,167.0,5,blockchain,25,17860000.0,17900000.0,1.0,0.02,19326,0,45554,0.5,0.58,-0.07,728686,0.43,0.26,4.09,4.09,-0.304,1.5,0.018,-0.026
crypto20,16 Oct 2017,30 Nov 2017,45.0,167.0,1,fintech,6,37698373.0,75000000.0,0.5,1.0,N/A,0,9585,0.6,0.6,-1.0,0.0,-100.0,-100.0,-100.0,-100,-100.0,-100.0,-100.0,-100.0
medibloc,27 Nov 2017,15 Dec 2017,18.0,152.0,7,saas,17,21271251.0,30000000.0,0.71,0.01,5127,0,8032,0.6,0.6,0.99,645796,0.53,0.13,1.99,1.99,-0.412,0.5,0.01,-0.028
blockv,19 Oct 2017,25 Oct 2017,6.0,203.0,1,saas,17,21599100.0,40000000.0,0.54,0.02,3742,0,6353,0.6,0.5,0.08,492028,0.34,0.23,3.6,3.6,-0.003,-1.5,0.012,-0.024
datx,11 Feb 2018,11 Mar 2018,28.0,66.0,7,other,9,44150000.0,44200000.0,1.0,0.04,27230,0,47278,0.46,0.64,-0.31,612568,-0.28,0.09,1.45,1.45,0.307,5.0,0.014,0.023
cube,16 Feb 2018,15 Mar 2018,27.0,62.0,4,saas,12,N/A,N/A,N/A,N/A,1674,0,6103,0.26,0.68,-1.0,0.0,-100.0,-100.0,-100.0,-100,-100.0,-100.0,-100.0,-100.0
telcoin,11 Dec 2017,30 Dec 2017,19.0,137.0,8,blockchain,19,25000000.0,25000000.0,1.0,0.0,20719,0,24774,0.4,0.62,-1.0,0.0,-100.0,-100.0,-100.0,-100,-100.0,-100.0,-100.0,-100.0
bread,16 Dec 2017,24 Dec 2017,8.0,143.0,6,blockchain,5,20021300.0,20000000.0,1.0,0.78,46239,0,52955,0.6,0.46,1.42,56455400,0.23,-0.03,-0.47,-0.47,-0.054,2.0,-0.002,-0.019
wepower,1 Feb 2018,2 Feb 2018,1.0,103.0,7,saas,20,40000000.0,40000000.0,1.0,0.13,53415,0,35939,0.84,0.36,0.35,782690,-0.0,-0.04,-0.7,-0.7,-0.062,-4.0,-0.002,-0.023
appcoins,13 Dec 2017,20 Dec 2017,7.0,147.0,7,saas,18,15300000.0,15300000.0,1.0,0.27,11860,0,27541,0.58,0.5,12.07,124119000,-0.07,-0.12,-1.97,-1.97,-0.116,1.5,-0.007,-0.025
banca,26 Feb 2018,26 Feb 2018,0.0,79.0,7,other,17,20000000.0,20000000.0,1.0,0.0,8431,0,6405,0.42,0.56,-1.0,0.0,-100.0,-100.0,-100.0,-100,-100.0,-100.0,-100.0,-100.0
utrust,2 Nov 2017,20 Nov 2017,18.0,177.0,6,saas,26,21000000.0,21000000.0,1.0,0.07,13283,0,28218,0.92,0.64,1.99,3956620,0.34,0.08,1.25,1.25,-0.547,-4.0,0.004,-0.025
wabi,28 Nov 2017,1 Dec 2017,3.0,166.0,2,ecommerce,10,11500000.0,11500000.0,1.0,0.24,8521,0,35065,0.42,0.62,4.79,26744800,0.21,0.1,1.56,1.56,-0.169,-1.5,0.006,-0.019
tierion,27 Jul 2017,28 Jul 2017,1.0,292.0,1,saas,11,25000000.0,25000000.0,1.0,0.07,4607,0,N/A,0.94,0.42,2.33,1142210,-0.11,-0.15,-2.38,-2.38,-0.252,-1.5,0.006,-0.019
modum,1 Sep 2017,22 Oct 2017,51.0,206.0,6,saas,17,13350000.0,16400000.0,0.81,1.0,2238,0,14279,0.4,0.5,-0.37,119265,0.35,0.25,3.9,3.9,-0.164,5.0,0.016,-0.015
bitrent,1 Dec 2017,31 Mar 2018,120.0,46.0,4,saas,19,14627210.0,N/A,N/A,N/A,13012,0,6665,0.74,0.64,-1.0,0.0,-100.0,-100.0,-100.0,-100,-100.0,-100.0,-100.0,-100.0
havven,28 Feb 2018,7 Mar 2018,7.0,70.0,9,blockchain,27,30000000.0,30000000.0,1.0,0.5,67930,0,10837,0.26,0.62,-0.04,1203240,-0.09,0.12,1.92,1.92,-0.05,-6.0,0.011,0.026
qlink,27 Dec 2017,27 Jan 2018,31.0,109.0,7,transportation,14,19270800.0,19300000.0,1.0,0.1,9577,0,252,0.64,0.52,1.9,9911000,0.18,0.03,0.42,0.42,-0.41,-4.5,0.001,-0.02
storiqa,28 Nov 2017,29 Jan 2018,62.0,107.0,3,saas,11,25000000.0,25000000.0,1.0,0.01,30080,0,10208,0.2,0.54,-0.72,271889,-0.09,0.11,1.8,1.8,-0.357,-3.0,0.012,0.054
etherparty,1 Oct 2017,29 Oct 2017,28.0,199.0,1,blockchain,26,33732274.0,65000000.0,0.52,0.1,6087,0,2,0.68,0.58,-0.57,180346,0.13,0.24,3.75,3.75,0.024,-0.5,0.013,-0.029
datum,29 Oct 2017,29 Nov 2017,31.0,168.0,6,saas,18,7581120.0,29400000.0,0.26,0.02,8181,0,36904,0.34,0.64,0.4,160521,0.6,0.18,2.92,2.92,-0.113,1.0,0.009,-0.011
lamden,1 Dec 2017,3 Jan 2018,33.0,133.0,6,fintech,15,10000000.0,10000000.0,1.0,0.09,9336,0,N/A,0.36,0.5,6.43,937600,0.03,-0.05,-0.83,-0.83,-0.31,18.0,0.001,0.016
tokenomy,15 Jan 2018,5 Feb 2018,21.0,100.0,12,blockchain,17,26000000.0,N/A,N/A,0.18,2216,0,30,0.64,0.6,1.3,2372070,-0.57,-0.12,-1.94,-1.94,-0.018,-1.5,-0.005,-0.005
decentbet,21 Sep 2017,19 Oct 2017,28.0,209.0,12,other,N/A,N/A,N/A,N/A,N/A,N/A,0,N/A,0.42,0.8,-1.0,0.0,-100.0,-100.0,-100.0,-100,-100.0,-100.0,-100.0,-100.0
viberate,5 Sep 2017,5 Sep 2017,0.0,253.0,5,entertainment,34,12000000.0,1.0,1.0,0.1,5701,0,32117,0.56,0.4,1.75,1490480,-0.19,-0.08,-1.24,-1.24,-0.165,-2.5,0.006,-0.011
refereum,12 Feb 2018,12 Mar 2018,28.0,65.0,1,saas,14,32252400.0,32300000.0,1.0,0.02,99956,0,54122,0.32,0.5,0.02,1161020,-0.26,-0.04,-0.56,-0.56,0.114,15.0,-0.001,0.007
universa,27 Oct 2017,27 Nov 2017,31.0,170.0,2,saas,25,28559233.0,99000000.0,0.29,0.01,14369,0,1134,0.7,0.52,4.16,763454,-0.49,-0.13,-1.99,-1.99,-0.302,-7.0,-0.009,-0.019
medicalchain,1 Feb 2018,1 Feb 2018,0.0,104.0,4,insurance services,10,23991953.0,24000000.0,1.0,0.25,27573,0,15838,0.64,0.6,-1.0,0.0,-100.0,-100.0,-100.0,-100,-100.0,-100.0,-100.0,-100.0
coinpoker,19 Jan 2018,26 Jan 2018,7.0,110.0,12,entertainment,15,52712179.0,N/A,N/A,0.29,4210,0,4924,0.86,0.56,-0.66,350963,-0.38,-0.01,-0.18,-0.18,-0.604,-8.0,0.009,0.068
cobinhood,13 Sep 2017,22 Oct 2017,39.0,206.0,12,blockchain,5,13078406.0,25000000.0,0.52,0.05,12120,0,44221,0.2,0.66,0.03,41446,0.22,0.25,3.91,3.91,0.159,-0.5,0.014,0.002
datawallet,5 Feb 2018,7 Mar 2018,30.0,70.0,1,other,13,39436870.0,40000000.0,0.99,0.18,6369,0,5556,0.42,0.48,-0.23,122971,-0.14,-0.14,-2.24,-2.24,0.301,-2.0,0.002,0.023
bankex,28 Nov 2017,28 Dec 2017,30.0,139.0,1,fintech,9,70600000.0,140000.0,1.0,1.48,6384,0,7693,0.82,0.46,0.92,371912,-0.43,-0.22,-3.5,-3.5,-0.102,5.0,-0.012,-0.005
propy,15 Aug 2017,15 Sep 2017,31.0,243.0,1,real estate,11,15000000.0,N/A,N/A,1.0,N/A,0,N/A,0.98,0.54,-0.25,26854,-0.1,-0.03,-0.52,-0.52,-0.047,1.5,0.012,-0.015
coss,8 Aug 2017,6 Sep 2017,29.0,252.0,7,saas,24,2500000.0,N/A,N/A,0.02,N/A,0,200,0.48,0.3,1.28,116130,0.39,0.12,1.9,1.9,0.08,-4.0,0.018,-0.021
stox,2 Aug 2017,4 Aug 2017,2.0,285.0,7,fintech,20,148000.0,N/A,N/A,1.86,8516,0,13540,0.48,0.58,-0.35,1294120,0.4,0.04,0.7,0.7,-0.094,4.0,0.003,0.039
agrello,16 Jul 2017,17 Aug 2017,32.0,272.0,5,saas,13,30100000.0,4.0,1.0,0.43,4813,0,14787,0.8,0.64,-1.0,0.0,-100.0,-100.0,-100.0,-100,-100.0,-100.0,-100.0,-100.0
karma,29 Nov 2017,15 Dec 2017,16.0,152.0,2,fintech,15,1000000.0,10000000.0,0.1,0.01,1218,0,4163,0.44,0.66,5.91,150439,-0.01,-0.17,-2.67,-2.67,-0.429,4.5,-0.006,-0.002
monetha,31 Aug 2017,31 Aug 2017,0.0,258.0,5,fintech,11,35910000.0,35900000.0,1.0,0.16,4663,0,18960,0.68,0.4,0.78,2743890,-0.15,-0.11,-1.76,-1.76,-0.17,-1.5,0.004,-0.024
mothership,7 Jul 2017,21 Jul 2017,14.0,299.0,5,saas,10,5408000.0,N/A,N/A,0.04,N/A,0,485,0.6,0.7,0.01,88727,0.49,0.24,3.74,3.74,-0.059,-2.0,0.01,-0.031
dmarket,14 Nov 2017,01 Dec 2017,17.0,166.0,2,entertainment,4,19026768.0,53300000.0,0.36,0.63,3461,0,7265,0.68,0.38,0.54,18992,-0.03,0.06,1.02,1.02,0.139,5.5,0.011,-0.024
selfkey,14 Jan 2018,14 Jan 2018,0.0,122.0,7,fintech,48,21776392.0,21800000.0,1.0,0.01,11580,0,N/A,0.74,0.48,5.65,31248100,-0.52,-0.26,-4.06,-4.06,-0.272,-2.5,-0.013,-0.014
dimcoin,1 Jul 2017,27 Aug 2017,57.0,262.0,11,fintech,20,14005746.0,13500000.0,1.0,0.01,3037,0,N/A,0.68,0.58,23.56,1409400,-0.49,-0.22,-3.44,-3.44,0.125,-12.0,-0.005,-0.022
indahash,29 Nov 2017,20 Dec 2017,21.0,147.0,5,saas,15,42715825.0,67000000.0,0.64,0.21,11960,0,9941,0.84,0.52,1.93,3113160,-0.2,-0.11,-1.73,-1.73,-0.338,-1.5,-0.009,0.016
blockport,31 Jan 2018,27 Jan 2018,-4.0,109.0,12,fintech,N/A,2000.0,15000000.0,0.0,0.35,26777,0,N/A,0.42,0.6,0.25,1024180,-0.0,0.07,1.04,1.04,-0.208,-4.5,0.005,-0.014
blackmoon,12 Sep 2017,12 Oct 2017,30.0,216.0,12,blockchain,14,30000000.0,30000000.0,1.0,1.0,3566,0,6468,0.46,0.5,-0.16,592273,0.01,-0.11,-1.71,-1.71,-0.08,3.5,0.005,-0.002
polyswarm,20 Feb 2018,22 Mar 2018,30.0,55.0,1,saas,7,25930000.0,50000000.0,0.52,0.02,7871,0,16,0.72,0.54,-0.71,25413,0.41,3.28,6.56,6.56,-0.067,-1.5,0.029,0.002
cappasity,22 Feb 2018,22 Mar 2018,28.0,55.0,1,saas,5,5100000.0,20000000.0,0.26,0.15,60784,0,8758,0.62,0.4,-0.78,887638,0.12,0.17,2.68,2.68,0.475,-3.0,0.016,-0.038
covesting,24 Nov 2017,15 Jan 2018,52.0,121.0,7,saas,12,18750000.0,18800000.0,1.0,1.44,8969,0,10197,0.82,0.52,1.15,328108,-0.21,-0.12,-1.95,-1.95,-0.247,0.0,-0.005,-0.018
aeron,19 Sep 2017,30 Oct 2017,41.0,198.0,10,transportation,11,4897723.0,30000000.0,0.16,0.5,20001,0,30235,0.5,0.64,-0.19,8757,0.13,0.16,2.58,2.58,0.13,-2.5,0.031,-0.036
hacken,31 Oct 2017,30 Nov 2017,30.0,167.0,2,blockchain,8,70000002.0,N/A,N/A,1.0,1958,0,8678,0.74,0.7,5.77,320959,0.16,0.07,1.05,1.05,0.13,-4.0,0.011,-0.001
bitclave,29 Nov 2017,29 Nov 2017,0.0,168.0,1,saas,19,25547000.0,25500000.0,1.0,0.1,11069,0,22728,0.66,0.56,0.5,957302,0.12,-0.01,-0.23,-0.23,0.001,-3.0,-0.002,-0.014
latoken,22 Aug 2017,10 Oct 2017,49.0,218.0,7,fintech,35,18880673.0,40000000.0,0.47,0.42,5505,0,7911,0.44,0.52,-0.33,163778,-0.05,0.11,1.73,1.73,-0.051,1.0,0.007,-0.009
envion,15 Dec 2017,14 Jan 2018,30.0,122.0,6,blockchain,12,100000000.0,105.0,1.0,0.7,22769,0,21582,0.66,0.68,0.38,168394,-0.22,-0.13,-2.0,-2.0,-0.301,-10.5,-0.014,-0.055
matryx,13 Sep 2017,12 Oct 2017,29.0,216.0,1,saas,15,1984347.0,9000000.0,0.22,0.29,1570,0,110,0.22,0.68,1.5,1031,0.21,0.11,1.8,1.8,-0.218,-20.0,0.025,-0.019
divi,25 Oct 2017,21 Nov 2017,27.0,176.0,12,other,15,2592000.0,2000000.0,1.0,0.62,2074,0,N/A,0.66,0.52,0.36,56068,0.17,0.24,3.82,3.82,-0.208,-3.0,0.016,-0.016
sureremit,10 Jan 2018,10 Feb 2018,31.0,95.0,1,saas,11,10000000.0,10.0,1.0,0.02,2046,0,4401,0.34,0.64,0.83,35294,-0.22,0.02,0.31,0.31,-0.561,-8.5,0.006,-0.025
domraider,12 Sep 2017,9 Oct 2017,27.0,219.0,5,saas,33,67200000.0,67200000.0,1.0,0.12,359,0,154,0.62,0.46,-0.46,13888,0.02,0.09,1.36,1.36,-0.045,-1.5,0.008,0.007
maecenas,7 Sep 2017,8 Oct 2017,31.0,220.0,4,saas,8,15375432.0,18900000.0,0.81,0.66,916,0,2227,0.38,0.4,-0.3,11868,0.09,0.17,2.68,2.68,-0.22,21.0,0.025,0.042
swissborg,7 Dec 2017,10 Jan 2018,34.0,126.0,6,blockchain,13,50000000.0,50000000.0,1.0,0.1,4781,0,11221,0.3,0.6,0.03,115322,-0.35,-0.18,-2.92,-2.92,-0.222,-4.0,-0.01,-0.016
docademic,29 Jan 2018,15 Apr 2018,76.0,31.0,10,insurance services,11,1100000.0,N/A,N/A,0.02,6476,0,5592,0.26,0.8,0.18,716822,1.51,2.62,5.24,5.24,9.203,0.625,0.278,0.166
cashaa,6 Nov 2017,6 Dec 2017,30.0,161.0,4,fintech,11,11110000.0,32000000.0,0.35,0.1,7646,0,388,0.58,0.6,0.18,34753,-0.23,-0.13,-2.14,-1.97,0.144,0.875,-0.01,-0.001
smartlands,2 Nov 2017,20 Nov 2017,18.0,177.0,12,fintech,11,1753698.0,25000000.0,0.07,0.5,1675,0,1953,0.68,0.72,-0.61,102013,0.24,0.16,2.52,2.56,0.205,-13.625,0.056,-0.026
bitdegree,1 Dec 2017,29 Dec 2017,28.0,138.0,5,social services,22,22127834.0,21600000.0,1.0,0.07,17445,0,20315,0.72,0.54,6.67,693702,-0.2,0.05,0.79,0.82,-1.024,8.375,0.014,0.004
icos,15 Aug 2017,15 Sep 2017,31.0,243.0,2,blockchain,23,14945000.0,N/A,N/A,29.1,1842,0,4934,0.7,0.66,0.58,15683,0.1,0.05,0.76,0.89,-0.183,-21.375,0.003,-0.054
auctus,10 Apr 2018,20 Apr 2018,10.0,26.0,12,blockchain,12,3865575.0,3900000.0,0.99,0.26,8953,0,9785,0.72,0.5,1.84,1413630,0.16,1.29,2.59,2.73,0.288,-6.5,0.013,-0.035
lendingblock,15 Apr 2018,22 Apr 2018,7.0,24.0,4,blockchain,6,10000000.0,10000000.0,1.0,0.02,8101,0,5897,0.4,0.56,0.55,458040,-0.57,-0.99,-1.98,-1.79,-0.229,-14.5,-0.012,-0.045
srcoin,1 Mar 2018,31 Mar 2018,30.0,46.0,12,insurance services,11,4000000.0,N/A,N/A,0.01,1264,0,981,0.26,0.72,-0.51,132146,0.04,0.31,0.63,0.67,-3.807,-185.25,0.016,-0.093
leadcoin,1 Mar 2018,11 Mar 2018,10.0,66.0,7,fintech,17,50000000.0,50000000.0,1.0,0.08,11433,0,1289,0.36,0.6,0.49,6963540,-0.02,-0.0,-0.0,0.07,-0.243,-8.0,-0.002,-0.03
dovu,3 Oct 2017,17 Oct 2017,14.0,211.0,4,saas,6,6644682.0,28400000.0,0.23,0.11,99,0,N/A,0.54,0.66,-0.17,106502,0.09,0.14,2.24,2.3,0.307,10.25,0.016,0.023
snovio,30 Oct 2017,30 Nov 2017,31.0,167.0,2,fintech,13,2129106.0,10000000.0,0.21,0.01,20409,0,10542,0.44,0.56,-0.73,12041,0.48,0.23,3.71,3.76,0.026,-0.25,0.037,-0.022
connectjob,12 Feb 2018,30 Apr 2018,77.0,16.0,7,saas,24,10437623.0,12.0,1.0,0.03,7964,0,6555,0.62,0.56,2.3,173329,0.33,0.57,1.13,1.36,0.347,4.0,0.01,0.01
rivetz,10 Aug 2017,10 Sep 2017,31.0,248.0,1,saas,16,18653920.0,20000000.0,0.93,0.88,N/A,0,9716,0.5,0.68,-0.44,31436,-0.0,-0.04,-0.59,-0.45,0.006,-4.375,0.007,0.006
aditus,30 Nov 2017,19 Dec 2017,19.0,148.0,7,saas,15,7100193.0,22500000.0,0.32,0.05,14066,0,N/A,0.44,0.66,-0.73,300285,0.4,3.16,6.32,6.41,-0.092,28.625,0.06,0.166
atbcoin,15 Jul 2017,13 Sep 2017,60.0,245.0,12,other,N/A,50000000.0,N/A,N/A,N/A,2186,0,N/A,0.66,0.54,-1.0,0.0,-100.0,-100.0,-100.0,-100,-100.0,-100.0,-100.0,-100.0
remme,13 Feb 2018,22 Feb 2018,9.0,83.0,12,saas,20,17544101.0,17500000.0,1.0,0.04,16902,0,5516,0.8,0.54,-0.21,587552,-0.34,-0.0,-0.05,0.14,0.027,-0.125,-0.004,-0.041
leverj,7 Nov 2017,7 Dec 2017,30.0,160.0,12,saas,6,13049080.0,51000000.0,0.26,0.15,3737,0,5044,0.6,0.68,0.82,47085,-0.14,-0.14,-2.28,-2.15,-0.047,16.125,-0.002,0.041
aventus,6 Sep 2017,6 Sep 2017,0.0,252.0,4,entertainment,7,18780000.0,18800000.0,1.0,3.4,254,0,N/A,0.6,0.66,0.29,950718,-0.32,-0.01,-0.18,-0.06,0.087,-7.375,0.002,-0.024
worldcore,14 Oct 2017,15 Dec 2017,62.0,152.0,5,saas,14,25000000.0,100.0,1.0,0.1,3015,0,N/A,0.52,0.52,0.15,151573,0.41,0.14,2.23,2.33,0.064,6.875,0.005,-0.031
flixxo,24 Oct 2017,24 Nov 2017,31.0,173.0,10,saas,5,4731021.0,12000000.0,0.39,0.09,3739,0,6198,0.6,0.4,0.28,106293,-0.04,0.17,2.66,2.73,0.072,-10.75,0.012,-0.038
adbank,15 Dec 2017,14 Jan 2018,30.0,122.0,1,saas,5,13962900.0,14000000.0,1.0,0.05,5200,0,4531,0.64,0.62,-0.17,1033600,-0.14,-0.15,-2.44,-2.27,-0.347,6.125,-0.003,-0.009
playkey,1 Nov 2017,1 Dec 2017,30.0,166.0,2,entertainment,16,10340000.0,104.0,1.0,1.73,7665,0,7164,0.76,0.52,-0.68,9317,0.43,0.13,2.14,2.22,-0.217,6.0,0.011,-0.02
adhive,28 Feb 2018,14 Mar 2018,14.0,63.0,5,entertainment,17,17491749.0,17500000.0,1.0,0.17,16893,0,5144,0.82,0.5,-0.67,772548,0.12,0.93,1.86,1.99,-1.776,4.0,0.02,0.02
payfair,1 Nov 2017,30 Nov 2017,29.0,167.0,2,saas,6,18291.0,N/A,N/A,N/A,2606,0,2342,0.32,0.74,-1.0,0.0,-100.0,-100.0,-100.0,-100,-100.0,-100.0,-100.0,-100.0
airtoken,19 Sep 2017,19 Oct 2017,30.0,209.0,1,telecommunications,14,15000000.0,15000000.0,1.0,0.02,813,0,5274,0.72,0.48,-0.31,303295,-0.25,0.02,0.38,0.51,0.023,-8.5,0.003,-0.055
spectiv,8 Dec 2017,31 Dec 2017,23.0,136.0,1,entertainment,8,7605767.0,10600000.0,0.72,0.5,N/A,0,3305,0.56,0.44,-1.0,0.0,-100.0,-100.0,-100.0,-100,-100.0,-100.0,-100.0,-100.0
hellogold,28 Aug 2017,2 Oct 2017,35.0,226.0,12,saas,19,32000.0,N/A,N/A,0.05,1474,0,1981,0.3,0.66,-0.52,28580,-0.0,0.14,2.29,2.35,-0.133,-10.75,0.026,-0.017
alis,1 Sep 2017,1 Oct 2017,30.0,227.0,8,saas,5,3705000.0,35600000.0,0.1,0.1,N/A,0,1755,0.6,0.7,1.12,337890,0.2,0.18,2.92,3.01,-0.099,-15.125,0.01,-0.051
clearcoin,16 Nov 2017,31 Mar 2018,135.0,46.0,1,other,17,N/A,N/A,N/A,0.01,26113,0,N/A,0.52,0.64,0.55,93524,0.07,0.54,1.08,1.22,0.485,5.25,-0.007,-0.007
viuly,1 Nov 2017,15 Nov 2017,14.0,182.0,5,entertainment,3,N/A,30000000.0,N/A,0.17,6768,0,6321,0.74,0.46,-0.97,14913,0.32,0.25,4.03,4.07,0.106,-2.5,0.036,-0.015
gatcoin,17 Dec 2017,5 Jan 2018,19.0,131.0,3,saas,17,14500000.0,14500000.0,1.0,0.03,4020,0,4412,0.54,0.5,1.64,681451,-0.3,-0.23,-3.69,-3.53,-0.017,-8.875,-0.011,-0.029
eroscoin,11 Oct 2017,15 Nov 2017,35.0,182.0,12,other,7,N/A,N/A,N/A,N/A,N/A,0,N/A,0.42,0.58,-1.0,0.0,-100.0,-100.0,-100.0,-100,-100.0,-100.0,-100.0,-100.0
fidentiax,6 Nov 2017,5 Dec 2017,29.0,162.0,7,saas,8,1566283.0,2900000.0,0.54,0.03,2510,0,3948,0.22,0.62,8.27,77268,0.26,0.07,1.06,1.13,-0.239,6.5,0.004,-0.015
dether,07 Feb 2018,07 Mar 2018,28.0,70.0,5,saas,8,13445000.0,13400000.0,1.0,0.23,7022,0,1261,0.5,0.54,-0.34,40103,-0.32,-0.11,-1.69,-1.55,0.568,3.75,0.005,0.008
hoqu,27 Nov 2017,26 Feb 2018,91.0,79.0,4,fintech,5,18782400.0,33200000.0,0.57,0.22,15099,0,6194,0.84,0.4,-0.66,29097,-0.15,-0.04,-0.63,-0.46,0.071,-4.125,-0.008,-0.031
cryptopay,2 Oct 2017,30 Oct 2017,28.0,198.0,4,blockchain,3,18148220.0,64300000.0,0.28,0.31,N/A,0,8243,0.48,0.4,0.24,380453,0.1,0.07,1.04,1.11,-0.322,-9.875,0.007,0.001
1world,5 Oct 2017,6 Nov 2017,32.0,191.0,1,blockchain,66,5000000.0,N/A,N/A,1.2,7204,0,7604,0.42,0.44,-0.66,357311,-0.08,-0.66,-1.31,-1.21,-0.362,16.125,0.005,0.061
atlant,7 Sep 2017,1 Nov 2017,55.0,196.0,2,real estate,12,6663530.0,69200000.0,0.1,0.61,5220,0,4079,0.56,0.52,-0.35,323580,-0.27,0.04,0.68,0.8,-0.218,-5.125,0.007,-0.041
helbiz,15 Feb 2018,4 Mar 2018,17.0,73.0,7,fintech,12,38646000.0,N/A,N/A,0.01,1947,0,23289,0.44,0.62,0.31,756160,0.56,0.96,1.93,2.0,2.58,-16.125,0.035,-0.071
blockcat,15 Jul 2017,14 Aug 2017,30.0,275.0,1,saas,7,6284400.0,5000000.0,1.0,0.88,N/A,0,7933,0.42,0.56,0.23,28777,0.19,0.06,0.96,1.06,-0.201,-15.75,0.008,-0.018
parkgene,15 Jan 2018,19 Mar 2018,63.0,58.0,7,fintech,5,2000.0,35000000.0,0.0,0.1,4425,0,779,0.6,0.52,-0.87,58791,1.22,2.1,4.21,4.38,-2.697,-23.667,0.0,-0.007
biocoin,1 Nov 2017,18 Feb 2018,109.0,87.0,2,other,18,16000000.0,15000000.0,1.0,16.0,337,0,1255,0.38,0.66,-1.0,41016,-0.11,-0.18,-2.92,-2.62,0.047,7.0,-0.007,0.08
adshares,7 Jul 2017,12 Jan 2018,189.0,124.0,12,fintech,2,11900000.0,N/A,N/A,2.8,1084,0,2228,0.3,0.78,-0.86,7590,0.19,0.09,1.48,1.56,-0.027,-4.5,0.017,-0.035
bezop,20 Dec 2017,10 Jan 2018,21.0,126.0,12,other,4,N/A,N/A,N/A,N/A,5419,0,N/A,0.22,0.58,-1.0,0.0,-100.0,-100.0,-100.0,-100,-100.0,-100.0,-100.0,-100.0
vezt,4 Nov 2017,3 Dec 2017,29.0,164.0,1,entertainment,19,1378806.0,15000000.0,0.09,0.5,2853,0,5411,0.54,0.58,5.32,2379180,-0.14,-0.13,-2.04,-1.92,-0.522,-6.833,-0.011,0.022
herocoin,14 Sep 2017,14 Oct 2017,30.0,214.0,5,other,7,14000000.0,16000000.0,0.88,0.03,1911,0,N/A,0.52,0.54,-0.32,852325,0.3,0.16,2.55,2.6,-0.555,-1.667,0.028,-0.027
experty,25 Jan 2018,25 Feb 2018,31.0,80.0,6,telecommunications,15,9468000.0,9500000.0,1.0,1.05,14467,0,15947,0.82,0.54,-0.37,1742640,-0.58,-0.12,-1.85,-1.65,-0.108,1.5,-0.014,-0.015
syncfab,15 Feb 2018,15 Mar 2018,28.0,62.0,1,saas,9,9155717.0,19700000.0,0.46,0.12,10350,0,N/A,0.58,0.5,-0.61,48703,0.02,0.14,0.28,0.42,-0.754,-16.5,-0.001,-0.055
tokenstars,31 Aug 2017,31 Oct 2017,61.0,197.0,7,other,4,4901000.0,15000000.0,0.33,0.42,18547,0,N/A,0.56,0.64,-0.17,409248,-0.54,-0.94,-1.89,-1.75,-0.342,-19.2,-0.025,-0.052
real,31 Aug 2017,30 Sep 2017,30.0,228.0,7,real estate,4,10604571.0,33000000.0,0.32,1.32,2108,0,4536,0.52,0.68,-0.23,13785,0.0,-0.02,-0.34,-0.18,0.119,4.6,0.014,0.016
ethorse,10 Jan 2018,17 Jan 2018,7.0,119.0,7,other,N/A,4000.0,N/A,N/A,0.05,N/A,0,1299,0.34,0.68,1.72,523864,0.01,0.03,0.4,0.6,-0.035,9.0,-0.001,-0.05
aigang,15 Nov 2017,15 Dec 2017,30.0,152.0,7,fintech,7,4228920.0,31100000.0,0.14,0.35,4627,0,7934,0.7,0.46,10.6,16206500,-0.22,-0.26,-4.06,-3.87,-0.228,-1.6,-0.019,-0.016
privatix,19 Oct 2017,16 Nov 2017,28.0,181.0,12,saas,16,2391939.0,15000000.0,0.16,3.33,1964,0,704,0.48,0.64,-0.06,99333,0.11,0.15,2.41,2.49,-0.164,6.8,0.025,-0.062
lampix,9 Aug 2017,18 Aug 2017,9.0,271.0,1,saas,13,12113000.0,60.0,1.0,0.11,N/A,0,3337,0.4,0.5,-0.13,29039,0.07,0.06,0.89,1.11,-0.127,-10.6,0.005,-0.036
goldmint,20 Sep 2017,11 Nov 2017,52.0,186.0,2,fintech,11,6935639.0,49000000.0,0.14,7.0,10897,0,2592,0.46,0.54,-0.63,74776,0.24,0.16,2.47,2.62,-0.098,-6.0,0.011,-0.04
tokenbox,14 Nov 2017,28 Nov 2017,14.0,169.0,2,saas,8,20000000.0,20000000.0,1.0,1.0,2019,0,2430,0.76,0.56,0.5,116601,-0.15,-0.12,-1.91,-1.67,0.041,7.8,-0.007,0.038
sense,7 Nov 2017,21 Nov 2017,14.0,176.0,1,telecommunications,7,15000000.0,15000000.0,1.0,0.1,2461,0,9663,0.44,0.56,-0.43,13019,0.03,-0.16,-2.58,-2.37,-0.286,12.6,-0.002,0.016
upfiring,3 Oct 2017,31 Oct 2017,28.0,197.0,12,saas,N/A,25848.0,N/A,N/A,0.03,N/A,0,N/A,0.38,0.8,12.97,362421,-0.26,0.21,3.33,3.41,-0.295,3.4,0.018,0.014
crycash,12 Dec 2017,31 Jan 2018,50.0,105.0,5,blockchain,6,N/A,N/A,N/A,1.1,3163,0,1444,0.42,0.58,-0.57,50581,0.07,0.57,1.14,1.37,0.267,10.2,0.01,0.032
eventchain,13 Sep 2017,14 Oct 2017,31.0,214.0,1,entertainment,8,772896.0,13500000.0,0.06,0.42,N/A,0,24081,0.44,0.64,-0.6,1884,0.21,0.17,2.74,2.78,-0.537,7.0,0.044,0.02
obsidian,12 Aug 2017,26 Aug 2017,14.0,263.0,4,saas,6,1566332.0,15.0,1.0,0.25,814,0,8995,0.62,0.5,0.49,262223,0.12,0.15,2.45,2.62,-0.06,-3.8,0.005,-0.028
hirematch,1 Oct 2017,15 Feb 2018,137.0,90.0,1,fintech,4,16000000.0,N/A,N/A,0.17,N/A,0,1955,0.28,0.58,-0.83,98386,0.03,0.21,0.42,0.71,-0.091,3.0,0.022,-0.03
blocklancer,16 Jan 2018,16 Feb 2018,31.0,89.0,5,fintech,5,10000000.0,N/A,N/A,N/A,N/A,0,51,0.68,0.5,-1.0,0.0,-100.0,-100.0,-100.0,-100,-100.0,-100.0,-100.0,-100.0
coinlancer,14 Oct 2017,15 Nov 2017,32.0,182.0,12,saas,36,11860153.0,50000000.0,0.24,0.25,7305,0,2235,0.5,0.7,0.69,3536710,0.03,-0.09,-1.49,-1.35,-0.235,3.2,-0.01,0.022
soma,27 Sep 2017,14 Nov 2017,48.0,183.0,5,ecommerce,11,6049621.0,39800000.0,0.15,0.74,1506,0,4798,0.54,0.5,-0.69,6114,0.39,0.15,2.37,2.46,-0.288,-30.4,0.027,0.086
farad,1 Oct 2017,31 Oct 2017,30.0,197.0,12,energy,11,N/A,N/A,N/A,0.13,76,0,3439,0.56,0.74,-0.39,39680,0.05,0.12,1.95,2.04,-0.121,-2.2,0.015,0.088
chronologic,25 Aug 2017,25 Sep 2017,31.0,233.0,12,fintech,3,7502000.0,N/A,N/A,N/A,N/A,0,N/A,0.3,0.6,-1.0,0.0,-100.0,-100.0,-100.0,-100,-100.0,-100.0,-100.0,-100.0
wandx,27 Oct 2017,21 Nov 2017,25.0,176.0,7,other,6,13000.0,N/A,N/A,N/A,2355,0,6125,0.34,0.6,-1.0,0.0,-100.0,-100.0,-100.0,-100,-100.0,-100.0,-100.0,-100.0
centra,03 Aug 2017,02 Oct 2017,60.0,226.0,1,fintech,19,26100000.0,26100000.0,1.0,0.73,1165,0,49,0.56,0.54,-0.53,2484,0.24,0.14,2.22,2.23,-0.248,2.0,0.046,0.06
musiconomi,27 Aug 2017,27 Sep 2017,31.0,231.0,12,other,6,N/A,N/A,N/A,N/A,N/A,0,N/A,0.46,0.64,-1.0,0.0,-100.0,-100.0,-100.0,-100,-100.0,-100.0,-100.0,-100.0
bitjob,12 Sep 2017,13 Oct 2017,31.0,215.0,12,saas,26,2726424.0,12000000.0,0.23,0.39,2196,0,6919,0.62,0.6,-1.0,0.0,-100.0,-100.0,-100.0,-100,-100.0,-100.0,-100.0,-100.0
escroco,30 Oct 2017,28 Nov 2017,29.0,169.0,12,fintech,N/A,N/A,N/A,N/A,N/A,N/A,0,N/A,0.22,0.86,-1.0,0.0,-100.0,-100.0,-100.0,-100,-100.0,-100.0,-100.0,-100.0
suretly,11 Jul 2017,11 Aug 2017,31.0,278.0,2,fintech,6,1000000.0,N/A,N/A,30.93,N/A,0,1280,0.54,0.6,-0.58,12585,-0.12,-0.04,-0.67,-0.52,-0.007,-8.4,0.004,-0.044
bitair,17 Sep 2017,31 Oct 2017,44.0,197.0,12,other,N/A,N/A,N/A,N/A,0.02,N/A,0,N/A,0.4,0.72,-0.28,209739,0.14,-0.02,-0.32,-0.19,-0.266,11.6,-0.006,0.016
tigercoin,25 Feb 2018,25 Mar 2018,28.0,52.0,12,fintech,N/A,N/A,N/A,N/A,N/A,508,0,N/A,0.32,0.74,-1.0,0.0,-100.0,-100.0,-100.0,-100,-100.0,-100.0,-100.0,-100.0
copico,16 Oct 2017,16 Nov 2017,31.0,181.0,12,blockchain,2,N/A,N/A,N/A,0.01,1095,0,N/A,0.32,0.88,1.25,107543,0.05,0.22,3.42,3.5,-0.076,-1.0,0.026,0.05
opus,24 Jul 2017,24 Aug 2017,31.0,265.0,12,entertainment,11,5737250.0,20000000.0,0.29,0.04,1608,0,3652,0.86,0.38,0.3,37435,-0.08,-0.0,-0.01,0.12,-0.152,8.2,0.036,0.032
starbase,9 Nov 2017,24 Nov 2017,15.0,173.0,8,saas,5,8842000.0,10000000.0,0.88,0.1,N/A,0,183,0.64,0.52,0.08,11977,0.31,0.15,2.32,2.33,1.889,7.2,0.298,-0.028
flypme,26 Sep 2017,19 Sep 2017,-7.0,239.0,5,other,1,1663417.0,N/A,N/A,0.07,21,0,N/A,0.38,0.7,1.58,15603,0.1,0.21,3.3,3.41,-0.549,15.8,0.025,-0.052
pluscoin,26 Sep 2017,10 Oct 2017,14.0,218.0,8,blockchain,13,4800000.0,N/A,N/A,14.5,114,0,241,0.22,0.7,-1.0,67444,-0.11,0.08,1.23,1.35,0.944,-0.6,0.032,-0.006
ccore,9 Nov 2017,30 Nov 2017,21.0,167.0,12,fintech,8,1400000.0,N/A,N/A,N/A,2081,0,4076,0.26,0.6,-1.0,0.0,-100.0,-100.0,-100.0,-100,-100.0,-100.0,-100.0,-100.0
fujinto,10 Aug 2017,10 Sep 2017,31.0,248.0,8,blockchain,4,60000.0,N/A,N/A,0.09,N/A,0,944,0.24,0.64,3.24,580241,-0.34,-0.24,-3.74,-3.6,0.299,-8.0,-0.002,-0.07
abjcoin,1 Sep 2017,30 Oct 2017,59.0,198.0,12,blockchain,10,N/A,1290000.0,N/A,0.5,1853,0,N/A,0.28,0.74,0.18,87523,0.09,0.23,3.57,3.6,0.329,-31.6,0.114,-0.106
bolenum,15 Jul 2017,14 Aug 2017,30.0,275.0,12,blockchain,N/A,19121.0,N/A,N/A,5.98,N/A,0,54633,0.42,0.9,-1.0,13218,-0.1,0.12,1.85,1.89,-0.233,-1.6,0.035,-0.076
iconic,01 Mar 2018,31 Mar 2018,30.0,46.0,12,fintech,N/A,N/A,N/A,N/A,N/A,3076,0,N/A,0.28,0.7,-1.0,0.0,-100.0,-100.0,-100.0,-100,-100.0,-100.0,-100.0,-100.0
daostack,01 May 2018,07 Jun 2018,37.0,-22.0,7,transportation,9,30000000.0,30000000.0,1.0,1.0,25992,0,5420,0.32,0.62,0.31,1927100,-2.97,-5.14,-10.28,-10.28,2.03,nan,-0.034,nan
verime,1 Mar 2018,31 Mar 2018,30.0,46.0,7,saas,18,30000000.0,30000000.0,1.0,0.17,41052,0,9183,0.48,0.64,-0.19,95404,-1.2,-2.08,-4.17,-4.17,-0.725,nan,-0.038,nan
key,23 Sep 2017,23 Oct 2017,30.0,205.0,12,fintech,N/A,21780000.0,N/A,N/A,N/A,N/A,0,N/A,0.34,0.82,-1.0,0.0,-100.0,-100.0,-100.0,-100,-100.0,-100.0,-100.0,-100.0
transcodium,1 Mar 2018,30 Apr 2018,60.0,16.0,4,saas,7,10977534.0,30000000.0,0.37,0.38,6290,0,N/A,0.52,0.44,-0.63,488145,-0.53,-0.92,-1.84,-1.84,-0.273,nan,-0.013,nan
friendz,1 Mar 2018,20 Mar 2018,19.0,57.0,6,fintech,17,13754758.0,50300000.0,0.27,0.07,73088,0,56047,0.6,0.54,-1.0,0.0,-100.0,-100.0,-100.0,-100,-100.0,-100.0,-100.0,-100.0
peculium,21 Dec 2017,24 Jan 2018,34.0,112.0,5,fintech,52,9917634.0,2000000.0,1.0,0.01,N/A,0,16505,0.64,0.74,-0.58,69616,0.0,0.03,0.05,0.05,0.041,nan,0.012,nan
nitro,30 Nov 2017,26 Dec 2017,26.0,141.0,3,saas,11,2694156.0,58000000.0,0.05,0.97,16554,0,3767,0.84,0.7,0.58,131540,0.07,0.07,1.18,1.18,-0.436,nan,0.027,nan
anryze,12 Sep 2017,12 Oct 2017,30.0,216.0,2,blockchain,13,1759099.0,6000000.0,0.29,0.02,1033,0,N/A,0.5,0.62,0.29,670261,0.23,0.14,2.27,2.27,0.075,nan,0.017,nan
indicoin,30 Sep 2017,1 Nov 2017,32.0,196.0,12,blockchain,9,23000.0,N/A,N/A,0.02,N/A,0,17297,0.26,0.72,0.71,60496,0.16,0.05,0.73,0.73,-0.581,nan,0.012,nan
solomonexchange,N/A,27 Sep 2017,N/A,N/A,N/A,N/A,N/A,N/A,N/A,N/A,N/A,N/A,N/A,N/A,N/A,N/A,-1.0,0.0,-100.0,-100.0,-100.0,-100,-100.0,-100.0,-100.0,-100.0
hackspacecapital,N/A,20 Sep 2017,N/A,N/A,N/A,N/A,N/A,N/A,N/A,N/A,N/A,N/A,N/A,N/A,N/A,N/A,-1.0,0.0,-100.0,-100.0,-100.0,-100,-100.0,-100.0,-100.0,-100.0
impakfinance,N/A,20 Sep 2017,N/A,N/A,N/A,N/A,N/A,N/A,N/A,N/A,N/A,N/A,N/A,N/A,N/A,N/A,-1.0,0.0,-100.0,-100.0,-100.0,-100,-100.0,-100.0,-100.0,-100.0
modum.io,N/A,22 Sep 2017,N/A,N/A,N/A,N/A,N/A,N/A,N/A,N/A,N/A,N/A,N/A,N/A,N/A,N/A,-1.0,0.0,-100.0,-100.0,-100.0,-100,-100.0,-100.0,-100.0,-100.0
detectortoken,N/A,20 Sep 2017,N/A,N/A,N/A,N/A,N/A,N/A,N/A,N/A,N/A,N/A,N/A,N/A,N/A,N/A,-1.0,0.0,-100.0,-100.0,-100.0,-100,-100.0,-100.0,-100.0,-100.0
silentnotary,N/A,18 Sep 2017,N/A,N/A,N/A,N/A,N/A,N/A,N/A,N/A,N/A,N/A,N/A,N/A,N/A,N/A,-1.0,0.0,-100.0,-100.0,-100.0,-100,-100.0,-100.0,-100.0,-100.0
intelligenttradingtech,N/A,17 Sep 2017,N/A,N/A,N/A,N/A,N/A,N/A,N/A,N/A,N/A,N/A,N/A,N/A,N/A,N/A,-1.0,0.0,-100.0,-100.0,-100.0,-100,-100.0,-100.0,-100.0,-100.0
kybernetwork,N/A,16 Sep 2017,N/A,N/A,N/A,N/A,N/A,N/A,N/A,N/A,N/A,N/A,N/A,N/A,N/A,N/A,-1.0,0.0,-100.0,-100.0,-100.0,-100,-100.0,-100.0,-100.0,-100.0
kickico,N/A,16 Sep 2017,N/A,N/A,N/A,N/A,N/A,N/A,N/A,N/A,N/A,N/A,N/A,N/A,N/A,N/A,-1.0,0.0,-100.0,-100.0,-100.0,-100,-100.0,-100.0,-100.0,-100.0
smartinvestmentfundtoken,N/A,15 Sep 2017,N/A,N/A,N/A,N/A,N/A,N/A,N/A,N/A,N/A,N/A,N/A,N/A,N/A,N/A,-1.0,0.0,-100.0,-100.0,-100.0,-100,-100.0,-100.0,-100.0,-100.0
trackr,N/A,15 Sep 2017,N/A,N/A,N/A,N/A,N/A,N/A,N/A,N/A,N/A,N/A,N/A,N/A,N/A,N/A,-1.0,0.0,-100.0,-100.0,-100.0,-100,-100.0,-100.0,-100.0,-100.0
facecoin,N/A,15 Sep 2017,N/A,N/A,N/A,N/A,N/A,N/A,N/A,N/A,N/A,N/A,N/A,N/A,N/A,N/A,-1.0,0.0,-100.0,-100.0,-100.0,-100,-100.0,-100.0,-100.0,-100.0
icobox,N/A,15 Sep 2017,N/A,N/A,N/A,N/A,N/A,N/A,N/A,N/A,N/A,N/A,N/A,N/A,N/A,N/A,-1.0,0.0,-100.0,-100.0,-100.0,-100,-100.0,-100.0,-100.0,-100.0
social(scl),N/A,14 Sep 2017,N/A,N/A,N/A,N/A,N/A,N/A,N/A,N/A,N/A,N/A,N/A,N/A,N/A,N/A,-1.0,0.0,-100.0,-100.0,-100.0,-100,-100.0,-100.0,-100.0,-100.0
enigmacatalyst,N/A,12 Sep 2017,N/A,N/A,N/A,N/A,N/A,N/A,N/A,N/A,N/A,N/A,N/A,N/A,N/A,N/A,-1.0,0.0,-100.0,-100.0,-100.0,-100,-100.0,-100.0,-100.0,-100.0
ahoolee,N/A,11 Sep 2017,N/A,N/A,N/A,N/A,N/A,N/A,N/A,N/A,N/A,N/A,N/A,N/A,N/A,N/A,-1.0,0.0,-100.0,-100.0,-100.0,-100,-100.0,-100.0,-100.0,-100.0
stuffgogo,N/A,11 Sep 2017,N/A,N/A,N/A,N/A,N/A,N/A,N/A,N/A,N/A,N/A,N/A,N/A,N/A,N/A,-1.0,0.0,-100.0,-100.0,-100.0,-100,-100.0,-100.0,-100.0,-100.0
prospector,N/A,10 Sep 2017,N/A,N/A,N/A,N/A,N/A,N/A,N/A,N/A,N/A,N/A,N/A,N/A,N/A,N/A,-1.0,0.0,-100.0,-100.0,-100.0,-100,-100.0,-100.0,-100.0,-100.0
onegram,N/A,10 Sep 2017,N/A,N/A,N/A,N/A,N/A,N/A,N/A,N/A,N/A,N/A,N/A,N/A,N/A,N/A,-1.0,0.0,-100.0,-100.0,-100.0,-100,-100.0,-100.0,-100.0,-100.0
filecoin,N/A,10 Sep 2017,N/A,N/A,N/A,N/A,N/A,N/A,N/A,N/A,N/A,N/A,N/A,N/A,N/A,N/A,-1.0,0.0,-100.0,-100.0,-100.0,-100,-100.0,-100.0,-100.0,-100.0
alpencoin,N/A,10 Sep 2017,N/A,N/A,N/A,N/A,N/A,N/A,N/A,N/A,N/A,N/A,N/A,N/A,N/A,N/A,-1.0,0.0,-100.0,-100.0,-100.0,-100,-100.0,-100.0,-100.0,-100.0
hubii,N/A,07 Sep 2017,N/A,N/A,N/A,N/A,N/A,N/A,N/A,N/A,N/A,N/A,N/A,N/A,N/A,N/A,-1.0,0.0,-100.0,-100.0,-100.0,-100,-100.0,-100.0,-100.0,-100.0
worldwideanonymousmessaging,N/A,06 Sep 2017,N/A,N/A,N/A,N/A,N/A,N/A,N/A,N/A,N/A,N/A,N/A,N/A,N/A,N/A,-1.0,0.0,-100.0,-100.0,-100.0,-100,-100.0,-100.0,-100.0,-100.0
indorse,N/A,06 Sep 2017,N/A,N/A,N/A,N/A,N/A,N/A,N/A,N/A,N/A,N/A,N/A,N/A,N/A,N/A,-1.0,0.0,-100.0,-100.0,-100.0,-100,-100.0,-100.0,-100.0,-100.0
finshicapital,N/A,31 Aug 2017,N/A,N/A,N/A,N/A,N/A,N/A,N/A,N/A,N/A,N/A,N/A,N/A,N/A,N/A,-1.0,0.0,-100.0,-100.0,-100.0,-100,-100.0,-100.0,-100.0,-100.0
moeda,N/A,31 Aug 2017,N/A,N/A,N/A,N/A,N/A,N/A,N/A,N/A,N/A,N/A,N/A,N/A,N/A,N/A,-1.0,0.0,-100.0,-100.0,-100.0,-100,-100.0,-100.0,-100.0,-100.0
xplay,N/A,30 Aug 2017,N/A,N/A,N/A,N/A,N/A,N/A,N/A,N/A,N/A,N/A,N/A,N/A,N/A,N/A,-1.0,0.0,-100.0,-100.0,-100.0,-100,-100.0,-100.0,-100.0,-100.0
paquarium,N/A,24 Aug 2017,N/A,N/A,N/A,N/A,N/A,N/A,N/A,N/A,N/A,N/A,N/A,N/A,N/A,N/A,-1.0,0.0,-100.0,-100.0,-100.0,-100,-100.0,-100.0,-100.0,-100.0
monsterbyte,N/A,04 Aug 2017,N/A,N/A,N/A,N/A,N/A,N/A,N/A,N/A,N/A,N/A,N/A,N/A,N/A,N/A,-1.0,0.0,-100.0,-100.0,-100.0,-100,-100.0,-100.0,-100.0,-100.0
coindash,N/A,04 Aug 2017,N/A,N/A,N/A,N/A,N/A,N/A,N/A,N/A,N/A,N/A,N/A,N/A,N/A,N/A,-1.0,0.0,-100.0,-100.0,-100.0,-100,-100.0,-100.0,-100.0,-100.0
district0xnetwork,N/A,01 Aug 2017,N/A,N/A,N/A,N/A,N/A,N/A,N/A,N/A,N/A,N/A,N/A,N/A,N/A,N/A,-1.0,0.0,-100.0,-100.0,-100.0,-100,-100.0,-100.0,-100.0,-100.0
11.97,N/A,31 Jul 2017,N/A,N/A,N/A,N/A,N/A,N/A,N/A,N/A,N/A,N/A,N/A,N/A,N/A,N/A,-1.0,0.0,-100.0,-100.0,-100.0,-100,-100.0,-100.0,-100.0,-100.0
rootproject,N/A,28 Jul 2017,N/A,N/A,N/A,N/A,N/A,N/A,N/A,N/A,N/A,N/A,N/A,N/A,N/A,N/A,-1.0,0.0,-100.0,-100.0,-100.0,-100,-100.0,-100.0,-100.0,-100.0
geofounders,N/A,26 Jul 2017,N/A,N/A,N/A,N/A,N/A,N/A,N/A,N/A,N/A,N/A,N/A,N/A,N/A,N/A,-1.0,0.0,-100.0,-100.0,-100.0,-100,-100.0,-100.0,-100.0,-100.0
primalbase,N/A,26 Jul 2017,N/A,N/A,N/A,N/A,N/A,N/A,N/A,N/A,N/A,N/A,N/A,N/A,N/A,N/A,-1.0,0.0,-100.0,-100.0,-100.0,-100,-100.0,-100.0,-100.0,-100.0
eros,N/A,23 Jul 2017,N/A,N/A,N/A,N/A,N/A,N/A,N/A,N/A,N/A,N/A,N/A,N/A,N/A,N/A,-1.0,0.0,-100.0,-100.0,-100.0,-100,-100.0,-100.0,-100.0,-100.0
gilgam,N/A,20 Jul 2017,N/A,N/A,N/A,N/A,N/A,N/A,N/A,N/A,N/A,N/A,N/A,N/A,N/A,N/A,-1.0,0.0,-100.0,-100.0,-100.0,-100,-100.0,-100.0,-100.0,-100.0
gilgam.es,N/A,20 Jul 2017,N/A,N/A,N/A,N/A,N/A,N/A,N/A,N/A,N/A,N/A,N/A,N/A,N/A,N/A,-1.0,0.0,-100.0,-100.0,-100.0,-100,-100.0,-100.0,-100.0,-100.0
coindash,N/A,17 Jul 2017,N/A,N/A,N/A,N/A,N/A,N/A,N/A,N/A,N/A,N/A,N/A,N/A,N/A,N/A,-1.0,0.0,-100.0,-100.0,-100.0,-100,-100.0,-100.0,-100.0,-100.0
sumerchain,N/A,17 Jul 2017,N/A,N/A,N/A,N/A,N/A,N/A,N/A,N/A,N/A,N/A,N/A,N/A,N/A,N/A,-1.0,0.0,-100.0,-100.0,-100.0,-100,-100.0,-100.0,-100.0,-100.0
bitquence,N/A,16 Jul 2017,N/A,N/A,N/A,N/A,N/A,N/A,N/A,N/A,N/A,N/A,N/A,N/A,N/A,N/A,-1.0,0.0,-100.0,-100.0,-100.0,-100,-100.0,-100.0,-100.0,-100.0
orocrypt,N/A,14 Jul 2017,N/A,N/A,N/A,N/A,N/A,N/A,N/A,N/A,N/A,N/A,N/A,N/A,N/A,N/A,-1.0,0.0,-100.0,-100.0,-100.0,-100,-100.0,-100.0,-100.0,-100.0
fuck,N/A,13 Jul 2017,N/A,N/A,N/A,N/A,N/A,N/A,N/A,N/A,N/A,N/A,N/A,N/A,N/A,N/A,-1.0,0.0,-100.0,-100.0,-100.0,-100,-100.0,-100.0,-100.0,-100.0
tezos,N/A,13 Jul 2017,N/A,N/A,N/A,N/A,N/A,N/A,N/A,N/A,N/A,N/A,N/A,N/A,N/A,N/A,-1.0,0.0,-100.0,-100.0,-100.0,-100,-100.0,-100.0,-100.0,-100.0
insurex,N/A,13 Jul 2017,N/A,N/A,N/A,N/A,N/A,N/A,N/A,N/A,N/A,N/A,N/A,N/A,N/A,N/A,-1.0,0.0,-100.0,-100.0,-100.0,-100,-100.0,-100.0,-100.0,-100.0
nimiq,N/A,12 Jul 2017,N/A,N/A,N/A,N/A,N/A,N/A,N/A,N/A,N/A,N/A,N/A,N/A,N/A,N/A,-1.0,0.0,-100.0,-100.0,-100.0,-100,-100.0,-100.0,-100.0,-100.0
leviarcoin,N/A,09 Jul 2017,N/A,N/A,N/A,N/A,N/A,N/A,N/A,N/A,N/A,N/A,N/A,N/A,N/A,N/A,-1.0,0.0,-100.0,-100.0,-100.0,-100,-100.0,-100.0,-100.0,-100.0
onplace,N/A,06 Jul 2017,N/A,N/A,N/A,N/A,N/A,N/A,N/A,N/A,N/A,N/A,N/A,N/A,N/A,N/A,-1.0,0.0,-100.0,-100.0,-100.0,-100,-100.0,-100.0,-100.0,-100.0
santiment,N/A,05 Jul 2017,N/A,N/A,N/A,N/A,N/A,N/A,N/A,N/A,N/A,N/A,N/A,N/A,N/A,N/A,-1.0,0.0,-100.0,-100.0,-100.0,-100,-100.0,-100.0,-100.0,-100.0
openanx,N/A,04 Jul 2017,N/A,N/A,N/A,N/A,N/A,N/A,N/A,N/A,N/A,N/A,N/A,N/A,N/A,N/A,-1.0,0.0,-100.0,-100.0,-100.0,-100,-100.0,-100.0,-100.0,-100.0
crypviser,N/A,04 Jul 2017,N/A,N/A,N/A,N/A,N/A,N/A,N/A,N/A,N/A,N/A,N/A,N/A,N/A,N/A,-1.0,0.0,-100.0,-100.0,-100.0,-100,-100.0,-100.0,-100.0,-100.0
rialto.ai,N/A,03 Jul 2017,N/A,N/A,N/A,N/A,N/A,N/A,N/A,N/A,N/A,N/A,N/A,N/A,N/A,N/A,-1.0,0.0,-100.0,-100.0,-100.0,-100,-100.0,-100.0,-100.0,-100.0
encryptotel,N/A,01 Jul 2017,N/A,N/A,N/A,N/A,N/A,N/A,N/A,N/A,N/A,N/A,N/A,N/A,N/A,N/A,-1.0,0.0,-100.0,-100.0,-100.0,-100,-100.0,-100.0,-100.0,-100.0
air,N/A,29 Jun 2017,N/A,N/A,N/A,N/A,N/A,N/A,N/A,N/A,N/A,N/A,N/A,N/A,N/A,N/A,-1.0,0.0,-100.0,-100.0,-100.0,-100,-100.0,-100.0,-100.0,-100.0
21million,N/A,28 Jun 2017,N/A,N/A,N/A,N/A,N/A,N/A,N/A,N/A,N/A,N/A,N/A,N/A,N/A,N/A,-1.0,0.0,-100.0,-100.0,-100.0,-100,-100.0,-100.0,-100.0,-100.0
silvercoin,N/A,27 Jun 2017,N/A,N/A,N/A,N/A,N/A,N/A,N/A,N/A,N/A,N/A,N/A,N/A,N/A,N/A,-1.0,0.0,-100.0,-100.0,-100.0,-100,-100.0,-100.0,-100.0,-100.0
idice,N/A,26 Jun 2017,N/A,N/A,N/A,N/A,N/A,N/A,N/A,N/A,N/A,N/A,N/A,N/A,N/A,N/A,-1.0,0.0,-100.0,-100.0,-100.0,-100,-100.0,-100.0,-100.0,-100.0
nvo,N/A,25 Jun 2017,N/A,N/A,N/A,N/A,N/A,N/A,N/A,N/A,N/A,N/A,N/A,N/A,N/A,N/A,-1.0,0.0,-100.0,-100.0,-100.0,-100,-100.0,-100.0,-100.0,-100.0
masknetwork,N/A,24 Jun 2017,N/A,N/A,N/A,N/A,N/A,N/A,N/A,N/A,N/A,N/A,N/A,N/A,N/A,N/A,-1.0,0.0,-100.0,-100.0,-100.0,-100,-100.0,-100.0,-100.0,-100.0
footballcoin,N/A,23 Jun 2017,N/A,N/A,N/A,N/A,N/A,N/A,N/A,N/A,N/A,N/A,N/A,N/A,N/A,N/A,-1.0,0.0,-100.0,-100.0,-100.0,-100,-100.0,-100.0,-100.0,-100.0
internetofcoins,N/A,21 Jun 2017,N/A,N/A,N/A,N/A,N/A,N/A,N/A,N/A,N/A,N/A,N/A,N/A,N/A,N/A,-1.0,0.0,-100.0,-100.0,-100.0,-100,-100.0,-100.0,-100.0,-100.0
bidlend,N/A,14 Jun 2017,N/A,N/A,N/A,N/A,N/A,N/A,N/A,N/A,N/A,N/A,N/A,N/A,N/A,N/A,-1.0,0.0,-100.0,-100.0,-100.0,-100,-100.0,-100.0,-100.0,-100.0
superdao,N/A,13 Jun 2017,N/A,N/A,N/A,N/A,N/A,N/A,N/A,N/A,N/A,N/A,N/A,N/A,N/A,N/A,-1.0,0.0,-100.0,-100.0,-100.0,-100,-100.0,-100.0,-100.0,-100.0
aira,N/A,11 Jun 2017,N/A,N/A,N/A,N/A,N/A,N/A,N/A,N/A,N/A,N/A,N/A,N/A,N/A,N/A,-1.0,0.0,-100.0,-100.0,-100.0,-100,-100.0,-100.0,-100.0,-100.0
embermine,N/A,02 Jun 2017,N/A,N/A,N/A,N/A,N/A,N/A,N/A,N/A,N/A,N/A,N/A,N/A,N/A,N/A,-1.0,0.0,-100.0,-100.0,-100.0,-100,-100.0,-100.0,-100.0,-100.0
adel,N/A,01 Jun 2017,N/A,N/A,N/A,N/A,N/A,N/A,N/A,N/A,N/A,N/A,N/A,N/A,N/A,N/A,-1.0,0.0,-100.0,-100.0,-100.0,-100,-100.0,-100.0,-100.0,-100.0
basicattentiontoken,N/A,31 May 2017,N/A,N/A,N/A,N/A,N/A,N/A,N/A,N/A,N/A,N/A,N/A,N/A,N/A,N/A,-1.0,0.0,-100.0,-100.0,-100.0,-100,-100.0,-100.0,-100.0,-100.0
exscudo,N/A,31 May 2017,N/A,N/A,N/A,N/A,N/A,N/A,N/A,N/A,N/A,N/A,N/A,N/A,N/A,N/A,-1.0,0.0,-100.0,-100.0,-100.0,-100,-100.0,-100.0,-100.0,-100.0
mysteriumnetwork,N/A,30 May 2017,N/A,N/A,N/A,N/A,N/A,N/A,N/A,N/A,N/A,N/A,N/A,N/A,N/A,N/A,-1.0,0.0,-100.0,-100.0,-100.0,-100,-100.0,-100.0,-100.0,-100.0
e4row,N/A,22 May 2017,N/A,N/A,N/A,N/A,N/A,N/A,N/A,N/A,N/A,N/A,N/A,N/A,N/A,N/A,-1.0,0.0,-100.0,-100.0,-100.0,-100,-100.0,-100.0,-100.0,-100.0
vivacoin,N/A,21 May 2017,N/A,N/A,N/A,N/A,N/A,N/A,N/A,N/A,N/A,N/A,N/A,N/A,N/A,N/A,-1.0,0.0,-100.0,-100.0,-100.0,-100,-100.0,-100.0,-100.0,-100.0
bitcoingrowthfund,N/A,17 May 2017,N/A,N/A,N/A,N/A,N/A,N/A,N/A,N/A,N/A,N/A,N/A,N/A,N/A,N/A,-1.0,0.0,-100.0,-100.0,-100.0,-100,-100.0,-100.0,-100.0,-100.0
legendsroom,N/A,15 May 2017,N/A,N/A,N/A,N/A,N/A,N/A,N/A,N/A,N/A,N/A,N/A,N/A,N/A,N/A,-1.0,0.0,-100.0,-100.0,-100.0,-100,-100.0,-100.0,-100.0,-100.0
nexxus,N/A,08 May 2017,N/A,N/A,N/A,N/A,N/A,N/A,N/A,N/A,N/A,N/A,N/A,N/A,N/A,N/A,-1.0,0.0,-100.0,-100.0,-100.0,-100,-100.0,-100.0,-100.0,-100.0
quantumresistantledger,N/A,07 May 2017,N/A,N/A,N/A,N/A,N/A,N/A,N/A,N/A,N/A,N/A,N/A,N/A,N/A,N/A,-1.0,0.0,-100.0,-100.0,-100.0,-100,-100.0,-100.0,-100.0,-100.0
creativechain,N/A,01 May 2017,N/A,N/A,N/A,N/A,N/A,N/A,N/A,N/A,N/A,N/A,N/A,N/A,N/A,N/A,-1.0,0.0,-100.0,-100.0,-100.0,-100,-100.0,-100.0,-100.0,-100.0
apptrade,N/A,30 Apr 2017,N/A,N/A,N/A,N/A,N/A,N/A,N/A,N/A,N/A,N/A,N/A,N/A,N/A,N/A,-1.0,0.0,-100.0,-100.0,-100.0,-100,-100.0,-100.0,-100.0,-100.0
backtoearth,N/A,28 Apr 2017,N/A,N/A,N/A,N/A,N/A,N/A,N/A,N/A,N/A,N/A,N/A,N/A,N/A,N/A,-1.0,0.0,-100.0,-100.0,-100.0,-100,-100.0,-100.0,-100.0,-100.0
iex.ec,N/A,19 Apr 2017,N/A,N/A,N/A,N/A,N/A,N/A,N/A,N/A,N/A,N/A,N/A,N/A,N/A,N/A,-1.0,0.0,-100.0,-100.0,-100.0,-100,-100.0,-100.0,-100.0,-100.0
blockchaincapital,N/A,10 Apr 2017,N/A,N/A,N/A,N/A,N/A,N/A,N/A,N/A,N/A,N/A,N/A,N/A,N/A,N/A,-1.0,0.0,-100.0,-100.0,-100.0,-100,-100.0,-100.0,-100.0,-100.0
cosmosnetwork,N/A,06 Apr 2017,N/A,N/A,N/A,N/A,N/A,N/A,N/A,N/A,N/A,N/A,N/A,N/A,N/A,N/A,-1.0,0.0,-100.0,-100.0,-100.0,-100,-100.0,-100.0,-100.0,-100.0
cosmos,N/A,05 Apr 2017,N/A,N/A,N/A,N/A,N/A,N/A,N/A,N/A,N/A,N/A,N/A,N/A,N/A,N/A,-1.0,0.0,-100.0,-100.0,-100.0,-100,-100.0,-100.0,-100.0,-100.0
equibit,N/A,31 Mar 2017,N/A,N/A,N/A,N/A,N/A,N/A,N/A,N/A,N/A,N/A,N/A,N/A,N/A,N/A,-1.0,0.0,-100.0,-100.0,-100.0,-100,-100.0,-100.0,-100.0,-100.0
chainofpoints,N/A,31 Mar 2017,N/A,N/A,N/A,N/A,N/A,N/A,N/A,N/A,N/A,N/A,N/A,N/A,N/A,N/A,-1.0,0.0,-100.0,-100.0,-100.0,-100,-100.0,-100.0,-100.0,-100.0
cashscripter,N/A,30 Mar 2017,N/A,N/A,N/A,N/A,N/A,N/A,N/A,N/A,N/A,N/A,N/A,N/A,N/A,N/A,-1.0,0.0,-100.0,-100.0,-100.0,-100,-100.0,-100.0,-100.0,-100.0
augmentors,N/A,28 Feb 2017,N/A,N/A,N/A,N/A,N/A,N/A,N/A,N/A,N/A,N/A,N/A,N/A,N/A,N/A,-1.0,0.0,-100.0,-100.0,-100.0,-100,-100.0,-100.0,-100.0,-100.0
lykke(2ndround),N/A,27 Feb 2017,N/A,N/A,N/A,N/A,N/A,N/A,N/A,N/A,N/A,N/A,N/A,N/A,N/A,N/A,-1.0,0.0,-100.0,-100.0,-100.0,-100,-100.0,-100.0,-100.0,-100.0
contingency,N/A,27 Feb 2017,N/A,N/A,N/A,N/A,N/A,N/A,N/A,N/A,N/A,N/A,N/A,N/A,N/A,N/A,-1.0,0.0,-100.0,-100.0,-100.0,-100,-100.0,-100.0,-100.0,-100.0
dfinity,N/A,13 Feb 2017,N/A,N/A,N/A,N/A,N/A,N/A,N/A,N/A,N/A,N/A,N/A,N/A,N/A,N/A,-1.0,0.0,-100.0,-100.0,-100.0,-100,-100.0,-100.0,-100.0,-100.0
betking,N/A,31 Dec 2016,N/A,N/A,N/A,N/A,N/A,N/A,N/A,N/A,N/A,N/A,N/A,N/A,N/A,N/A,-1.0,0.0,-100.0,-100.0,-100.0,-100,-100.0,-100.0,-100.0,-100.0
ether.camp,N/A,22 Dec 2016,N/A,N/A,N/A,N/A,N/A,N/A,N/A,N/A,N/A,N/A,N/A,N/A,N/A,N/A,-1.0,0.0,-100.0,-100.0,-100.0,-100,-100.0,-100.0,-100.0,-100.0
virtualaccelerator,N/A,21 Dec 2016,N/A,N/A,N/A,N/A,N/A,N/A,N/A,N/A,N/A,N/A,N/A,N/A,N/A,N/A,-1.0,0.0,-100.0,-100.0,-100.0,-100,-100.0,-100.0,-100.0,-100.0
mysterium(1stround),N/A,18 Dec 2016,N/A,N/A,N/A,N/A,N/A,N/A,N/A,N/A,N/A,N/A,N/A,N/A,N/A,N/A,-1.0,0.0,-100.0,-100.0,-100.0,-100,-100.0,-100.0,-100.0,-100.0
vdice,N/A,15 Dec 2016,N/A,N/A,N/A,N/A,N/A,N/A,N/A,N/A,N/A,N/A,N/A,N/A,N/A,N/A,-1.0,0.0,-100.0,-100.0,-100.0,-100,-100.0,-100.0,-100.0,-100.0
beyondthevoid,N/A,30 Nov 2016,N/A,N/A,N/A,N/A,N/A,N/A,N/A,N/A,N/A,N/A,N/A,N/A,N/A,N/A,-1.0,0.0,-100.0,-100.0,-100.0,-100,-100.0,-100.0,-100.0,-100.0
massnetwork,N/A,30 Nov 2016,N/A,N/A,N/A,N/A,N/A,N/A,N/A,N/A,N/A,N/A,N/A,N/A,N/A,N/A,-1.0,0.0,-100.0,-100.0,-100.0,-100,-100.0,-100.0,-100.0,-100.0
arcadecity,N/A,29 Nov 2016,N/A,N/A,N/A,N/A,N/A,N/A,N/A,N/A,N/A,N/A,N/A,N/A,N/A,N/A,-1.0,0.0,-100.0,-100.0,-100.0,-100,-100.0,-100.0,-100.0,-100.0
etcwin,N/A,23 Nov 2016,N/A,N/A,N/A,N/A,N/A,N/A,N/A,N/A,N/A,N/A,N/A,N/A,N/A,N/A,-1.0,0.0,-100.0,-100.0,-100.0,-100,-100.0,-100.0,-100.0,-100.0
kibolotto,N/A,09 Nov 2016,N/A,N/A,N/A,N/A,N/A,N/A,N/A,N/A,N/A,N/A,N/A,N/A,N/A,N/A,-1.0,0.0,-100.0,-100.0,-100.0,-100,-100.0,-100.0,-100.0,-100.0
lykke(1stround),N/A,09 Oct 2016,N/A,N/A,N/A,N/A,N/A,N/A,N/A,N/A,N/A,N/A,N/A,N/A,N/A,N/A,-1.0,0.0,-100.0,-100.0,-100.0,-100,-100.0,-100.0,-100.0,-100.0
antshares,N/A,07 Sep 2016,N/A,N/A,N/A,N/A,N/A,N/A,N/A,N/A,N/A,N/A,N/A,N/A,N/A,N/A,-1.0,0.0,-100.0,-100.0,-100.0,-100,-100.0,-100.0,-100.0,-100.0
metaverse,N/A,05 Sep 2016,N/A,N/A,N/A,N/A,N/A,N/A,N/A,N/A,N/A,N/A,N/A,N/A,N/A,N/A,-1.0,0.0,-100.0,-100.0,-100.0,-100,-100.0,-100.0,-100.0,-100.0
icoo,N/A,30 Jul 2016,N/A,N/A,N/A,N/A,N/A,N/A,N/A,N/A,N/A,N/A,N/A,N/A,N/A,N/A,-1.0,0.0,-100.0,-100.0,-100.0,-100,-100.0,-100.0,-100.0,-100.0
breakoutcoin,N/A,07 Jul 2016,N/A,N/A,N/A,N/A,N/A,N/A,N/A,N/A,N/A,N/A,N/A,N/A,N/A,N/A,-1.0,0.0,-100.0,-100.0,-100.0,-100,-100.0,-100.0,-100.0,-100.0
plutus,N/A,01 Jun 2016,N/A,N/A,N/A,N/A,N/A,N/A,N/A,N/A,N/A,N/A,N/A,N/A,N/A,N/A,-1.0,0.0,-100.0,-100.0,-100.0,-100,-100.0,-100.0,-100.0,-100.0
mycelium(2ndround),N/A,17 May 2016,N/A,N/A,N/A,N/A,N/A,N/A,N/A,N/A,N/A,N/A,N/A,N/A,N/A,N/A,-1.0,0.0,-100.0,-100.0,-100.0,-100,-100.0,-100.0,-100.0,-100.0
thedao,N/A,01 May 2016,N/A,N/A,N/A,N/A,N/A,N/A,N/A,N/A,N/A,N/A,N/A,N/A,N/A,N/A,-1.0,0.0,-100.0,-100.0,-100.0,-100,-100.0,-100.0,-100.0,-100.0
projectdecorum,N/A,01 May 2016,N/A,N/A,N/A,N/A,N/A,N/A,N/A,N/A,N/A,N/A,N/A,N/A,N/A,N/A,-1.0,0.0,-100.0,-100.0,-100.0,-100,-100.0,-100.0,-100.0,-100.0
ionomy,N/A,01 Apr 2016,N/A,N/A,N/A,N/A,N/A,N/A,N/A,N/A,N/A,N/A,N/A,N/A,N/A,N/A,-1.0,0.0,-100.0,-100.0,-100.0,-100,-100.0,-100.0,-100.0,-100.0
digixglobal,N/A,29 Mar 2016,N/A,N/A,N/A,N/A,N/A,N/A,N/A,N/A,N/A,N/A,N/A,N/A,N/A,N/A,-1.0,0.0,-100.0,-100.0,-100.0,-100,-100.0,-100.0,-100.0,-100.0
spellsofgenesis,N/A,01 Sep 2015,N/A,N/A,N/A,N/A,N/A,N/A,N/A,N/A,N/A,N/A,N/A,N/A,N/A,N/A,-1.0,0.0,-100.0,-100.0,-100.0,-100,-100.0,-100.0,-100.0,-100.0
neucoin,N/A,30 Apr 2015,N/A,N/A,N/A,N/A,N/A,N/A,N/A,N/A,N/A,N/A,N/A,N/A,N/A,N/A,-1.0,0.0,-100.0,-100.0,-100.0,-100,-100.0,-100.0,-100.0,-100.0
dacplay,N/A,21 Feb 2015,N/A,N/A,N/A,N/A,N/A,N/A,N/A,N/A,N/A,N/A,N/A,N/A,N/A,N/A,-1.0,0.0,-100.0,-100.0,-100.0,-100,-100.0,-100.0,-100.0,-100.0
getgems,N/A,04 Jan 2015,N/A,N/A,N/A,N/A,N/A,N/A,N/A,N/A,N/A,N/A,N/A,N/A,N/A,N/A,-1.0,0.0,-100.0,-100.0,-100.0,-100,-100.0,-100.0,-100.0,-100.0
storjcoinx,N/A,17 Aug 2014,N/A,N/A,N/A,N/A,N/A,N/A,N/A,N/A,N/A,N/A,N/A,N/A,N/A,N/A,-1.0,0.0,-100.0,-100.0,-100.0,-100,-100.0,-100.0,-100.0,-100.0
